"sex","race","x","lx","dx","Lx","pr_lost_none","pr_lost_mom","pr_lost_dad","pr_lost_both","mx_lost_none_to_lost_mom","mx_lost_none_to_lost_dad","mx_lost_none_to_lost_both","mx_lost_dad_to_lost_both","mx_lost_mom_to_lost_both","Lx_lost_mom","Lx_lost_dad","Lx_lost_both","Lx_lost_none","dx_lost_mom_to_dead","dx_lost_dad_to_dead","dx_lost_both_to_dead","dx_lost_none_to_dead","dx_lost_none_to_lost_mom","dx_lost_none_to_lost_dad","dx_lost_none_to_lost_both","dx_lost_mom_to_lost_both","dx_lost_dad_to_lost_both","ex_lost_none","ex_lost_mom","ex_lost_dad","ex_lost_both","ex","lx_lost_mom","lx_lost_dad","lx_lost_both","lx_lost_none"
"all","all","[0,5)",1e+05,622.649806022644,497176.765625,0.995745633507072,0.00205003330231408,0.00220433319061398,0,0,0.000356574336729696,0,0,0,1019.22892666805,1095.9432460693,0,495061.593452263,1.27645283802582,1.37252763354507,0,620.000825551073,0,176.305182942444,0,0,0,45.7085762558163,3.066411713068,8.81674715430867,19.4032244227055,76.9949595458984,0,0,0,1e+05
"all","all","[5,10)",99377.34375,54.2464866638184,496742.390625,0.98777756665095,0.00499759853725448,0.00580553549537462,0.00141929931642083,0,0.000473707577759577,0,0.0435974292798994,0,2482.51904477979,2883.85558083068,705.026135451311,490670.989863938,0.271102162402293,0.314929903826163,0.076992001440189,53.5834625961497,0,232.409183193066,0,0,125.714959604499,41.0133323988082,3.07536839733787,8.86096104963358,19.5247967902196,72.4744586359992,-1.27645283802582,174.932655308899,0,99203.6939915065
"all","all","[10,15)",99323.09375,81.4530305862427,496460.4609375,0.972559936448622,0.00675579789220827,0.0200586134602704,0.000625652198899482,0,0.002010099507583,0,0.00993857730008529,0,3353.98653556631,9958.30848425301,310.611579052197,482837.554338629,0.550280212348515,1.63383485569703,0.0509612676933096,79.2179542505039,0,970.392294247826,0,0,98.9551806548348,36.0955836845893,3.05205377611742,8.83676578594257,19.5283628701416,67.5127661167909,-1.54755500042811,281.31194899364,125.637967603058,98917.7013457173
"all","all","[15,20)",99241.6328125,289.950328826904,495584.84375,0.955324897066262,0.012057381661079,0.031221458776539,0.00139626249612002,0,0.00305914687555819,0,0,0,5975.45560653994,15472.8817694182,691.966530973626,473444.539843068,3.49604177742133,9.05267223871312,0.404846769878675,276.996768040891,0,1447.48901101351,0,0,0,31.2599400071142,3.02076284220534,8.74367524523859,19.5412625689062,62.5656406634643,-2.09783521277663,1151.11522773093,224.5421869902,97868.0910972189
"all","all","[20,25)",98951.671875,536.829673767091,493497.6640625,0.938864599074858,0.015597986175722,0.043205332236899,0.00233208251252081,0.00158744895639635,0.00227981007600845,0,0,0,7697.56974179798,21321.7305339539,1150.87727233002,463327.486514418,8.37346183013644,23.1939044097333,1.25193109439448,504.010376432827,734.708644190976,1055.14962431263,0,0,0,26.5669381655785,2.96922705423714,8.61292902081444,19.591531919481,57.740626160111,-5.59387699019796,2589.55156650573,224.137340220321,96143.6053181645
"all","all","[25,30)",98414.84375,689.753570556641,490410.8828125,0.897833645923217,0.0320670878669562,0.0665042586458762,0.00359500756395058,0.00150126699466283,0.00281628019337348,0,0.00723628784127368,0,15726.04887006,32614.412193315,1763.03083315462,440307.39091597,22.1183883535865,45.8715498582154,2.47966930341304,619.283963041426,660.089242914213,1238.28490687341,0,0,235.675334666274,22.0039516302064,2.90720790227793,8.44325880277935,19.6867046364918,53.0411229717554,720.741305370642,3621.50728640864,222.885409125927,93849.7366732281
"all","all","[30,35)",97725.09375,869.405639648438,486525.5390625,0.843459611772667,0.045835125293798,0.0942000204122596,0.0165052425212758,0.00308558087313342,0.008176674318116,0,0.007063669117738,0,22299.9590415623,45830.7157107731,8030.22201502099,410364.642295144,39.8493164244208,81.8980290014165,14.3497509317623,733.308543290839,1263.95060846085,3349.42200658438,0,0,323.154510631757,17.6536855013592,2.76680586537056,8.16911555659702,19.8076139468486,48.3972208701754,1358.71215993127,4578.24530875756,456.081074488787,91332.078560399
"all","all","[35,40)",96855.6875,1062.03187561035,481705.484375,0.784968938925108,0.0567012262587531,0.134418029027323,0.0239118057888166,0.00599722481972382,0.0121065413820449,0.000653045878323537,0.00873820844570721,0.0251904233525745,27313.2916596292,64749.9017813392,11518.4479897828,378123.842944249,60.2185096729905,142.756231483734,25.3950999511273,833.6620345025,2262.69403719002,4567.67918822305,246.387797575052,686.516450306077,564.550704896782,13.5752836234651,2.56140253549721,7.76925844351942,19.9025040001349,43.8084486026166,2582.8134519677,7522.61477570877,764.885834188782,85985.397402063
"all","all","[40,45)",95793.65625,1322.72906494141,475798.9765625,0.706167295363491,0.0651988577482369,0.183807593300899,0.0448262535873724,0.00394555655463472,0.0108158660352187,0,0.00831167624022275,0.0351778365178871,31021.5497896551,87455.4647769841,21328.2855800029,335993.676415858,86.2404241445731,243.127646016029,59.2929884924514,934.068006288352,1321.99663415372,3623.95983837074,0,1088.23725549019,724.880710385764,9.77851375637364,2.3046736132926,7.1794625349308,20.0029139185799,39.2655638231769,4098.77252917865,11382.9870275513,2236.94568701556,78074.9743445723
"all","all","[45,50)",94470.9296875,1790.44799804688,468118.96875,0.562463839109283,0.0938813147043246,0.240449505301408,0.103205340884985,0.0103155243289447,0.0199020817107414,0.000800935240818529,0.0331070280313378,0.0290909443033327,43947.6242242827,112558.974458143,48312.3777445713,263299.992323003,168.089611966367,430.512335398268,184.783795975267,1007.06225470697,2705.68910142969,5220.17532636902,210.079651109248,1273.58800303272,3712.2401386085,6.35884404848384,2.00857091931052,6.3542457276501,20.057217395898,34.7788780913424,4246.29148369761,14038.9385095203,3990.77066439907,72194.9498657595
"all","all","[50,55)",92680.4765625,2565.52883911133,457393.171875,0.39564515509971,0.105335438471653,0.27342393922536,0.225595467203277,0.00661181763893012,0.0319750385806621,0.00192430973323525,0.0542893674178987,0.0480053997723128,48179.7103133933,125062.242828845,103185.826304729,180965.392428033,270.241105179463,701.477001386084,578.771677082801,1015.03905546298,1189.79892056047,5753.9194916917,346.280216493959,2299.91322221961,6751.46730837816,3.6407442990169,1.5731893412086,5.26251638948878,19.9234149960914,30.3998650258056,5510.30297012822,15116.3613618825,9001.89466117427,63051.9435321446
"all","all","[55,60)",90114.9453125,3739.42846679687,441757.1171875,0.214843198785483,0.0885169308462918,0.300194064159154,0.39644580620907,0.0197599986788078,0.0573760882872434,0.00169289235775277,0.0520380510972863,0.0672814862594157,39102.9841929432,132612.864379747,175132.756471993,94908.5121428162,331.002731000114,1122.55422908019,1482.48073328043,803.390773436137,1859.517073928,5399.3837519713,159.30984079162,2608.63653798204,6842.49947841844,1.73623280471942,1.08333004269519,4.02452981366495,19.3455787410178,26.1896714020973,4129.9475632896,13417.33654381,17820.7837311832,54746.9058479355
"all","all","[60,Inf)",86375.515625,86375.5059814453,1918323.68896484,0.0320863535483196,0.0305064487795077,0.11992627782819,0.817480919843984,0.0260145862353175,0.0695625478413882,0.0184531577105108,0.0960239062315704,0.162238579064894,58521.2433599222,230057.419687195,1568193.01381348,61552.0121042426,2635.00994902702,10358.6929278813,70610.3280817014,2771.47502283565,1529.15135086254,4088.92392286786,1084.68652107173,9066.90309787267,21096.3299375318,0.712609489608967,0.677521204203199,2.66345639759757,18.1555270896652,22.2091141810749,3049.82536823544,10851.6665882826,25948.7488550949,46525.3044078084
"female","all","[0,5)",1e+05,570.810375213622,497416.5,0.995290117573198,0.00297519036692507,0.00173469205987665,0,0,0.000359858219118568,0,0,0,1479.90877914959,862.864453001635,0,495073.726767849,1.69826952967646,0.990180225578283,0,568.121925458368,0,177.951906302733,0,0,0,45.6306844773029,3.25926284118158,9.43400359640519,21.5582818146025,79.8822327294922,0,0,0,1e+05
"female","all","[5,10)",99429.1953125,48.5401096343994,497017.7578125,0.986918506384773,0.00597805916065588,0.00558504270556291,0.00151839174900782,0,0.000957382866736771,0,0.0915111728399164,0,2971.20156009966,2775.86540280594,754.667662572867,490516.023187021,0.290175647059162,0.271098585240826,0.073702901964807,47.9051325001346,0,469.565772906027,0,0,253.997890107028,40.9134832900636,3.26308962190927,9.47948429256798,21.682043937745,75.3381011422859,-1.69826952967646,176.961726077155,0,99253.9261682389
"female","all","[10,15)",99380.65625,63.3018407821655,496768.890625,0.970775111720301,0.00837160094213763,0.0208532873375617,0,0,0.00277130222532108,0,0,0,4158.75091278091,10359.2644165649,0,482250.875295654,0.529937749931023,1.32005147482708,0,61.4518515574074,0,1336.29262221691,0,0,0,35.9977367102104,3.2347861838446,9.45618257360533,21.6850400783873,70.3737455460475,-1.98844517673562,392.258510290913,253.924187205063,98736.4552628327
"female","all","[15,20)",99317.359375,160.673711776733,496231.8203125,0.956391182913269,0.0100535643757507,0.0312639426524656,0.00229131005851501,0,0.00242297978465787,0,0,0,4988.89855080768,15514.1631725786,1137.02096123724,474591.737627877,1.61534350483821,5.02329371074658,0.36815329193297,153.666921269216,0,1149.55385439419,0,0,0,31.1650233348722,3.19497442202438,9.35790451152585,21.6988603740521,65.4167626424745,-2.51838292666664,1727.231081033,253.924187205063,97338.7107890584
"female","all","[20,25)",99156.6875,280.903316497803,495129.109375,0.922183368888505,0.0191106436574508,0.0567920627526814,0.00191392470136216,0.00293155767219697,0.00316613838209812,0,0,0,9462.23597369659,28119.4034503043,947.639832796257,456599.830118203,5.36824318378562,15.9530787779795,0.537627796139696,259.044366739898,1337.7893316061,1444.83807708452,0,0,0,26.4292419495346,3.14983822261429,9.21660681933902,21.7225539410687,60.5182409325566,-4.13372643150485,2871.76164171644,253.55603391313,96035.490013395
"female","all","[25,30)",98875.7890625,396.827178955078,493437.59375,0.892295851841272,0.0400281678715494,0.0629135042806473,0.00476247600653107,0.00029933898338191,0.00395599545133595,0,0.00495254976981029,0,19751.4028367584,31043.8881666229,2349.9847009548,440292.318045664,15.8842649352072,24.9657884218675,1.88987991851297,354.08724567949,131.690662758504,1740.39363991353,0,0,153.622756883923,21.8864119846951,3.06308845889645,8.95839929211957,21.7746818853979,55.6825816211091,1328.28736199081,4300.64664002299,253.01840611699,92993.8182379645
"female","all","[30,35)",98478.96875,545.525848388673,491094.8671875,0.830243467458216,0.049100697888851,0.103755691274697,0.0169001433782363,0.00239418513263663,0.00890317579996324,0,0,0,24113.1007085389,50953.8874264944,8299.57366778466,407728.305384682,26.7856998722914,56.601411507782,9.21946505430256,452.919271954297,975.092674319936,3626.04436155952,0,0,0,17.5036757448582,2.87486647249102,8.67926341459217,21.8385600052568,50.8963656371982,1444.0937598141,5862.45173463072,404.7512830824,90767.646689613
"female","all","[35,40)",97933.4453125,718.302093505859,487945.765625,0.76415477459015,0.0633918670877239,0.147166939838176,0.0252864184839501,0.00418139088383349,0.0116038676430607,0,0.00886279850926531,0.0222997767582123,30931.7931205177,71809.4851340271,12338.4008270652,372866.08654339,45.5345108403572,105.710320980613,18.1632873342866,548.893974350603,1556.80371490266,4320.31942380708,0,688.756671892216,635.496108521764,13.4378569762762,2.64466121833935,8.20731896633841,21.8754613176206,46.1652984785745,2392.40073426175,9431.89468468246,395.531818028097,85713.5903817792
"female","all","[40,45)",97215.140625,948.66537475586,483822.8671875,0.697894449323268,0.0611549503694089,0.186763891019033,0.0541867092882898,0.00568899776207031,0.00931933339690604,0,0.00852654784935032,0.0544714224978534,29588.1634304367,90360.6412399224,26216.7690513159,337657.293465825,58.0155839103713,177.176436664434,51.4050548737623,662.068299307293,1917.1650818007,3140.5708564922,0,1608.54915977221,768.95362786518,9.7016734090637,2.34602336847475,7.5292956767054,21.9101765436328,41.4871689978767,3214.91326643183,13011.0076789872,1701.62131110779,79287.5732687189
"female","all","[45,50)",96266.4765625,1338.21409606934,478180.1875,0.557631209057879,0.0925680523342409,0.251977770282756,0.097822968325124,0.0117794938387068,0.0273502124645925,0.00156209700207086,0.0135702572932583,0.043653319434096,44264.2086216971,120490.77743964,46777.0053355144,266648.196103148,123.875872479365,337.200204088506,130.908075132025,746.229944369441,3132.19057206736,7272.4752691955,415.364664181376,1926.87204542889,1630.51495779182,6.28975187329118,2.06178552838704,6.66484242166737,21.8537563633656,36.8701361867112,3465.51360454995,15205.4484709498,4027.71904387142,73567.7690311187
"female","all","[50,55)",94928.265625,1949.73864746094,470081.9375,0.371066126997897,0.110204290736518,0.281108180593129,0.237621401672457,0.00635959965209111,0.0412652470653258,0,0.0508553981388268,0.0369888801108936,51805.0465102356,132143.878180318,111701.528889654,174431.483919793,214.86956476501,548.087483819852,463.299630304628,723.481968571449,1104.71334877443,7168.10361774123,0,1908.2628699358,6692.35632926412,3.56947483407661,1.62455954091572,5.48951480265241,21.6690688055643,32.352617983209,4546.95625870905,20510.2085782649,7869.56263614148,62001.508581305
"female","all","[55,60)",92978.53125,2867.78482055664,458146.4453125,0.223481829932955,0.0809185939607102,0.304589043626952,0.391010532479382,0.0205834003794956,0.0642759138651169,0,0.0520969175151043,0.0781220183001434,37072.5661827849,139546.387618822,179140.085535177,102387.405975716,232.057115461311,873.495835821238,1121.33406972214,640.897799551949,2094.2891150056,6539.84979560753,0,2878.05492354405,7224.43020479999,1.7682853134033,1.10145397799494,4.18339842465773,20.9220942122739,27.9752319283299,3528.53717278267,20437.8683829222,16006.8822050368,53005.2096462179
"female","all","[60,Inf)",90110.7421875,90110.7440795898,2142949.53076172,0.0289438292433429,0.0304902220013692,0.116390913532509,0.824175035222779,0.0300233843136771,0.0774710786556925,0.0181289457627258,0.0868982276129126,0.166645923232688,65339.0069306548,249419.853539417,1766165.50499618,62025.165295469,2747.49659169526,10488.0718225176,74267.0256757468,2608.14998963022,1783.89988529883,4603.10026624512,1077.1678478626,10430.6200269643,20762.7483515939,0.688321545131752,0.725096756995954,2.76792585972082,19.5999440479714,23.7812882098199,2512.71424878291,18879.7921379085,24988.0332636587,43730.1729360528
"male","all","[0,5)",1e+05,686.668961524964,496907.890625,0.996176308972655,0.00117532745799708,0.00264836356934791,0,0,0.000353472294997576,0,0,0,584.029487946972,1315.99275485277,0,495007.8683822,0.80706088503463,1.81854906190468,0,684.043351578024,0,174.729776905554,0,0,0,45.7890752112614,2.87867419523255,8.20564458063862,17.3147742562756,74.1881682434082,0,0,0,1e+05
"male","all","[5,10)",99313.3359375,59.8123579025269,496405.203125,0.988620374027546,0.00403568762320083,0.00602185669780519,0.00132208165144732,0,0,0,0,0,2003.33633434406,2989.28099726363,656.288210734544,490756.297582658,0.241383992501686,0.360181448046853,0.0790768209127311,59.1317156410656,0,0,0,0,0,41.1213621432879,2.89269701116577,8.24912845365077,17.4344906379664,69.6976782460709,-0.80706088503463,172.91122784365,0,99141.2268715164
"male","all","[10,15)",99253.5234375,98.952470779419,496093.0703125,0.974246217038382,0.00522920691846324,0.0193078152932557,0.00121676074989859,0,0.00129348680477031,0,0.0200800232054202,0,2594.1733154798,9578.47336985785,603.626576252932,483316.797050909,0.51744294479877,1.9105560286203,0.120401482549884,96.4040703234501,0,625.039202116314,0,0,192.297603529855,36.2016705374081,2.87425618578272,8.22398194080983,17.4383848298013,64.7382934938019,-1.04844487753632,172.551046395603,-0.0790768209127311,99082.0951558754
"male","all","[15,20)",99154.5703125,413.635581970215,494892.6484375,0.954258510550705,0.0140613881277433,0.0311789708896896,0.000501130431862037,0,0.00369679593136692,0,0,0,6958.87761124651,15430.2434791542,248.005766636832,472255.521580462,5.81629046152817,12.8967317691891,0.207285377826239,394.715274361671,0,1744.37310892391,0,0,0,31.3634212554127,2.85096168027918,8.1355877837957,17.4497000530338,59.7996707725214,-1.56588782233509,603.382088953441,192.098125226393,98360.6518834356
"male","all","[20,25)",98740.9296875,780.082611083984,491866.6796875,0.955125704999473,0.0121737965476685,0.0299607896211459,0.00273970883171272,0.000322383045405396,0.00144560394907881,0,0,0,5987.88488709284,14736.7141117687,1347.57148636505,469794.509202273,9.49656699771041,23.3718909978014,2.13719921905231,745.07695386942,151.213584413913,678.059711571466,0,0,0,26.7120336508622,2.79242866810017,8.01339900248985,17.5202877930056,55.0381491144578,-7.38217828386326,2334.85846610816,191.890839848566,96221.56350015
"male","all","[25,30)",97960.84375,966.362808227539,487459.4296875,0.903363652964563,0.0241172024377279,0.0700899638255252,0.00242918077218369,0.00268679986403614,0.00169211145168584,0,0.00928331315673637,0,11756.1577459528,34166.013793208,1184.1270738165,440353.131074523,23.3059674743148,67.7323342710012,2.34746995269977,872.977036529523,1180.79521811586,743.649401436345,0,0,316.54502488985,22.1290103713265,2.75354016524736,7.92677690009141,17.6460498645671,50.4553773012324,134.334839132339,2989.54628668182,189.753640629514,94647.2132502952
"male","all","[30,35)",96994.484375,1179.09350585938,482109.6015625,0.856895367508407,0.0425152889874945,0.0844855638700096,0.016103779634089,0.00376660374727816,0.0074610723867496,0,0.015882623499712,0,20497.0290340755,40731.3015351535,7763.78678304093,413117.48421023,50.1295011448893,99.6163796979958,18.9878619863448,1010.35976303015,1552.24423922285,3074.76108659578,0,0,645.337757482938,17.8095013070491,2.65976938589393,7.65350467442759,17.809649874885,45.9324252422556,1291.82408977388,3348.91832895732,503.951195566664,91849.7915942135
"male","all","[35,40)",95815.3828125,1395.81063842773,475678.5703125,0.806417973213377,0.0498065086884656,0.121280253197389,0.022495264900769,0.007770377059706,0.0125973996310527,0.00129074172653597,0.00858241386881836,0.0289817500283197,23691.8888451864,57690.417448072,10700.5154467988,383595.748572443,69.5204546903037,169.284267644125,31.3991300627434,1125.60678603056,2971.93721575964,4818.12922302882,493.670171157852,684.61757577024,493.670171157852,13.7170658141067,2.4785783256938,7.32258659755697,17.9477863496712,41.4660170870287,2793.93882785184,5678.72527837217,1130.30109106326,86212.4265053647
"male","all","[40,45)",94419.5703125,1688.09075927734,468034.1875,0.714835940381089,0.069436238376459,0.180709857000691,0.0350179642417611,0.0021619997413599,0.0123468330514662,0,0.00807898159780922,0.0173723164068867,32498.5334115823,84578.3910945596,16389.6044417967,334567.658552062,117.214672362279,305.054639713197,59.1135018452213,1206.70794535665,720.726288991188,4115.95200301907,0,562.538514809979,680.842734404689,9.85717431661762,2.26429797926783,6.81983637971802,18.0997805712071,37.0410892468106,5011.73801315094,9833.90006259902,2770.85987908646,76803.0831093878
"male","all","[45,50)",92731.4765625,2234.16796875,458358.1640625,0.567640266348188,0.0952880036153364,0.228101110280059,0.108970619756417,0.00877505707015446,0.0120647589461707,0,0.0562241717586995,0.0139378377871092,43676.0343943064,104552.006128586,49947.5732083039,260182.550331304,212.889405483519,509.616194224019,243.458668194622,1268.20370084784,2271.98816796401,3123.73917980174,0,605.78226457182,5849.69720185514,6.42869635011787,1.95505901092988,6.03190685854093,18.2525282955171,32.6681905151058,5052.71111496987,12963.9546915002,3955.1276264559,70759.6968720209
"male","all","[50,55)",90497.3125,3165.63629150391,445064.78125,0.421570347460937,0.100199924934578,0.265318841058569,0.212910886545916,0.00684597865387493,0.0233499413975409,0.00371085289714586,0.0581269618878272,0.0607854571279595,44595.4576722743,118084.071957236,94759.1371463018,187626.114474188,317.196518778867,839.902952074763,673.998429306023,1334.53839134425,1275.34815325987,4349.89738438994,691.30063482089,2691.47434504639,6815.04734333295,3.71237493474826,1.52070233528804,5.02551524224971,18.1512166632994,28.4098091755854,6506.02761287854,9728.38047522278,10167.1484246882,64095.7658234073
"male","all","[55,60)",87331.6796875,4595.23516845703,425808.5546875,0.205670321536436,0.0965851780440843,0.295527282294993,0.402217218124486,0.0188099562474544,0.0494150565545648,0.00364615474503653,0.0519736275021425,0.0576376663538755,41126.7950671864,125838.044944756,171267.532320015,87576.1823555433,443.83160689986,1358.01736084048,1848.28270608459,945.103494632097,1629.52680304351,4280.87966129489,315.870319256345,2344.8710742109,6469.67858510283,1.69851124636188,1.06518066658785,3.85554878366028,17.7241202164701,24.3433609130801,4772.70490231315,6423.32756420501,19690.9723185825,56444.6812595924
"male","all","[60,Inf)",82736.4453125,82736.4432373047,1700138.04309082,0.0357368967798008,0.0305252987705827,0.12403316736918,0.809704637080437,0.0222429293108859,0.062121847555467,0.0187581908436206,0.105971665417802,0.157124629041762,51897.2217165812,210873.506449394,1376609.6571675,60757.6577573491,2525.55464903409,10262.0631115833,66992.081744788,2956.7437318994,1285.66164477267,3590.69956965564,1084.24057622509,7757.50487316173,21259.1287523768,0.734351802616902,0.627259504811484,2.54873781019856,16.6384916824498,20.5488408000768,3613.5290242459,2876.51127955658,26973.1095910679,49273.3009813655
"all","hispanic","[0,5)",1e+05,540.440454483032,497544.6796875,0.998247914026976,0,0.00175208597302414,0,0,0.000741568521126389,0,0,NA,0,871.741054233255,0,496672.938633267,0,0.94689813955451,0,539.493556343478,0,367.916945147034,0,NA,0,45.8355391406778,3.20635175371902,10.49599647308,18.3920194953161,77.929906862793,0,0,0,1e+05
"all","hispanic","[5,10)",99459.5546875,44.6135029792785,497179.7265625,0.989342090204215,0.0015669871894793,0.00493255012028023,0.00415837248602497,0,0,0,0,0,779.074262392261,2452.36392005675,2067.45849554692,491880.829884504,0.0699087876463263,0.220058339486563,0.185519563294225,44.1380162888514,0,0,0,0,0,41.0908835081297,3.22377449184577,10.5442650487311,18.4919584177744,73.350881466481,0,366.97004700748,0,99092.5894985095
"all","hispanic","[10,15)",99414.9375,70.8996000289917,496942.1171875,0.97285744196873,0.0100188409606792,0.0161484012788263,0.000975315791764146,0,0,0,0,0,4978.78403876478,8024.82072069329,484.675494485678,483453.836933556,0.710331816866236,1.14491519177644,0.0691494995380374,68.975203520811,0,0,0,0,0,36.1615692365145,3.21738472258769,10.5243293276095,18.4794613086798,68.3827445953914,-0.0699087876463263,366.749988667993,-0.185519563294225,99048.4514822206
"all","hispanic","[15,20)",99344.0390625,264.330093383789,496150.875,0.959873277174098,0.00849032364490795,0.0316363991809941,0,0,0.00390565712870966,0,0,0,4212.48150545427,15696.4271354995,0,476241.966359046,2.24424804191711,8.362452349839,0,253.723392992033,0,1859.04687432236,0,0,0,31.3209160607905,3.16956427423539,10.451062101067,18.4877707094846,63.4293131455775,-0.780240604512562,365.605073476217,-0.254669062832262,98979.4762786998
"all","hispanic","[20,25)",99079.7109375,477.817016601562,494273.859375,0.951339063627745,0.0181715875933652,0.0304893487788898,0,0.00123297283739966,0.00192665711810219,0,0,0,8981.74073074347,15070.0880907723,0,470222.030553484,8.68269377077571,14.5683296716536,0,454.565993159133,579.210523696989,905.080829447967,0,0,0,26.5978202532279,3.13550405653948,10.3205215760324,18.537092994752,58.5909388805517,-3.02448864642967,2216.28949544873,-0.254669062832262,96866.7060113854
"all","hispanic","[25,30)",98601.8984375,599.559226989746,491550.5,0.897130665098513,0.0260537121323884,0.0722481574402035,0.00456746532889551,0.00320259880784909,0.00273867801186475,0,0.00922399212460566,0,12806.7152255316,35513.6179138107,2245.13986615125,440985.026994506,15.6207435063082,43.3170494262819,2.73846598189506,537.882968075261,1410.57549837958,1206.24290873382,0,0,327.177775830476,21.9578156811685,3.05960736674632,10.2176958289028,18.6269214350448,53.8620403118625,567.503341279784,3106.80199522505,-0.254669062832262,94927.8486650813
"all","hispanic","[30,35)",98002.34375,711.315460205077,488285.953125,0.831312156248618,0.0351477704201964,0.113977322544359,0.0195627507868261,0,0.00780093130085228,0,0,0,17162.1625798443,55653.5255732078,9552.21641369223,405918.048558256,25.0011524916244,81.0738316385831,13.9152870788084,591.325188996061,0,3161.92592340315,0,0,0,17.5924086989952,2.94764766387554,9.91783003631415,18.7179674024421,49.175853801627,1962.45809615306,3942.5500787021,324.184640785748,91773.1472898927
"all","hispanic","[35,40)",97291.03125,873.162582397461,484347.234375,0.765125222719058,0.0624993782598261,0.150593368907543,0.0217820301135732,0.00558166279731052,0.0143835966514153,0,0.0147163222203398,0.0144181283637652,30271.4010103038,72939.4817455824,10550.0660445822,370586.285574532,54.5721185195855,131.492494887243,19.0192536638269,668.078715326805,2064.75869327384,5320.7542814776,0,435.670117707674,1071.46583002827,13.5488258189386,2.792798200802,9.41830969542454,18.75663600042,44.5165697155851,1937.45694366143,7023.40217046667,310.26935370694,88019.8961774935
"all","hispanic","[40,45)",96417.859375,1120.67872619629,479426.1328125,0.64389606718156,0.0634043631148624,0.227265086908257,0.0654344827953208,0,0.0158761041640494,0,0.0285572921652616,0.0319764547352733,30397.708611598,108956.821739722,31371.0010391467,308700.601422033,71.0559208908509,254.691148105234,73.331032828373,721.60062437183,0,4889.50669700353,0,969.738837036751,3104.23850229123,9.82798162829084,2.50412960403755,8.74710957722032,18.8170781323899,39.8962989419386,3511.97340070802,11141.1981270288,1798.38604777906,79966.3044874152
"all","hispanic","[45,50)",95297.1796875,1601.74249267578,472723.21875,0.540837764086247,0.0716813955494829,0.273633091726971,0.113847748637298,0.00597254372870299,0.0217457272541893,0,0.0439361087098193,0.0199977393321813,33885.4600286435,129352.715877688,53818.4741832647,255666.568660404,114.815137185907,438.28975042134,182.354776687832,866.282828380702,1521.80584921778,5540.81751999265,0,675.336553619029,5663.99824059155,6.70421046299232,2.21459971952299,7.70663687868567,18.7091726956099,35.3346197568109,2471.17864278042,12671.7751736358,5799.03235427867,74355.1971660399
"all","hispanic","[50,55)",93695.4296875,2370.33053588867,462945.0859375,0.381383606689622,0.108987821590394,0.255932495722997,0.253696075996988,0,0.0504788176930498,0,0.0563097850170964,0.0291900695978745,50455.3764323057,118482.691226682,117447.351704432,176559.666574081,258.337161555697,606.644609738416,601.343555770794,904.005208823765,0,8866.89010680889,0,1465.25506992043,6637.57484366529,4.09012245071458,1.89080351058213,6.45781811935547,18.4546132480721,30.8933573287243,3202.83280119326,12110.3047026156,11956.0123718014,66426.2909684487
"all","hispanic","[55,60)",91325.1015625,3557.11944580078,448274.1875,0.232321346856067,0.0735625743718692,0.292611481588485,0.401504597183578,0.0128917605722062,0.0238865111759297,0,0.0709371022042857,0.0241894109626045,32976.203256958,131170.174162249,179984.147079983,104143.663000809,261.670863781342,1040.85399122298,1428.19981022012,826.394780576345,1331.94148486965,2467.88908200912,0,791.345268507986,9230.99688474632,2.2629716297515,1.38739808419055,5.32805706191358,17.6475639086734,26.6259906845291,1479.24056971713,13732.9753560207,19457.4987296163,56655.3956528161
"all","hispanic","[60,Inf)",87767.984375,87767.9923095703,1983347.1159668,0.0516916328432644,0.0472575208519028,0.179199684859276,0.721851161445557,0,0.0755498131732296,0.0153815297252456,0.0517482095951244,0.290271608764248,93728.0676893623,355415.178147803,1431681.41921033,102522.450919303,4147.69772669917,15727.9965626063,63355.4271864081,4536.87083385676,0,7402.79226912599,1507.16811272972,26002.6381027587,17578.2034694479,1.16810761520126,1.06790725976909,4.04948547786225,16.312114598568,22.5976149514006,1758.16592229745,5929.01356206057,28051.6410726505,52029.170305361
"female","hispanic","[0,5)",1e+05,492.439646720886,497760.5703125,0.998476871055679,0,0.00152312894432062,0,0,0.00152545240503191,0,0,NA,0,758.153531984508,0,497002.416780516,0,0.750049079251602,0,491.689597641634,0,757.403482905256,0,NA,0,45.4515925123963,3.37737571438282,11.2557900378135,21.255089845759,81.3398481103516,0,0,0,1e+05
"female","hispanic","[5,10)",99507.5546875,42.1501245498657,497429.640625,0.987449319641724,0.00310523001452477,0.00592059076613178,0.0035248595776196,0,0,0,0,0,1544.63345018302,2945.07733708462,1753.36963294891,491186.560204784,0.1308858318682,0.249553638201239,0.148573270217453,41.6211118095788,0,0,0,0,0,40.68190447622,3.39408975026002,11.3038738996434,21.3602775311983,76.7401456573217,0,756.653433826004,0,98750.9069194531
"female","hispanic","[10,15)",99465.390625,62.7662954330445,497194.171875,0.971909421375035,0.00966438383444723,0.0184261947905174,0,0,0,0,0,0,4805.07531725013,9161.39665967875,0,483227.699898071,0.606597570931254,1.15654398592844,0,61.0031538761848,0,0,0,0,0,35.760883779813,3.3799991723312,11.2790566232422,21.3517043626746,71.7716439380611,-0.1308858318682,756.403880187803,-0.148573270217453,98709.2858076435
"female","hispanic","[15,20)",99402.6328125,153.379148483276,496668.0546875,0.961365388375091,0.00345396859465586,0.0351806430302531,0,0,0,0,0,0,1715.47586285945,17473.1015364912,0,477479.477288149,0.529766761936295,5.39597707107434,0,147.453404650266,0,0,0,0,0,30.9221444884077,3.33379361586866,11.1940131238926,21.3651847526908,66.8151359808597,-0.737483402799454,755.247336201875,-0.148573270217453,98648.2826537673
"female","hispanic","[20,25)",99249.25,234.722755432129,495685.15625,0.955193933532045,0.0204006031570721,0.0244054633108828,0,0.00256786361110563,0.0026313268655523,0,0,0,10112.2761635075,12097.4258946086,0,473475.454191884,4.78848578550536,5.72851759592813,0,224.205752050695,1215.24465977896,1245.2787241759,0,0,0,26.1590198119191,3.32166123983798,11.0352599613207,21.3982031596505,61.9141441727283,-1.26725016473575,749.8513591308,-0.148573270217453,98500.8292491171
"female","hispanic","[25,30)",99014.53125,288.862407684326,494380.0390625,0.885873162292861,0.0354892244747781,0.074240293381047,0.00439731985131423,0,0,0,0.0201205732092737,0,17545.1641821386,36702.9191417335,2173.94715986303,437958.008578765,10.2515028286339,21.44522989324,1.27022039960871,255.895454562843,0,0,0,0,738.052281267246,21.4391525776801,3.22740618584186,10.9392412926411,21.4489286383704,57.0547286945335,1209.18892382872,1989.40156571077,-0.148573270217453,95816.1001131115
"female","hispanic","[30,35)",98725.6640625,392.588859558106,492685.6796875,0.794541088629854,0.0366319392187763,0.139486111916533,0.029340860234837,0,0.0104696107451266,0,0,0,18048.031872274,68722.8098565636,14455.8216674166,391459.016291246,14.3812912413012,54.7606936015058,11.5188948580484,311.92797985725,0,4095.15775870989,0,0,0,17.0657716035301,3.05913309705516,10.5994823090509,21.4896672301944,52.2140542398305,1198.93742100008,1229.90405455029,736.63348759742,95560.2046585487
"female","hispanic","[35,40)",98333.0703125,481.785614013672,490505.546875,0.713696889828986,0.0756301368899058,0.189931698050392,0.0207412752307159,0,0.0178110592580992,0,0.0214608969324894,0.0219144149515335,37097.0016554144,93162.5514211048,10173.7105499272,350072.283248554,36.4375119394413,91.5063597658673,9.99284802245703,343.848894285906,0,6229.03386852611,0,812.160580978034,1997.38810546047,13.1529567204188,2.88780685569595,9.94292272900707,21.4284557516538,47.4121420567756,1184.55612975878,5270.30111965867,725.114592739372,91153.1189199815
"female","hispanic","[40,45)",97851.2890625,660.1240234375,487719.3828125,0.609390090829028,0.0593077677557934,0.251323582150703,0.0799785592644752,0,0.00693258905122236,0,0.031265468112515,0.0661498097579935,28925.5478858427,122575.382372768,39007.0935627028,297211.358991187,39.1504822720512,165.904734234047,52.7957683303999,402.273038601002,0,2057.65541957821,0,1910.82969283999,3827.18961977719,9.64012169686546,2.52290915428792,9.03979474237804,21.4299898923801,42.6328154859115,335.958036841306,9410.44052295845,3524.67043115542,84580.2361571695
"female","hispanic","[45,50)",97191.171875,1058.91479492188,483495.7578125,0.550244469293308,0.061243357551143,0.29127698741064,0.0972351857449085,0.00526037435393565,0.0293321547840446,0,0.00666341691442488,0.0459436995369557,29610.9035701718,140831.18776145,47012.7998177737,266040.866663105,64.8514974015957,308.4375113894,102.96377677226,582.662009358619,1396.40953180237,7786.46114759826,0,1357.4549389346,936.361670877754,6.64758911022724,2.24242964504138,7.84001438946878,21.1741972269849,37.9042303717223,-1614.02213827074,7475.00158852543,9209.8939754422,82120.3076989903
"female","hispanic","[50,55)",96132.2578125,1615.84396362305,476891.2734375,0.337491580267836,0.119666777377926,0.268402370099683,0.274439272254555,0,0.0882356638979694,0,0.065056924313232,0.0501974435224662,57068.0418519208,127998.748070481,130877.694026736,160946.789488363,193.362839872344,433.696349547691,443.451041453625,545.333732749385,0,14153.1289387973,0,2854.9634875657,8298.98991482228,3.95336713972354,1.95910785582477,6.46140028750179,20.9183918899259,33.292267172976,-1639.91904280457,14016.6635538565,11400.7468084823,72354.7750102311
"female","hispanic","[55,60)",94516.421875,2432.59558105469,466920.84375,0.224228840902375,0.0541233460838682,0.301498779151554,0.420149033862202,0,0.0309972239527786,0,0.076340804152451,0,25271.318420053,140776.064351039,196176.341391687,104697.119587222,131.660212515511,733.424597857455,1022.05268315759,545.458087524133,0,3228.41237656011,0,0,10690.9677343899,2.31810848600225,1.38881071693891,5.21761446756422,19.8913004836867,28.8158341541921,-4688.24537024261,19437.1062282839,22111.2491694166,57656.3123386844
"female","hispanic","[60,Inf)",92083.8359375,92083.8380737305,2256648.69384766,0.0506956179487226,0.0469696951482259,0.156149331886283,0.746185355016769,0,0.0684773576256476,0.0289232956289095,0.063474918212997,0.363503514915486,105994.101206667,352374.185846365,1683878.20676684,114402.200027785,4325.14980240172,14378.8297927377,68711.6114043532,4668.24707423787,0,7514.291140076,3173.86756180428,36957.021193222,21454.2275818768,1.24237005184528,1.15106087976839,3.8266671045886,18.2863603543812,24.5064583905834,-4819.90558275812,11241.1262725966,31780.1642206489,53882.4418746001
"male","hispanic","[0,5)",1e+05,585.253390312195,497340.359375,0.998031413113799,0,0.0019685868862008,0,0,0,0,0,NA,0,979.057709444018,0,496361.301665556,0,1.15212214927315,0,584.101268162922,0,0,0,NA,0,46.2735999026824,3.03519076837722,9.67442854273889,15.6064529724808,74.5896721862793,0,0,0,1e+05
"male","hispanic","[5,10)",99414.7421875,46.1982598304748,496948.078125,0.991270230011375,0,0.00392604645939789,0.00480372352922691,0,0,0,0,NA,0,1951.04124262724,2387.20117569316,492609.83570668,0,0.18137651443778,0.22192366775699,45.79495964828,0,0,0,NA,0,41.5531801190156,3.0530590348992,9.72153400289121,15.6983286674389,70.0261018242449,0,-1.15212214927315,0,99415.8987318371
"male","hispanic","[10,15)",99368.5390625,77.3270306587219,496714.0234375,0.973714149114759,0.0103391567375973,0.0140900050882568,0.00185668905938715,0,0,0,0,0,5135.60414208287,6998.70311764287,922.243492960578,483657.472684814,0.799496290033514,1.08953825544118,0.143572251818944,75.2944238614283,0,0,0,0,0,36.61509857368,3.05447860762869,9.70641980270201,15.6816041654017,65.0576011494124,0,-1.33349866371092,-0.22192366775699,99370.1037721888
"male","hispanic","[15,20)",99291.203125,370.184669494629,495671.5,0.958301427197039,0.0137958227021699,0.027902750100791,0,0,0.00803318832662006,0,0,0,6838.19613251863,13830.5979965842,0,475002.705870897,5.10700206740928,10.3291703240525,0,354.748497103167,0,3812.93643042922,0,0,0,31.772516405503,3.00513503013955,9.6434933012015,15.6845299841805,60.1056747210246,-0.799496290033514,-2.4230369191521,-0.365495919575934,99294.8093483274
"male","hispanic","[20,25)",98921.015625,701.894096374513,492960.5859375,0.947806049092466,0.0161286796401926,0.0360652712673416,0,0,0.00127578839156873,0,0,0,7950.80336582757,17778.7572559436,0,467231.025315729,11.320625021767,25.3140009866924,0,665.259470366054,0,595.239187968886,0,0,0,27.0895790688087,2.94725316679259,9.5397671389162,15.7432254687228,55.3198248432402,-5.9064983574428,3800.18422318602,-0.365495919575934,95127.124420795
"male","hispanic","[25,30)",98219.1171875,887.576416015625,488923.2890625,0.90619849383694,0.0184534821828872,0.0706435078258888,0.00470451615428376,0.00572440665467709,0.00489518281144479,0,0,0,9022.33720351346,34539.256197146,2300.14751160008,443061.548150241,16.3788755788952,62.7015114908742,4.17561758730679,804.320411358549,2531.6602175475,2164.9299794646,0,0,0,22.5261406575353,2.88736532477595,9.42692953739441,15.8557305051569,50.6961660248625,-17.2271233792098,4370.10941016821,-0.365495919575934,93866.62576246
"male","hispanic","[30,35)",97331.5390625,994.941940307617,484234.8203125,0.864623531900159,0.033803243117036,0.0908685873288795,0.010704637653925,0,0.00557929967664463,0,0,0,16368.7073567577,44001.7340572507,5183.55829085881,418680.820607633,33.6322642955538,90.4089685900075,10.6504929576861,860.250214464369,0,2331.14617329008,0,0,0,18.1794731483503,2.82099860578047,9.15803293917015,15.9766887490527,46.1351934423536,2498.05421858939,6472.33787814194,-4.54111350688272,88365.7151540894
"male","hispanic","[35,40)",96336.6015625,1234.68641662598,478704.1640625,0.826404321887846,0.0468535072965578,0.1037200359175,0.0230221348980961,0.0113254024514267,0.0108566095148049,0,0,0,22428.969043795,49651.2130904195,11020.7918413272,395603.190086958,57.849389030346,128.061719479296,28.4251172404101,1020.35019087592,4468.80946225,4283.83181399454,0,0,0,14.0212054230538,2.68022147812125,8.79586463455957,16.0878847877094,41.585176323444,2464.42195429384,8713.07508284201,-15.1916064645689,85174.3187663349
"male","hispanic","[40,45)",95101.9140625,1552.79315185547,471789.796875,0.680799139702054,0.0677855449159027,0.201535271713481,0.0498800436685627,0,0.0244376629147135,0,0.0249454625155169,0,31980.5284669349,95082.2849048511,23532.8956705073,321194.087832707,105.256929940205,312.942589774024,77.4533902227958,1057.14024191844,0,7823.39881176899,0,0,2364.06507634094,10.0434581111798,2.479176806455,8.38797516822408,16.1808662854497,37.0914763713085,6875.38202751349,12868.8451773573,-43.616723704979,75401.3272992145
"male","hispanic","[45,50)",93549.1171875,2105.61328125,462770.421875,0.531068597410454,0.0825216345842413,0.255309337133844,0.13110043087146,0.00673886052255526,0.013582491053011,0,0.0880982598358851,0,38188.571650364,118149.609654056,60669.40170238,245762.8388682,173.758649771038,537.582731096157,276.046808420544,1118.22509196226,1648.62592983247,3322.88327778308,0,0,10361.414907684,6.77673955037321,2.17846984828118,7.51081602719673,16.1978915977157,32.6639170235668,6770.12509757329,18015.2363230113,2242.99496241317,66520.788245527
"male","hispanic","[50,55)",91443.5078125,3059.06768798828,450079.0078125,0.430801861791845,0.096964331121708,0.241892600933954,0.230341206152493,0,0.0171758560702671,0,0.0453820141585422,0,43641.6099444611,108870.781825539,103671.741523449,193894.874519052,296.620452221814,739.965839480502,704.629340953339,1317.85205533263,0,3307.67522027742,0,0,4907.19422205402,4.24519107769577,1.8110127600911,6.3917123591362,15.907406576587,28.3553227735101,8244.99237763472,10439.1219620142,12328.3630616766,60431.0539459492
"male","hispanic","[55,60)",88384.4375,4614.90649414062,431050.5546875,0.240797373133375,0.0939230672429936,0.283302996910206,0.381976562713426,0.0254654064576975,0.0169512610253572,0,0.06491379460049,0.0387892117932331,40485.5902330437,122117.913962775,164651.209235247,103795.841256434,433.446172969297,1307.41684025041,1762.7861198757,1111.25736104521,2614.90466583561,1740.63318489093,0,1553.59109871931,7842.26779579468,2.19835408195902,1.37992335507557,5.38114888407119,15.2850134509178,24.2444397720236,7948.3719254129,8099.63712075709,16530.9279427773,55805.5266703392
"male","hispanic","[60,Inf)",83769.5390625,83769.5413208008,1711780.61706543,0.0528715226712278,0.0475984822389824,0.20650537792957,0.69302461716022,0,0.0835831218280615,0,0.0412440690933178,0.204666319458507,81478.1592984231,353491.90325961,1186306.10680405,90504.4477033432,3987.30302472583,17298.8607894387,58054.3543035352,4429.02320310107,0,7194.45269240584,0,15859.7683452258,13865.9690723325,1.08039806254417,0.972646623227003,4.21981435275502,14.1615451162857,20.4344041548119,8576.23931955991,690.58566960293,24164.0007174156,50338.7314585674
"all","non-hispanic asian","[0,5)",1e+05,362.157939434051,498350.3828125,1,0,0,0,0,0,0,NA,NA,0,0,0,498350.3828125,0,0,0,362.157939434051,0,0,0,NA,NA,48.2752370122542,2.26324956462713,9.3020332461802,23.8041788781104,83.6446987011719,0,0,0,1e+05
"all","non-hispanic asian","[5,10)",99637.84375,31.5537576675415,498105.3515625,1,0,0,0,0,0,0,NA,NA,0,0,0,498105.3515625,0,0,0,31.5537576675415,0,0,0,NA,NA,43.4490867674254,2.27147585640835,9.33584358722154,23.8907005432967,78.9471067543519,0,0,0,99637.842060566
"all","non-hispanic asian","[10,15)",99606.28125,46.7355589866638,497942.8515625,1,0,0,0,0,0,0,NA,NA,0,0,0,497942.8515625,0,0,0,46.7355589866638,0,0,0,NA,NA,38.4621122159444,2.2721956248388,9.33880186012887,23.898270851378,73.9713805522901,0,0,0,99606.2883028984
"all","non-hispanic asian","[15,20)",99559.546875,159.547185897827,497451.34375,0.969353146956683,0.00952790105244601,0.0211189519908709,0,0,0,0,0,0,4739.6671816563,10505.6510464505,0,482206.025521893,1.52014980043071,3.36946935925477,0,154.657566738142,0,0,0,0,0,33.4787091736442,2.27326221911064,9.3431855991261,23.9094889694478,69.0046459613287,0,0,0,99559.5527439117
"all","non-hispanic asian","[20,25)",99400,264.675407409668,496350.6484375,0.985923249111228,0.00566681514900018,0.0084099357397714,0,0,0,0,0,0,2812.72737378169,4174.27705775324,0,489363.644005965,1.4998666082769,2.22590316821312,0,260.949637633178,0,0,0,0,0,28.6812785690747,2.22922826238487,9.25249168583067,23.9478660745577,64.110864591848,-1.52014980043071,-3.36946935925477,0,99404.8951771736
"all","non-hispanic asian","[25,30)",99135.3203125,246.353748321533,495059.1484375,0.912814329649672,0.0218880774595785,0.0619107909737129,0.0033868019170362,0,0.0160130759350884,0,0,0,10835.892988073,30649.5034585384,1676.66727297443,451897.084717914,5.39220992571923,15.2519554179251,0.834351347084421,224.875231630804,0,7232.661388273,0,0,0,23.8215344270421,2.20680743470286,9.23508789428279,24.0118040705104,59.2752338265381,-3.02001640870761,-5.59537252746789,0,99143.9455395404
"all","non-hispanic asian","[30,35)",98888.96875,276.371566772461,493773.546875,0.842091399039009,0.0280840708919205,0.115575636335841,0.0142488937332297,0.00326784351179456,0.0174872089873916,0,0,0,13867.1712949925,57068.1918858832,7035.72679770178,415802.456896422,7.76163867374895,31.9418196948605,3.93798908582699,232.730119318025,1358.0168353468,7267.15466098446,0,0,0,19.3111363702248,2.1027286617265,8.94815573709052,24.0546670736524,54.4166878426942,-8.41222633442684,7211.81406032761,-0.834351347084421,91686.4089196366
"all","non-hispanic asian","[35,40)",98612.59375,348.474109649658,492227.75,0.860533637352791,0.0418436810718958,0.0621647532212762,0.035457928354037,0.00510310758941345,0,0,0,0,20596.6209857369,30599.216607414,17453.3762933689,423578.53611348,14.5814395059932,21.6628070303749,12.3561700131944,299.873693100096,2160.03655463421,0,0,0,0,15.1487335170689,1.96799911901931,8.39452315054226,24.0507363567887,49.5619921434192,1341.84297033862,14447.0269016172,-4.77234043291141,82828.5073039873
"all","non-hispanic asian","[40,45)",98264.1171875,481.997375488281,490200.3359375,0.742712126793978,0.0651066076524903,0.163898557087826,0.0282827084657065,0.00577851509442898,0,0,0,0,31915.2809430018,80343.1277441236,13864.1931911117,364077.734059263,31.3812140154456,78.9986743626481,13.6321912521707,357.985295858017,2101.76005837125,0,0,0,0,10.8918433164165,1.76537358298823,8.11289519897494,23.9584111151662,44.7285232135459,3487.29808546684,14425.3640945868,-17.1285104461058,80368.597056253
"all","non-hispanic asian","[45,50)",97782.1171875,770.236579895019,487127.984375,0.533111858684854,0.0588123240849673,0.30659752044495,0.101478296785229,0.0134914670003294,0.0184125316058152,0,0,0,28649.1288879194,149352.232148721,49432.9181707967,259693.705167563,45.2994033588827,236.152625551811,78.1622962494265,410.622254734899,3498.10915686209,4774.05795898564,0,0,0,7.22217573402326,1.44768388911062,7.33123169590663,23.9347233581384,39.9358146771789,5557.67692982265,14346.3654202242,-30.7607016982765,77908.8517020237
"all","non-hispanic asian","[50,55)",97011.8828125,1227.33122253418,482193.5390625,0.409620921477575,0.0781703388525997,0.271333601549698,0.240875138120127,0.0271675198049684,0.0194208528017344,0,0.0941806155830692,0.0529889044050837,37693.2323410499,130835.309597823,116148.435322313,197516.561801314,95.9408975498723,333.016200904592,295.633577747065,502.74054633265,5352.37689079721,3826.1764225002,0,1992.23928218969,12290.7863271241,4.60259007309862,1.16386223557556,5.84991351797588,23.6151999081693,35.2315657348194,9010.48668332586,18884.270753658,-108.922997947703,69226.0623314411
"all","non-hispanic asian","[55,60)",95784.5625,1793.15805053711,474738.6796875,0.303918687299487,0.0614717769314173,0.327166523361942,0.307443012407153,0,0.125247541416353,0,0.0333495060420419,0.0708081242033128,29183.0302184656,155318.603338798,145955.08978932,144281.956340917,110.228611685392,586.661285232704,551.293912779268,544.974240839746,0,18002.703618641,0,2058.59054711116,5160.23383641225,2.59947282218995,0.785254246648576,4.55893730340223,22.7051887485812,30.6488531208219,12274.6833943835,10086.6446481295,13878.469033619,59544.768471811
"all","non-hispanic asian","[60,Inf)",93991.3984375,93991.4031677246,2460948.30761719,0.0425475863670499,0.0187050675162722,0.114328777594251,0.824418568522427,0.0540963142898524,0,0,0.0451138705779492,0.100111715182152,46032.2042480354,281357.211732515,2028851.48097345,104707.410663188,1758.11554220145,10745.9222285344,77488.2580529498,3999.10734403897,5447.94802795045,0,0,4432.35495846779,12208.3226916145,1.11401056270924,0.489749115485761,2.99343574422509,21.5855015958992,26.1826970183192,10105.864235587,22342.4531451256,20545.9995043631,40997.0906123303
"female","non-hispanic asian","[0,5)",1e+05,343.180258274078,498446.078125,1,0,0,0,0,0,0,NA,NA,0,0,0,498446.078125,0,0,0,343.180258274078,0,0,0,NA,NA,47.615276316402,2.65076987458964,10.9045643317298,24.7656762692708,85.9362867919922,0,0,0,1e+05
"female","non-hispanic asian","[5,10)",99656.8203125,35.1984977722168,498190.5,1,0,0,0,0,0,0,NA,NA,0,0,0,498190.5,0,0,0,35.1984977722168,0,0,0,NA,NA,42.7776196365406,2.6598981045928,10.9421154493347,24.850959715162,81.2305929056301,0,0,0,99656.8197417259
"female","non-hispanic asian","[10,15)",99621.6171875,39.3354697227478,498026.8203125,1,0,0,0,0,0,0,NA,NA,0,0,0,498026.8203125,0,0,0,39.3354697227478,0,0,0,NA,NA,37.7919086218929,2.66083802835741,10.9459820464529,24.8597412574208,76.2584699541241,0,0,0,99621.6212439537
"female","non-hispanic asian","[15,20)",99582.28125,103.032704353333,497674.515625,0.977448505294127,0,0.022551494705873,0,0,0,0,0,NA,0,11223.3042043651,0,486451.211420635,0,2.32354148675596,0,100.709162866577,0,0,0,NA,0,32.8056777992591,2.66188908439938,10.95030581229,24.8695610889822,71.2874337849307,0,0,0,99582.285774231
"female","non-hispanic asian","[20,25)",99479.2421875,129.422155380249,497074.8515625,0.98970281624513,0.00474825437218145,0.00554892938268902,0,0,0,0,0,0,2360.23783723309,2758.23324923094,0,491956.380476036,0.614529315141414,0.718154400760408,0,128.089471664347,0,0,0,0,0,27.9496803618739,2.66464622799742,10.8488274059673,24.8953205962225,66.3584745920612,0,-2.32354148675596,0,99481.5766113644
"female","non-hispanic asian","[25,30)",99349.8203125,128.086090087891,496431.6015625,0.871358073138254,0.0364671468848852,0.0854862509213739,0.00668852905548659,0,0.0331284696269013,0,0,0,18103.4441324785,42438.0764564714,3320.39719111252,432569.683782438,4.67093426114574,10.9495996367911,0.856707535156529,111.608848654797,0,14326.674200352,0,0,0,23.0343309540752,2.64436059164846,10.8351972085443,24.9277514457214,61.4416401999894,-0.614529315141414,-3.04169588751636,0,99353.4871397
"female","non-hispanic asian","[30,35)",99221.734375,150.497665405273,495747.0234375,0.86345508521115,0.0278973508372884,0.105627816889928,0.00301974706163419,0,0.0105602157581463,0,0,0,13830.0286393774,52364.675815383,1497.03061733929,428055.2883654,4.19848617200376,15.8967398437899,0.45446488289038,129.94797450659,0,4518.98392290605,0,0,0,18.7044398005524,2.46531979137512,10.4214749497812,24.9264664170104,56.5177009587192,-5.28546357628716,14312.6829048277,-0.856707535156529,84915.2040906932
"female","non-hispanic asian","[35,40)",99071.234375,206.390296936035,494869.2265625,0.854488613549142,0.0466117166442748,0.072914563291261,0.0259851065153226,0.0102733040623445,0,0,0,0,23066.7041645027,36083.1735410888,12859.2295633819,422860.119293527,9.62020603891021,15.0488583686447,5.36307384961193,176.358158678868,4342.35880035368,0,0,0,0,14.4121719908488,2.3294680671518,9.90875050301427,24.9492217868475,51.5996123478624,-9.48394974829091,18815.77008789,-1.31117241804691,80266.2721932806
"female","non-hispanic asian","[40,45)",98864.8515625,311.008922576904,493608.421875,0.717304869030582,0.0536449730509394,0.211958415675085,0.0170917422433937,0.0113813131845181,0,0,0,0,26479.6104892011,104624.459064504,8436.62791585585,354067.724405439,16.6840652702397,65.9209584902158,5.31568434008005,223.088214476369,4027.21662315122,0,0,0,0,10.165104523819,2.10101536999789,9.56446052324934,24.8712351325465,46.7018155496127,4323.25464456647,18800.7212295213,-6.67424626765884,75747.555234248
"female","non-hispanic asian","[45,50)",98553.84375,512.034523010254,491587.8828125,0.528049583283977,0.0555553598274593,0.307574988080531,0.108820068808033,0.0259112188286888,0.0353624357986257,0,0,0,27310.3417164673,151200.137196588,53494.6272328513,259582.776666593,28.4462621699161,157.489012311699,55.719632026064,270.379616502575,6719.10026495674,9169.91799247156,0,0,0,6.60455037258985,1.8389639135325,8.5330462906672,24.8641174042427,41.8406779810323,8333.78720244745,18734.8002710311,-11.9899306077389,71497.2503966204
"female","non-hispanic asian","[50,55)",98041.8125,821.16160583496,488287.84375,0.386072895275806,0.108995807885563,0.311349219273311,0.193582077565319,0.0561342204020069,0.0401278600105454,0,0,0,53221.3280102309,152028.038932211,94523.7752430151,188514.701564543,89.503172632588,255.668024873933,158.962169674405,317.028238654034,10564.3296736204,7551.96988953163,0,0,0,3.99136897629908,1.5700099432546,7.03541026075323,24.4483415115009,37.0451306918078,15024.4412052343,27747.229251191,-67.7095626338028,55337.8525226896
"female","non-hispanic asian","[55,60)",97220.6484375,1179.94776916504,483336.0078125,0.245654077463884,0.0525051759288553,0.369865894723361,0.3319748518839,0,0.195174228447189,0,0.0132413719143889,0.0964976131473743,25377.6421229459,178769.504981588,160455.39960371,118733.461104256,61.9533652068707,436.422437369061,391.712985899302,289.858980689805,0,23117.1386589729,0,2442.90354030363,2361.37467060741,2.08604191072091,1.03584263310291,5.53109183445559,23.6825815931858,32.3355579714652,25499.267706222,35043.5311158487,-226.671732308208,36904.5247208835
"female","non-hispanic asian","[60,Inf)",96040.703125,96040.7018432617,2660347.90576172,0.0316022148613529,0.0283149621834738,0.134932287974105,0.805150534981069,0.137603143342081,0,0,0.0244144883108069,0,75327.6503465267,358966.829731546,2141980.53955981,84072.8861238322,2719.38884076624,12958.9916383501,77327.2224690595,3035.09889508589,11151.0542521622,0,0,0,8447.60431857388,0.875388073892052,0.784330475470233,3.73765307886532,22.3028410857421,27.7002127139697,22994.4108007115,55362.8726668451,4185.89349270353,13497.5270812208
"male","non-hispanic asian","[0,5)",1e+05,379.142685890198,498264.703125,1,0,0,0,0,0,0,NA,NA,0,0,0,498264.703125,0,0,0,379.142685890198,0,0,0,NA,NA,49.0112071358348,1.89564352300529,7.64735202971112,22.5841719550035,81.1383746435547,0,0,0,1e+05
"male","non-hispanic asian","[5,10)",99620.859375,28.142219543457,498031.7265625,1,0,0,0,0,0,0,NA,NA,0,0,0,498031.7265625,0,0,0,28.142219543457,0,0,0,NA,NA,44.1961255713016,1.90285803083627,7.6764565952241,22.6701236033214,76.4455638006834,0,0,0,99620.8573141098
"male","non-hispanic asian","[10,15)",99592.71875,53.8690929412841,497855.3671875,1,0,0,0,0,0,0,NA,NA,0,0,0,497855.3671875,0,0,0,53.8690929412841,0,0,0,NA,NA,39.2079293838534,1.90339569679163,7.67862563216863,22.6765292066128,71.4664799194265,0,0,0,99592.7150945663
"male","non-hispanic asian","[15,20)",99538.8515625,156.774261474609,497360.0859375,0.961284040840603,0.0190249043290143,0.0196910548303829,0,0,0,0,0,0,9462.22805203127,9793.54472263925,0,478104.31316283,2.98261532580632,3.08705057868931,0,150.704595570114,0,0,0,0,0,34.2275288817177,1.90442575260679,7.68278105450049,22.6888010063317,66.5035366951566,0,0,0,99538.8460016251
"male","non-hispanic asian","[20,25)",99382.0703125,299.614730834961,496194.7734375,0.982444508349885,0.00651226509151585,0.0110432265585994,0,0,0,0,0,0,3231.35190164965,5479.5913002632,0,487483.830235587,1.95117055252043,3.30871335290424,0,294.354846929536,0,0,0,0,0,29.4707545771187,1.8122194846835,7.59635672586223,22.7245939674925,61.603924755157,-2.98261532580632,-3.08705057868931,0,99388.1414060549
"male","non-hispanic asian","[25,30)",99082.4609375,328.19149017334,494597.9921875,0.955338779169117,0.00693335279344323,0.0377278680374395,0,0,0,0,0,0,3429.22237076462,18660.1277808325,0,472508.642035903,2.27546738517762,12.3819652322704,0,313.534057555892,0,0,0,0,0,24.639888333517,1.78508659023332,7.56402354015975,22.7933094730553,56.7823079369654,-4.93378587832675,-6.39576393159355,0,99093.7865591254
"male","non-hispanic asian","[30,35)",98754.265625,366.547569274902,492889.546875,0.816825111887816,0.0283048999417019,0.127340668859883,0.0275293193105995,0.00735326773659041,0.0261472644158765,0,0,0,13951.1893066077,62764.8845731071,13568.9137207786,402604.559274507,10.3750922722002,46.6764126404303,10.0908050770929,299.405259285179,2958.25750928417,10519.1792379059,0,0,0,19.9370844268192,1.75629426109748,7.40020630544157,22.8690596928365,51.9626446861947,-7.20925326350437,-18.7777291638639,0,98780.2525015695
"male","non-hispanic asian","[35,40)",98387.71875,506.83871459961,490728.6171875,0.86658468289461,0.037070895830577,0.0514042347498494,0.0449401865249635,0,0,0,0,0,18191.7494488409,25225.5290363752,22053.4355895437,425257.90311274,18.7889651918257,26.0536562655903,22.7774263721792,439.218666770015,0,0,0,0,0,15.9193402581016,1.62103931970144,6.78984189369946,22.8163464942577,47.1465679657601,2940.67316374846,10453.7250961016,-10.0908050770929,85003.4104950943
"male","non-hispanic asian","[40,45)",97880.875,677.916473388672,487821.0078125,0.77087313544083,0.077810504866709,0.110629758626931,0.0406866010655296,0,0,0,0,0,37957.5989024774,53967.5203474431,19847.7787362518,376048.109826328,52.7490230518315,74.9977358202091,27.5821171085156,522.587597408116,0,0,0,0,0,11.6571257550253,1.44357732009072,6.56728421724769,22.7091844672417,42.3771717596054,2921.88419855664,10427.671439836,-32.8682314492721,84564.1918283243
"male","non-hispanic asian","[45,50)",97202.9609375,1069.62983703613,483534.625,0.538722107459442,0.06242184318213,0.305514245401523,0.0933418039569045,0,0,0,0,0,30183.1225348801,147726.716082384,45133.9941731253,260490.792209611,66.7682659503968,326.787152521049,99.8411785550824,576.233240009605,0,0,0,0,0,7.8697351570642,1.06314675315914,6.0578813601066,22.6633741010239,37.6541373713539,2869.1351755048,10352.6737040158,-60.4503485577878,84041.6042309161
"male","non-hispanic asian","[50,55)",96133.3359375,1699.39419555664,476706.2734375,0.434475199437493,0.0456349250975151,0.229098244873995,0.290791630590997,0,0,0,0.229274031851612,0.186569702381613,21754.4550818359,109212.570564954,138622.194565848,207117.053224862,77.5517268253793,389.328227551081,494.169609142791,738.34463203739,0,0,0,4044.2534074993,24950.3435298614,5.24761532439638,0.761004380736777,4.58859858368855,22.4460438435584,33.0432621323801,2802.36690955441,10025.8865514948,-160.29152711287,83465.3709909065
"male","non-hispanic asian","[55,60)",94433.9375,2523.48471069336,466305.6015625,0.374929711571532,0.0723999805738553,0.275125908918593,0.277544398936019,0,0.0694084932575129,0,0.0662957192426286,0.048102153798759,33760.5164946049,128292.752463714,129420.507906163,174831.824698018,182.70024403262,694.276024671684,700.379047253623,946.129394735432,0,12069.1441100358,0,1615.1652815115,8459.23276978993,3.1488013896075,0.544332218503987,3.51467626310842,21.382046880284,28.5898567515039,-1319.43822477027,-15313.7852059177,28340.135801105,82727.0263588691
"male","non-hispanic asian","[60,Inf)",91910.453125,91910.4517822266,2233547.14404297,0.0548552956470452,0.00789905789716233,0.0911608096755188,0.846084836780274,0,0,0,0.0795656626930469,0.503638450010286,17642.918206837,203611.9660994,1889770.37080864,122521.88892809,726.005979982154,8378.6312021105,77764.0395945664,5041.77500556753,0,0,0,8520.00745289322,15533.8696708764,1.3330571742635,0.191957689326613,2.21532980391777,20.5609950397972,24.3013397073051,-3117.30375031439,-12398.1498903435,37714.1548051528,69711.7528540979
"all","non-hispanic black","[0,5)",1e+05,1206.47680664063,494553.421875,0.991986055500486,0,0.00801394449951336,0,0,0,0,0,NA,0,3963.32367495067,0,490590.098200049,0,9.6686381683681,0,1196.80816847226,0,0,0,NA,0,41.4981144399415,3.36326503100799,10.0883155266535,16.5957450060591,71.5454400036621,0,0,0,1e+05
"all","non-hispanic black","[5,10)",98793.5234375,104.503417015076,493684.0078125,0.982449249994973,0.00841798646501963,0.00717272894766914,0.00196003459233797,0,0,0,0.273262046654489,0,4155.82529576227,3541.06157383803,967.637732996548,485019.483209903,0.87970834998121,0.749574684354374,0.204830312367069,102.669303668373,0,0,0,0,967.432902684181,37.0390812927028,3.40433756584833,10.1713978206892,16.7984139330329,67.4132306122733,0,-9.6686381683681,0,98803.1918315277
"all","non-hispanic black","[10,15)",98689.0234375,138.346412658691,493197.3671875,0.949022899144124,0.00533331586624986,0.0456437849896265,0,0,0.00315893813776627,0,0,0,2630.37734361375,22511.3945853561,0,468055.59525853,0.737845117671349,6.31465391347945,0,131.293913627541,0,1478.14392110605,0,0,0,32.1636768915281,3.3658320473239,10.1462871202764,16.8063965484805,62.482192607609,-0.87970834998121,-977.851115536903,967.228072371814,98700.5225278594
"all","non-hispanic black","[15,20)",98550.6796875,580.748268127442,491514.53125,0.905732493914322,0.0380873917310643,0.0491208275738281,0.00705928678078584,0,0.00466836078072826,0,0,0,18720.5064932292,24143.6005395622,3469.74203301728,445180.682184191,22.119186785307,28.5268355424874,4.09966857215632,526.002577227491,0,2075.80846724444,0,0,0,27.4594378842109,3.34386633868362,9.93210575447056,16.8299890790433,57.5653990564083,-1.61755346765256,493.978151655667,967.228072371814,97091.0846931258
"all","non-hispanic black","[20,25)",97969.9296875,1033.56381225586,487361.9765625,0.909122615303115,0.0186590891745642,0.0700537097104818,0.00216458581183919,0.00132012721976122,0.00339104147318856,0,0,0,9093.73058097155,34141.514430036,1054.93681969709,443071.794731795,19.2853593404846,72.4049792710308,2.23723756363946,939.636236080704,583.670697161975,1499.28848608935,0,0,0,23.0781586998521,3.17260403227431,9.74454279325106,16.8943381517102,52.8896436770877,-23.7367402529596,2541.25978335762,963.128403799657,94489.2736486538
"all","non-hispanic black","[25,30)",96936.3671875,1108.55101013184,481955.84375,0.842356737487556,0.0512516180062175,0.0977292060964098,0.00866243840981655,0.00339584481757025,0,0,0,0,24701.0167997392,47101.1619832128,4174.91281273555,405978.752154312,56.8150329116834,108.337810137557,9.60275484940695,933.795412233188,1375.46981723556,0,0,0,0,18.7534755340419,3.11261987777617,9.49623639269523,17.0635875060263,48.4259193105396,540.648597568531,3968.14329017594,960.891166236018,91466.6782293218
"all","non-hispanic black","[30,35)",95827.8046875,1350.67376708984,475877.34375,0.740472955523779,0.0865105928241086,0.138115580680744,0.0349008709713687,0,0.0236121030233915,0,0,0,41168.4311193746,65726.0756648411,16608.5337724164,352374.303193368,116.847588302914,186.549091651861,47.1396908696151,1000.13739626545,0,8296.68300255943,0,0,0,14.7338764866805,2.89086291281406,9.11457273519619,17.2174169760844,43.9567291107752,1859.3033818924,3859.80548003838,951.288411386611,89157.4129998531
"all","non-hispanic black","[35,40)",94477.1328125,1678.17736816406,468346.25,0.690551614085317,0.0519195069933938,0.194257197113438,0.0632716818078513,0.010296297527932,0.0451603999932775,0.00335503579815285,0.0231315801426133,0.0446234088090101,24316.3064022047,90979.6298035894,29633.0549059004,323417.258888305,87.1301416025492,325.998031798756,106.181104455614,1158.86809030714,3318.06827252876,14553.3178296275,1081.18843738242,1081.18843738242,2096.96174854813,11.2147850333771,2.49644129163182,8.5491948810145,17.2877678313599,39.5481890373832,1742.45579358949,11969.939390946,904.148720516996,79860.5926010282
"all","non-hispanic black","[40,45)",92798.9609375,2140.7734375,458859.125,0.581650881695577,0.0886939609728341,0.262921832232925,0.0667333250986638,0,0.0272903447104522,0,0,0.0867786537658438,40698.0333247788,120644.081881797,30621.1951631134,266895.814630311,189.873675717305,562.856074583078,142.860929767272,1245.18275743235,0,7249.6973163603,0,3515.24356087743,0,7.93245386302842,2.27955471622549,7.72340318435973,17.2810736922929,35.2164854559066,3892.20548713328,24100.2974402266,5057.30623937434,59749.1499711823
"all","non-hispanic black","[45,50)",90658.1796875,2807.0126953125,446597.640625,0.506655144388769,0.105986664533968,0.270081094907687,0.117277096169576,0.0276571530533967,0.0162043949517787,0,0.0498502781184109,0,47333.3943185834,120617.57976319,52375.6744486839,226270.992094543,297.505912880675,758.121062169778,329.198297817385,1422.18742244466,6218.67780468952,3643.53883534202,0,0,5975.02735136804,5.17578957751875,1.88446620404271,6.57502401419111,17.3513795753273,30.9866593710798,187.088250538543,30787.1386820038,8429.68887048451,51254.2698973897
"all","non-hispanic black","[50,55)",87851.171875,3838.83422851563,430204.1953125,0.353449105406969,0.0809851361058357,0.320070024674867,0.245495733812329,0.00515417334976408,0.0416170341221086,0,0.107380911206852,0.132525384028575,34840.1453106843,137695.467408903,105613.294617385,152055.287975528,310.888512484079,1228.69576624372,942.41742591333,1356.8325238745,776.725962939521,6271.62276268053,0,4576.00301740276,14653.9262884461,2.76554841857472,1.40588769377234,5.4121318887071,17.3096019149415,26.8931699159956,6108.26014234739,27697.529103808,14075.5179240352,39969.8658349135
"all","non-hispanic black","[55,60)",84012.328125,5440.05065917969,407204.8828125,0.130684931754209,0.0742967286811804,0.359490251433763,0.435528088130848,0.0236967140966358,0.131223533448124,0,0.0150992311561591,0.0332456771948764,30253.9906959722,146386.185707322,177349.164088874,53215.5423203321,404.17796783695,1955.64517928092,2369.29486292749,710.932649134337,1244.18672413383,6889.84040336911,0,992.377238287097,2180.7901174419,1.08200050518852,1.05542529401076,4.02044162915611,16.8434270288825,23.0012944572379,1998.09457540007,18086.5298117987,32363.0298039707,31564.6845854189
"all","non-hispanic black","[60,Inf)",78572.2734375,78572.2804870606,1525187.41442871,0.0247089890701057,0.0383000442196575,0.125479973043468,0.811510993666769,0.0372325428744385,0.0493396182128817,0,0.0664371365504028,0.031009767677214,58414.7454158847,191380.475648751,1237706.35421109,37685.8391529819,3009.32181709375,9859.24763748015,63762.2694127186,1941.44161976806,1330.85481367636,1763.61492753824,0,1718.10931385614,12059.7506121816,0.479632795440989,0.743452401976767,2.43572531729,15.7524569426596,19.4112674573673,1845.72609340985,20839.934918445,33166.9022967722,22719.7248087817
"female","non-hispanic black","[0,5)",1e+05,1093.63224029541,495041.25,0.990559428514864,0,0.00944057148513609,0,0,0,0,0,NA,0,4673.47230871613,0,490367.777691284,0,10.3245133429583,0,1083.30772695245,0,0,0,NA,0,41.6202089887754,3.56963416624546,11.1237901522421,19.0370396126589,75.3506729199219,0,0,0,1e+05
"female","non-hispanic black","[5,10)",98906.375,87.4067144393921,494294.8125,0.981455119589041,0.00754713792080116,0.00703829128247016,0.0039594512076875,0,0,0,0.5625585882683,0,3730.51112347405,3478.99086978897,1957.13619230679,485128.17431443,0.659670529078174,0.615193916268132,0.346082621047048,85.7857673729987,0,0,0,0,1956.79010968574,37.1225122868597,3.60910423240712,11.1995363586573,19.2475354724697,71.1786883503939,0,-10.3245133429583,0,98916.6922730475
"female","non-hispanic black","[10,15)",98818.9765625,92.3290939331055,493900.53125,0.95314817816831,0,0.0468518218316903,0,0,0,0,0,NA,0,23140.1396927022,0,470760.391557298,0,4.32578625883526,0,88.0033076742702,0,0,0,NA,0,32.2460832698105,3.57454527246255,11.1742358649841,19.2447532976704,66.2396177049275,-0.659670529078174,-1967.72981694497,1956.4440270647,98830.9065056745
"female","non-hispanic black","[15,20)",98726.6484375,267.516887664795,493057.3359375,0.887935439495626,0.0324776339976427,0.066017602704763,0.0135693238019685,0,0.00915335595140743,0,0,0,16013.3356964309,32550.4633145908,6690.4546442719,437803.082282206,8.68831556576572,17.6608236066692,3.63002327121844,237.537725221142,0,4005.19318140151,0,0,0,27.5079180575422,3.57788814966903,10.9502999389005,19.2627507888866,61.2988569349983,-0.659670529078174,-1972.05560320381,1956.4440270647,98742.9031980003
"female","non-hispanic black","[20,25)",98459.125,495.627685546876,491123.625,0.858377127618923,0.030716671258233,0.106659766465343,0.00424643465750116,0,0,0,0,0,15085.6829362767,52383.1311481126,2085.5243823176,421569.286533293,15.2240326834223,52.8635331941881,2.10465058112334,425.435469088142,0,0,0,0,0,23.1361133163871,3.42497020773484,10.6494542688493,19.2471380426071,56.4576758355783,-9.34798609484389,2015.47675459104,1952.81400379348,94500.1722913776
"female","non-hispanic black","[25,30)",97963.5,612.067581176758,488347.0625,0.849956507863421,0.0705651023227377,0.0639702148615586,0.0155081749522821,0,0,0,0,0,34460.2604343209,31239.666515136,7573.37168268305,415073.76386786,43.1906114941685,39.1540946776717,9.49205113150931,520.230823873409,0,0,0,0,0,18.9498352600614,3.28830520416649,10.168611961499,19.323225957086,51.7299783828129,-24.5720187782662,1962.61322139685,1950.70935321236,94074.7368222895
"female","non-hispanic black","[30,35)",97351.421875,841.234481811524,484759.2265625,0.693313427877675,0.0821041616180943,0.193883064872473,0.0306993456317573,0,0.0397771908138278,0,0,0,39800.7498835499,93986.604571147,14881.7910444256,336090.081063378,69.0688518533672,163.101119610025,25.8253481144843,583.239162233648,0,13345.5196696466,0,0,0,14.8053145487883,2.95500179548911,9.91164928863724,19.3669228250736,47.0388884579883,-67.7626302724346,1923.45912671918,1941.21730208085,93554.5059984161
"female","non-hispanic black","[35,40)",96510.1875,1147.78495788574,479838.171875,0.71373672305975,0.0229625080780192,0.187828035327124,0.0754727335351067,0,0.0365422509235293,0,0.0203113406408364,0,11018.2878978216,90127.06109824,36214.6984858946,342478.124393044,26.3560213672803,215.586193617705,86.6264682821144,819.216274618644,0,12484.9855507225,0,0,1826.2225943078,11.4519344558085,2.56835970348201,9.02419287916129,19.3815361028066,42.4260231412584,-136.831482125802,15105.8776767557,1915.39195396636,79625.7471665359
"female","non-hispanic black","[40,45)",95362.40625,1616.28176879883,472966.25,0.613719106305911,0.07376864589106,0.206796226640472,0.105716021162557,0,0.0446869901270668,0,0,0.180266274362437,34890.0798146726,97807.635828294,50000.1100941754,290268.424262858,119.230917462697,334.240970975385,170.866877674993,991.943002685754,0,12926.895262066,0,6268.01138711927,0,7.9984371952102,2.4837312518283,8.18770746680672,19.2350534866457,37.904929400491,-163.187503493082,25549.0544395528,3654.98807999205,66321.5453411947
"female","non-hispanic black","[45,50)",93746.125,2153.71179199219,463609.5625,0.51259886328118,0.10557759443279,0.26972689272265,0.11209664956338,0.016109905377325,0.028024913455665,0,0.0210282741339672,0,48946.7823647882,125047.966729632,51969.0786617943,237645.734743785,227.383710100069,580.913989474184,241.423876007467,1103.99021641047,3810.6651221234,6629.0619190317,0,0,2617.327305667,5.04001411164341,2.15437714186052,7.28554753465796,19.0333293748388,33.5132681630007,-6550.42980807505,38141.7087306433,9752.13258943632,52402.707076443
"female","non-hispanic black","[50,55)",91592.421875,3021.29412841797,450868.859375,0.31361428669739,0.10871886434871,0.354013827581319,0.223653021372582,0.0100328633361437,0.0329085540579202,0,0.079791718060146,0.0780373250648465,49017.950361448,159613.810644567,100838.182642028,141398.915726956,328.471666505026,1069.57989865021,675.72156027592,947.521002986814,1409.12964863637,4622.05231578405,0,3799.59667615518,12650.5165597409,2.56392454048865,1.67063741017833,6.09159438877273,18.9134838954494,29.2396402348891,-2967.14839605172,41572.5293545338,12128.0360190959,40858.9898188774
"female","non-hispanic black","[55,60)",88571.1328125,4371.16906738282,432548.78125,0.119652127762423,0.074662946790457,0.357527800903768,0.448157124543351,0,0.268961495776584,0,0,0.0620830497953988,32295.3666387458,154648.214543918,193849.818029731,51755.3820376054,326.364363490095,1562.81446403996,1958.97056013113,523.019679721641,0,13779.5328119444,0,1984.73316016391,0,1.054939001841,1.17419494150453,4.49729002954641,18.4201506927745,25.1465746656664,-5686.08709007556,32474.4852119267,27902.427694716,33880.2868514702
"female","non-hispanic black","[60,Inf)",84199.96875,84199.9673461914,1794711.82324219,0.0232247650367853,0.0399531604709003,0.135777708044043,0.801044366448271,0.0677247820904188,0,0,0.0519858257417969,0,71704.4094730173,243681.857959369,1437643.79540626,41681.7604035404,3364.05480702695,11432.4785836491,67447.9094977951,1955.52445772029,2690.45067270323,0,0,0,12073.6757648667,0.495032967616635,0.851596628092778,2.89408489785656,17.0741606766482,21.3148751702142,-7997.18461372957,44691.2035598312,27928.1902947488,19577.7343598042
"male","non-hispanic black","[0,5)",1e+05,1295.13831710815,494131.515625,0.993477942213886,0,0.00652205778611351,0,0,0,0,0,NA,0,3222.7542988461,0,490908.761326154,0,8.44696694518917,0,1286.69135016296,0,0,0,NA,0,41.4174235744802,3.16788822466103,9.08262934224221,14.112192335179,67.7801334765625,0,0,0,1e+05
"male","non-hispanic black","[5,10)",98704.8671875,108.632306098938,493226.1640625,0.983423799255974,0.00927168211716713,0.00730451862685867,0,0,0,0,0,0,4573.03620505722,3602.77970264858,0,485050.348154794,1.00720420980415,0.793506703378305,0,106.831595185756,0,0,0,0,0,36.9873715466,3.20945492854299,9.169154528177,14.2973621638855,63.6633431672055,0,-8.44696694518917,0,98713.308649837
"male","non-hispanic black","[10,15)",98596.234375,165.147112846374,492728.9765625,0.945087627191293,0.0104209834448518,0.0444913893638549,0,0,0.00619807940306312,0,0,0,5134.72050755658,21922.1967470959,0,465672.059307847,1.72099532893714,7.34762449996453,0,156.078493017473,0,2885.30501248512,0,0,0,32.1085614276745,3.16660964021778,9.14271631099224,14.3131149223254,58.7310023012098,-1.00720420980415,-9.24047364856748,0,98606.4770546513
"male","non-hispanic black","[15,20)",98431.0859375,884.46216583252,490277.8203125,0.925031080172131,0.0441704429459957,0.030798476881873,0,0,0,0,0,0,21655.7884898004,15099.8101145896,0,453522.22170811,39.0670856337971,27.2400875672842,0,818.154992631439,0,0,0,0,0,27.4314883651055,3.1197569632471,8.93533983800696,14.3371295772758,53.8237147436353,-2.72819953874129,2868.71691433659,0,95565.0935491487
"male","non-hispanic black","[20,25)",97546.6171875,1551.21746826172,483974.3671875,0.961884833311856,0.00612231391454426,0.0319928527736001,0,0.00254501544332552,0.00653744032320098,0,0,0,2963.04300251478,15483.720675626,0,465527.603509359,9.49704029042284,49.6278720819338,0,1492.09255588936,1180.97754162803,3033.60446070438,0,0,0,23.0309264608615,2.92603972842089,8.86156197194925,14.4671263259219,49.2856544871535,-41.7952851725384,2841.47682676931,0,94746.9385565172
"male","non-hispanic black","[25,30)",95995.3984375,1576.9814453125,476068.6484375,0.832740161915109,0.0268127767897896,0.140447061295101,0,0.0077817072671067,0,0,0,0,12764.7224071715,66862.4426477776,0,396441.483382551,42.2832514948039,221.482409711042,0,1313.21578410665,3074.7725114101,0,0,0,0,18.5536118650662,2.94245598079452,8.84346215030433,14.7009050067823,45.0404350029473,1129.68521616507,5825.45341539176,0,89040.2639982955
"male","non-hispanic black","[30,35)",94418.4140625,1855.18411254883,467590.625,0.799060990862034,0.0919848662127415,0.0688335607447243,0.0401205821805003,0,0.00618732565464761,0,0,0,43011.2610829572,32185.9276896011,18760.008097144,373633.428130298,170.648862392808,127.698928303777,74.4310666474739,1482.40525520477,0,2302.61957123841,0,0,0,14.6647229124465,2.85640798494537,8.2830159540696,14.9464407714342,40.7505876228957,4162.17447608036,5603.97100568072,0,84652.2757027787
"male","non-hispanic black","[35,40)",92563.234375,2230.62564086914,457403.1875,0.659749472419049,0.0903897847826809,0.202798539418785,0.0470622033794853,0.0250945982019706,0.0575467904255513,0.00817704374601382,0.0266017709636443,0.0596837387139545,41344.5756770372,92760.6983504965,21526.4018365499,301771.511635916,201.625771608891,452.367621958352,104.978157574078,1471.65408972782,7535.90426523061,17281.2929670334,2455.5650720769,2455.5650720769,2455.5650720769,10.9221167427352,2.44898800589309,8.10130833706659,15.0433294041942,36.5157424898891,3991.52561368755,7778.89164861535,-74.4310666474739,80867.2508763355
"male","non-hispanic black","[40,45)",90332.609375,2697.50738525391,445161,0.537585613241295,0.109202985835757,0.340044588719844,0.0131668122031045,0,0,0,0,0,48612.9103776312,151374.589159115,5861.3512871462,239312.149176108,294.575860783731,917.272789387407,35.5175731581257,1450.14116192464,0,0,0,0,0,7.85115082139177,2.05176930431175,7.27447827029562,15.1764997498635,32.3538981458627,8870.23903523237,22152.2519216135,7187.28599200916,52122.8344822668
"male","non-hispanic black","[45,50)",87635.1015625,3504.45196533203,429801.1796875,0.498727570607945,0.106532271327849,0.270553520337967,0.12418663772624,0.0434869292081021,0,0,0.0881748458707293,0,45787.6958914982,116284.222209864,53375.563396162,214353.698189976,373.337227626164,948.141816075888,435.206106647698,1747.76681498228,9245.57908692696,0,0,0,10169.7411120563,5.36203852952412,1.56020546879682,5.77106668242671,15.5767660213586,28.2700767021063,8575.66317444864,21234.9791322261,7151.76841885103,50672.6933203422
"male","non-hispanic black","[50,55)",84130.65625,4692.8403930664,409547.859375,0.408229796346646,0.0428458186771725,0.273390636225973,0.275533748750209,0,0.0508172530310989,0,0.156510174319214,0.322660554994817,17547.4133224054,111966.549839516,112844.256986217,167189.639226861,201.068588562234,1282.97862076737,1293.03590578799,1915.75727794881,0,8398.76467842985,0,5596.98121895325,17323.1050257196,3.0375264418184,1.08095042732867,4.62927320418425,15.5911764791553,24.3389265524866,17447.9050337494,10117.0962040939,16886.3034242597,39679.3474184329
"male","non-hispanic black","[55,60)",79437.8125,6537.07263183593,381708.9765625,0.143270738218456,0.0738789608815811,0.361728940944114,0.421121359955849,0.0462726728396235,0,0,0.0321238164332368,0,28200.2625476093,138075.183840815,160745.803317355,54687.7268567207,482.952133247461,2364.64835998876,2752.90091684891,936.571221750799,2487.20963944865,0,0,0,4359.54032984232,1.1123097542502,0.92391335049003,3.49326390110559,15.09170021411,20.6211872199559,11649.8552262339,-90.2227639632092,38513.3537631445,29364.8254620543
"male","non-hispanic black","[60,Inf)",72900.7421875,72900.7362976074,1256393.02734375,0.0268003133657275,0.0359707447998273,0.110970099255481,0.826258842578964,0,0.109585749613976,0,0.0913516071709147,0.079541092287469,45193.3929548645,139422.05894823,1038105.84859733,33671.7268433275,2622.29378108074,8089.80194274312,60234.8779964154,1953.76257736814,0,3475.83689031446,0,3386.15172816093,11997.4127508348,0.46188455471035,0.619930491772327,1.91249162580043,14.2399901214631,17.2342967937462,13654.1127324351,-6814.41145379429,40119.9931761379,25941.0446008548
"all","non-hispanic white","[0,5)",1e+05,519.936834335327,497671.71875,0.995635409656575,0.00401050662824883,0.000354083715176486,0,0,0.000355635920279915,0,0,0,1995.91572673886,176.217451113267,0,495499.585572148,2.08521012037254,0.184101165958554,0,517.667523048996,0,176.033349947309,0,0,0,46.501338507248,3.06498312498246,8.19787792632322,19.6355168684483,77.399716427002,0,0,0,1e+05
"all","non-hispanic white","[5,10)",99480.0625,48.9043178558349,497269.9375,0.988182258725598,0.00717615956094539,0.00464158171345714,0,0,0.000978942931275081,0,0,0,3568.48841636134,2308.11904855197,0,491393.330035087,0.350945188152662,0.226993387468739,0,48.3263792802136,0,480.998718146181,0,0,0,41.7634866800838,3.06093893710116,8.23895315889261,19.7381428750593,72.8015216511368,-2.08521012037254,175.84924878135,0,99306.2991270037
"all","non-hispanic white","[10,15)",99431.15625,75.8908500671387,497006.9453125,0.979019820788901,0.00421440906373761,0.0163654479598956,0.000400322187465314,0,0.00268075806684857,0,0.0244614255867805,0,2094.59057506554,8133.7412992184,198.962907532954,486579.650530683,0.319835086377701,1.241987757406,0.0303807911074792,74.2986464322475,0,1304.20314662871,0,0,198.932526741846,36.8419826669527,3.02655545509807,8.21979233629456,19.7478512862494,67.8361817445947,-2.43615530852521,656.620973540062,0,98776.9740295773
"all","non-hispanic white","[15,20)",99355.2578125,244.048721313477,496249.65625,0.966161588250783,0.00745350284334245,0.0253397972216698,0.0010451116842049,0,0.00202182365343632,0,0,0,3698.79822386709,12574.8656606983,518.636314029542,479457.356051405,1.81901783822409,6.18414511029129,0.255058170159981,235.790500194801,0,968.901496468219,0,0,0,31.9727546838213,3.0077856407362,8.14420628207193,19.7609343195754,62.8856809262048,-2.75599039490291,1760.64960566952,198.902145950739,97398.4722365163
"all","non-hispanic white","[20,25)",99111.2109375,464.81916809082,494480.234375,0.937449662650776,0.0142028413201221,0.0463943279240566,0.00195316810504544,0.00208296606923283,0.00257728796181948,0,0,0,7023.02430476491,22941.0781455581,965.803022356645,463550.32890232,6.60175288694509,21.5649729097927,0.907869973728747,435.744572320354,964.651965326256,1193.57964313674,0,0,0,27.2139135726668,2.97787219795276,8.03738388056904,19.8043598605716,58.0335295117602,-4.57500823312699,2723.36695702745,198.647087780579,96193.7802398533
"all","non-hispanic white","[25,30)",98646.390625,662.817016601562,491655.828125,0.910594270834254,0.0306794515742284,0.0564666478273223,0.00225962976419485,0.000371975091343888,0.00208842649880193,0,0.010635153760097,0,15083.7311701481,27762.1564989849,1110.96014297112,447698.980312896,20.3348625634022,37.4270550503969,1.49772105892772,603.557377928835,166.308360785669,933.725928750443,0,0,294.856760593333,22.6430342304595,2.92070995629951,7.84269719475286,19.8878871509741,53.294328532486,953.475204206183,3895.3816272544,197.73921780685,93599.80405907
"all","non-hispanic white","[30,35)",97983.578125,876.807907104493,487807.890625,0.870992631269424,0.0436282185154459,0.0757304297932165,0.00964872042191376,0.00443877524712875,0.00432371136015513,0,0.0120948298871543,0,21282.1892457462,36941.9012135536,4706.72195624411,424877.078209456,38.2535669672256,66.401039651114,8.46007435937458,763.693226126779,1882.54399523999,1833.74386064627,0,0,446.002901607079,18.2270810425179,2.78652575570351,7.61241453722629,20.0110810605074,48.6371023959551,1099.44870242845,4496.82374036111,491.098257341255,91896.212391605
"all","non-hispanic white","[35,40)",97106.7734375,1075.58796691895,482921.3359375,0.80256421834655,0.0581415677472417,0.124234351870054,0.0150598620361542,0.00579553241865161,0.00668683799896232,0.000524399554187523,0.00338766461910633,0.0235164143194219,28077.8035699986,59995.4191744159,7272.72869353404,387575.384499552,62.5363706467359,133.624973949404,16.1982063895469,863.228415933259,2241.20283726927,2585.88153996059,202.791682249145,658.818630729268,202.791682249145,14.0162986878235,2.5925233217391,7.30072360782267,20.1432972516655,44.0528428690507,2943.73913070121,5818.16365974918,928.64108458896,87416.231309592
"all","non-hispanic white","[40,45)",96031.1875,1309.52276611328,477006.484375,0.746257187454024,0.0616937451491201,0.157499195658298,0.0345498717385581,0.00532963202201878,0.00846986447137481,0,0,0.0269595283304934,29428.316481509,75128.137612855,16480.5128536168,355969.517427019,80.7893637995636,206.248782359072,45.2438436079357,977.240776346711,1891.97820520677,3006.73647161599,0,791.195488759811,0,10.1373541445715,2.32917843763574,6.75774517669302,20.2931768786902,39.5174546375905,4463.58696659448,8067.62854351122,1976.84487342697,81523.1268341797
"all","non-hispanic white","[45,50)",94721.6640625,1745.3662109375,469472.4140625,0.58464161409405,0.101328265210288,0.216560880759435,0.0974692399362265,0.008727729803572,0.020830399413454,0.00129442130980349,0.0312570042551348,0.0406097060809937,47570.8252810393,101669.359481633,45759.1193696973,274473.10993013,176.854930310951,377.978043888383,170.11951799045,1020.41371874772,2386.6212465912,5696.12888276899,353.962997199235,1924.65520595441,3166.06514060808,6.5194445779243,2.05069723707427,6.05802444674902,20.399740440366,35.0279067021136,5483.58031924188,10868.1162327681,2722.79651857885,75647.1713810103
"all","non-hispanic white","[50,55)",92976.296875,2477.04965209961,459075.78125,0.403096355540109,0.109269067283897,0.271695140767079,0.215939436408915,0.00667968445926568,0.0285644483125797,0.00294432996315665,0.0411744435070582,0.0445104190750365,50162.7824298139,124728.659009475,99132.5654721075,185051.774338603,270.664905100826,673.002353914246,534.89270583129,998.489687253248,1229.41786516242,5257.38053618401,541.913600816369,2220.71905956595,5107.92262669541,3.68975255828184,1.57754862726142,5.07824911203466,20.2905289304129,30.6360792279908,5768.69142956772,13020.2019310407,7997.36034435012,66190.0445357031
"all","non-hispanic white","[55,60)",90499.2421875,3593.02960205078,444014.28125,0.220639544708305,0.0928499886826051,0.290847592751762,0.395662873857328,0.0228691894851684,0.0495103559588209,0.00233826719346531,0.0577375930755652,0.0771246764130651,41226.7209889775,129140.484848966,175679.966553071,97967.1088589852,333.61275788668,1045.02401044229,1421.62841820186,792.764415519946,2222.29849617462,4811.13638346103,227.219581658652,3153.86773984733,7395.9235927217,1.7459566632407,1.06643817937432,3.83901709714263,19.7505043457659,26.4019162855235,4506.72533006336,12496.657486615,15333.0229255966,58162.8428462871
"all","non-hispanic white","[60,Inf)",86906.21875,86906.2196655274,1945339.1348877,0.0308638452698278,0.0284192740960856,0.112210590571345,0.828506290062742,0.0282101562186247,0.0721153143461992,0.0200284065250752,0.1073690390891,0.153428227487976,55285.1260842154,218287.653187298,1611725.70955967,60040.6460565144,2469.81167732925,9751.79823299188,72002.3496384638,2682.2601167425,1618.08902780913,4136.41803243727,1148.79707122391,8103.36007366869,22390.2943620678,0.690867085464059,0.636146951039858,2.5117610261613,18.5455739847117,22.384349047377,3241.54332850398,8866.84626691206,24688.4054216224,50109.4239694728
"female","non-hispanic white","[0,5)",1e+05,462.314816474914,497902.515625,0.994116748939893,0.00588325106010737,0,0,0,0,0,NA,0,2929.28550288091,0,0,494973.230122119,2.71991413412938,0,0,459.594902340785,0,0,0,0,NA,46.5980413300134,3.24540368011225,8.59862193794389,21.6565581862078,80.0986251342773,0,0,0,1e+05
"female","non-hispanic white","[5,10)",99537.6796875,37.8627467155457,497587.875,0.988787271506011,0.00857865829954606,0.00263407019444279,0,0,0.00199139554617336,0,0,0,4268.63635362224,1310.68139065363,0,492008.557255724,0.324811566354926,0.0997331326031555,0,37.4382020165876,0,979.709095329479,0,0,0,41.8417519471498,3.23104861915656,8.63855975439591,21.7571458910825,75.4685062117847,-2.71991413412938,0,0,99540.4050976592
"female","non-hispanic white","[10,15)",99499.8203125,51.4394450187683,497393.2734375,0.975300468737204,0.00628127539341333,0.0184182558693824,0,0,0.00547591513364259,0,0,0,3124.26412929228,9161.11657788154,0,485107.892730326,0.323105320247227,0.9474248601347,0,50.1689148383863,0,2656.13493053146,0,0,0,36.9128540542911,3.1893770778484,8.62867399867934,21.765424418045,70.4963295488638,-3.04472570048431,979.609362196876,0,98523.2578003131
"female","non-hispanic white","[15,20)",99448.390625,144.852861404419,496924.1640625,0.969283822614041,0.00861414941714335,0.0209593592461555,0.00114266872266017,0,0.000768975219537429,0,0,0,4280.57899822343,10415.2120726815,567.819699808269,481660.553291787,1.24778419163842,3.03602316000879,0.165518834114658,140.403535218657,0,370.277062870753,0,0,0,32.0539571616941,3.15961052814101,8.54101700879942,21.7766803968405,65.5312650954751,-3.36783102073154,3634.7968678682,0,95816.9539549433
"female","non-hispanic white","[20,25)",99303.53125,264.462585449219,495910.2109375,0.917879656286797,0.0166775788240523,0.0643596634321307,0.00108310145702032,0.00424633777272709,0.004646470584969,0,0,0,8270.58163256256,31916.6142684944,537.121072017658,455185.893964425,4.41059561484201,17.0207229899028,0.286439811627409,242.744827032847,1931.84227862553,2113.87996030006,0,0,0,27.2503290219237,3.12111361122625,8.44859365213332,21.8027291846277,60.6227654699111,-4.61561521236996,4002.03790757894,-0.165518834114658,95306.2733568539
"female","non-hispanic white","[25,30)",99039.0703125,406.232711791992,494238.296875,0.911280277332398,0.031994250674049,0.0544872186897212,0.00223825330383195,0,0.00333742933645665,0,0,0,15812.7839629338,26929.6701666635,1106.23050086074,450389.612244542,12.9971112130717,22.1344906063288,0.909251709293038,370.191858263299,0,1501.90801557238,0,0,0,22.7270712309269,3.04593955135875,8.14889080580168,21.8555250066373,55.7774265947246,1922.81606779831,6098.8971448891,-0.451958645742067,91017.8062908955
"female","non-hispanic white","[30,35)",98632.828125,562.685264587402,491826.015625,0.86863135700795,0.0500503007021115,0.0719768891812194,0.00934145310871848,0.00411501293506702,0.00238015585162519,0,0,0,24616.0399751526,35400.1066230813,4594.36966260878,427215.499364157,28.1625666932466,40.5003349331125,5.25629801411007,488.766064946933,1755.98602726515,1015.67613130702,0,0,0,18.254352304596,2.89816527484581,7.90942441931541,21.9343264152002,50.9962684139575,1909.81895658524,7578.67066985515,-1.3612103550351,89145.7064170598
"female","non-hispanic white","[35,40)",98070.140625,750.251281738281,488546.6640625,0.783525094125836,0.0710840496336283,0.129840108385868,0.0155507478546672,0.00558823067071516,0.00680349816757731,0,0,0.0275172197785438,34727.8753165623,63432.9518134294,7597.26598807473,382788.570944434,53.3308993487772,97.412707737535,11.6669685099529,587.840706142016,2135.82584308735,2600.30196782293,0,954.147059449344,0,14.0028645342657,2.66378936332394,7.59383832784152,22.0133290716945,46.2738212971257,3637.64241715714,8553.84646622906,-6.61750836914517,85885.2781935407
"female","non-hispanic white","[40,45)",97319.890625,957.878005981446,484318.6328125,0.744536590954489,0.0602777879698746,0.156642932036111,0.0385426890395256,0.00729934062257265,0.00467468738209595,0,0,0.0220820170664926,29193.6558585314,75865.0906834706,18666.9424605403,360592.943809958,57.7387673455559,150.044819389837,36.9191941223437,713.175225123709,2626.88501407332,1682.32541327513,0,643.379818455479,0,10.1775116753922,2.32748229252334,7.0005816540292,22.1049674211695,41.6105430431143,4765.99030144637,11056.7357263144,935.862582570246,80561.3096764884
"female","non-hispanic white","[45,50)",96362.015625,1347.32386779785,478630.171875,0.576370332051632,0.101225882837947,0.22982241424646,0.0925813708639611,0.0118575414486122,0.026685564251334,0.00259203424140717,0.0172619780158709,0.0592422435988574,48449.761700925,109999.941631511,44312.2374490408,275868.231093523,136.384047986474,309.645224069181,124.737090678459,776.557505063737,3261.91092174327,7340.97653055183,713.047037467293,2862.19288799898,1893.47148513961,6.53661481848929,2.04766022173443,6.2828776076469,22.1309823731374,36.998135021008,6691.75672971866,12589.0163201997,1542.32320690338,75538.9240240162
"female","non-hispanic white","[50,55)",95014.6953125,1921.1789855957,470569.7578125,0.390311024168519,0.105627965799969,0.26647384323306,0.237587166798452,0.00259273117412664,0.0330211013159259,0,0.047680325759191,0.0308265812827038,49705.3262847183,125394.531873547,111801.335539705,183668.564114529,202.930228186122,511.94394783028,456.447472100407,749.857337478896,474.259033391787,6040.1771490631,0,1525.98963572529,5954.442473949,3.72587784464299,1.56677768729269,5.21425456280282,21.9784300198992,32.4853401146377,6955.09071547648,17726.8761415428,6886.29752683081,63446.4320291901
"female","non-hispanic white","[55,60)",93093.5234375,2791.24688720703,458884.140625,0.24018439147801,0.0853810302644005,0.293566157994636,0.380868420262953,0.0274235884981508,0.0449759622767373,0,0.0629480504173941,0.0857775265889346,39180.0006985565,134712.854127952,174774.477723567,110216.808074925,238.319534952037,819.415624691856,1063.09779249443,670.413935068711,3004.15523434767,4926.95449038678,0,3340.3210914289,8428.33091746145,1.82982207328508,1.06518235248013,3.974887436089,21.231041894929,28.1009337567832,5700.42988495685,17300.6668688266,13910.2821644047,56182.1385092563
"female","non-hispanic white","[60,Inf)",90302.28125,90302.2769775391,2157130.79467773,0.0278739593070789,0.0278061848383305,0.109090938363883,0.835228917490707,0.0269205421919792,0.0843583605194837,0.0186989776975912,0.0970505032033236,0.151855780809077,59981.5775972639,235323.422565024,1801698.01852455,60127.775990894,2510.96180495957,9851.16013187504,75423.073046896,2517.0819938085,1550.91111845775,4859.94369398379,1077.26108219425,8727.24523471887,21882.1965275289,0.665850022375753,0.664231033446499,2.6059521344044,19.9518549651762,23.8878881554029,5125.94449292359,12979.8748170601,24615.8363808006,47580.6148494531
"male","non-hispanic white","[0,5)",1e+05,574.84247970581,497452.859375,0.997041711912739,0.00227631762157268,0.000681970465688791,0,0,0.000683993916744456,0,0,0,1132.36070969703,339.24815816619,0,495981.250507137,1.30852406618287,0.392025593582671,0,573.141930046045,0,338.856132572607,0,0,0,46.4057121070142,2.89343004967943,7.80567634183068,17.6986426428331,74.8034611413574,0,0,0,1e+05
"male","non-hispanic white","[5,10)",99425.15625,59.278299331665,496967.6875,0.987597973990155,0.00582171114106069,0.00658031486878407,0,0,0,0,0,0,2893.20232306592,3270.20386336148,0,490804.281313573,0.345101135642285,0.390069874488388,0,58.5431283215343,0,0,0,0,0,41.6855262442123,2.89876983983363,7.84739411485613,17.8009704086667,70.2326606075687,-1.30852406618287,338.464106979024,0,99088.0019373813
"male","non-hispanic white","[10,15)",99365.875,100.565146446228,496636.171875,0.982613696661418,0.00221727060233561,0.0143818936433717,0.000787139092874481,0,0,0,0.0547312553126311,0,1101.17678395493,7142.5686033575,390.921745818342,488001.504741869,0.222980142834797,1.44631724041975,0.0791587581484733,98.816690304825,0,0,0,0,390.842587060194,36.7710310897047,2.87138257409981,7.81916510232049,17.8115903903962,65.2731691565212,-1.65362520182516,338.074037104536,0,99029.4588090598
"male","non-hispanic white","[15,20)",99265.3203125,337.955429077148,495601.7578125,0.963215601841329,0.00635837395973472,0.0294729625263568,0.0009530616725793,0,0.00321139701423424,0,0,0,3151.22131127375,14606.8520360044,472.339040234022,477371.345424988,2.14884699979512,9.96054769676963,0.322092366493522,325.52394201409,0,1531.98352676334,0,0,0,31.892146866323,2.86319798552481,7.75513151153599,17.82569518707,60.3361715504538,-1.87660534465995,-54.2148671960777,390.763428302045,98930.642118755
"male","non-hispanic white","[20,25)",98927.359375,654.116645812988,493118.1796875,0.957097393798105,0.0117182750796671,0.0283576407881802,0.0028266903340479,0,0.000585010264877677,0,0,0,5778.49447636283,13983.6682056994,1393.89239206595,471962.124613372,7.66511878982577,18.549204875534,1.84898520005941,626.053336947569,0,275.736439903824,0,0,0,27.1756250818643,2.84112550477092,7.63397270778692,17.8818176758522,55.5325409702744,-4.02545234445507,1467.8081118705,390.441335935552,97073.1346499776
"male","non-hispanic white","[25,30)",98273.25,904.64109802246,489207.40625,0.909881615911225,0.0293135781403499,0.0585229693396076,0.00228183660881775,0.000758993836017037,0.000788910693655083,0,0.0209215469244724,0,14340.4195299473,28629.8700366777,1116.29136888602,445120.825314489,26.5182675158533,52.9422832429174,2.06424317530873,823.116304088381,337.219222495385,350.511213804759,0,0,597.873534950744,22.5539575021736,2.80123583338893,7.54249089468883,17.986655688147,50.8843399183984,-11.6905711342808,1724.99534689879,388.592350735492,96171.3448731262
"male","non-hispanic white","[30,35)",97368.609375,1177.76518249512,483995.203125,0.873307718053812,0.0373317548469999,0.0794105496366761,0.00994997746251224,0.00475450487671942,0.00621904641904263,0,0.0228430234180427,0,18068.3902701864,38434.325101671,4815.74136305778,422676.746390085,43.9680410602399,93.5269804848774,11.718737021958,1028.55142392804,2004.72839922653,2622.24969700007,0,0,875.819749348701,18.192001407394,2.67998209596121,7.31853138145736,18.1423030592226,46.3328179440351,299.010383845251,1424.69074250988,984.401642510928,94660.4981327376
"male","non-hispanic white","[35,40)",96190.84375,1389.63583374024,477561.3046875,0.820411502066114,0.0460092793297762,0.118979513157899,0.0145997054462109,0.00598112016331328,0.00658239750195433,0.00099387041746787,0.00685313547191763,0.0177221363588321,21972.2514644595,56820.01153477,6972.25438094568,391796.787307325,63.9361432412209,165.338194965185,20.2882738501071,1140.07322168372,2336.56474955134,2571.45777891901,388.262151514922,388.262151514922,388.262151514922,14.0205978013984,2.52495695114905,7.00857661598514,18.3143739018637,41.8685052703963,2259.77074201154,3077.59370967637,1848.50265483767,89004.968612583
"male","non-hispanic white","[40,45)",94801.2109375,1647.13372802734,470022.015625,0.74794433557321,0.0630821761336407,0.158338813523435,0.0306346747697149,0.00340701436148844,0.0121743081107212,0,0,0.0315296009161605,29650.0115763451,74422.7282839557,14398.9715832777,351550.304181421,103.904779947081,260.805200210281,50.4594060603457,1231.96434180963,1193.53961492635,4264.88340604378,0,931.576955916688,0,10.0932924339902,2.33019690270235,6.51195148815512,18.5092870295627,37.4447278544104,4144.13719680674,5095.45114211528,2993.00083553233,82568.610710914
"male","non-hispanic white","[45,50)",93154.078125,2127.04147338867,460717.7109375,0.593132508278659,0.101433365953494,0.202947238160075,0.102486887607771,0.00560561627469065,0.0149896359978203,0,0.0475261051546504,0.0215215780732231,46732.1481747796,93501.3870061976,47217.5242597613,273266.651496762,215.752976168493,431.677192476168,217.993860420253,1261.61744432376,1524.75584568213,4077.25645002075,0,1001.10623095181,4423.24081531972,6.49790168171621,2.05310900362313,5.82817380931925,18.6819931820245,33.0611776766831,4302.19507586932,9099.52934794877,3874.11838538867,75878.2233481342
"male","non-hispanic white","[50,55)",91027.03125,3010.67718505859,448081.390625,0.415731429055592,0.112867377221252,0.276855075716838,0.194546118006318,0.0104716415821194,0.0244294763857961,0.00567613828022763,0.0349861047572839,0.0571660611882441,50573.771341495,124053.607328791,87172.4950969663,186281.516857748,339.807237537425,833.521260028354,585.715558923339,1251.63312856948,1937.56662439318,4520.18317522857,1050.25520602126,2871.6778656949,4310.99083940325,3.64770096147016,1.587696823276,4.93717926622161,18.5998192503863,28.7723963013541,4610.09171443115,8321.86779017363,9080.47157123995,69014.5936081076
"male","non-hispanic white","[55,60)",88016.34375,4370.66143798828,429759.8828125,0.200282457385072,0.10062934047413,0.288016049957122,0.411072152183676,0.017180446459813,0.0551741110140189,0.00525891625173311,0.0522060217901306,0.0694778836887015,43246.4535696613,123777.743877692,176662.319949939,86073.365415208,439.816777940474,1258.8206430693,1796.65720378004,875.366813198465,1463.73965346505,4700.72383303951,448.049139463243,2974.11453211967,6396.22557609006,1.65603189524277,1.06741035816289,3.69662212905108,18.2456321704717,24.6656965529285,3336.173235592,7697.5388659706,16727.679923436,60254.9554738951
"male","non-hispanic white","[60,Inf)",83645.671875,83645.667388916,1741224.54382324,0.0342773178503404,0.0291192216515534,0.115772213791622,0.820831246706484,0.0294074297254388,0.0607489097296913,0.0212626439646928,0.118469581816299,0.155142498041237,50703.103436714,201585.420146724,1429251.51310236,59684.5071374433,2435.69672888996,9683.8440876925,68658.9774444398,2867.14912789373,1670.85246285093,3451.59255280168,1208.08725437154,7488.32605062416,22734.4994656021,0.713539694278931,0.606165295826479,2.40999224021983,17.0869751065929,20.8166723369181,1385.9815789969,4743.21647985075,24749.4119673289,52767.0760347289
