"x","mx_lost_none_to_lost_mom","se_mx_lost_none_to_lost_mom","mx_lost_none_to_lost_dad","se_mx_lost_none_to_lost_dad","mx_lost_none_to_lost_both","se_mx_lost_none_to_lost_both","mx_lost_dad_to_lost_both","se_mx_lost_dad_to_lost_both","mx_lost_mom_to_lost_both","se_mx_lost_mom_to_lost_both","sex","race"
"[0,1)",0,0,0,0,0,0,NA,NA,NA,NA,"all","all"
"[1,2)",0,0,0,0,0,0,0,0,0,0,"all","all"
"[2,3)",0,0,0.000854049315917273,0.000945430287729846,0,0,NA,NA,NA,NA,"all","all"
"[3,4)",0,0,0,0,0,0,NA,NA,NA,NA,"all","all"
"[4,5)",0,0,0.000775973691155578,0.00074199676376612,0,0,0,0,0,0,"all","all"
"[5,6)",0,0,0,0,0,0,0,0,0,0,"all","all"
"[6,7)",0,0,0,0,0,0,0,0,0,0,"all","all"
"[7,8)",0,0,0,0,0,0,0,0,0,0,"all","all"
"[8,9)",0,0,0.00226201461285796,0.00220129413439592,0,0,0.179221977357451,0.172275709351233,0,0,"all","all"
"[9,10)",0,0,0,0,0,0,0,0,0,0,"all","all"
"[10,11)",0,0,0.00125055597852037,0.00120542713198614,0,0,0,0,0,0,"all","all"
"[11,12)",0,0,0,0,0,0,0.0573854001610557,0.051256541658548,0,0,"all","all"
"[12,13)",0,0,0.00683231590669946,0.00495793749333561,0,0,0,0,0,0,"all","all"
"[13,14)",0,0,0.00198205265819146,0.0020216206261036,0,0,0,0,0,0,"all","all"
"[14,15)",0,0,0,0,0,0,0,0,0,0,"all","all"
"[15,16)",0,0,0.00228728393574854,0.002303806533476,0,0,0,0,0,0,"all","all"
"[16,17)",0,0,0.00217473873846556,0.00216960569517632,0,0,0,0,0,0,"all","all"
"[17,18)",0,0,0.00438586274203467,0.00309339431311351,0,0,0,0,0,0,"all","all"
"[18,19)",0,0,0.00268220228973789,0.00265322254316866,0,0,0,0,0,0,"all","all"
"[19,20)",0,0,0.00392093262029243,0.00298870536157812,0,0,0,0,0,0,"all","all"
"[20,21)",0.0014254943948617,0.00145516916143615,0.00177939902445489,0.00174757388934391,0,0,0,0,0,0,"all","all"
"[21,22)",0.000806784072289323,0.000783953265860806,0.000786030935305396,0.00078024317185841,0,0,0,0,0,0,"all","all"
"[22,23)",0.00243710153918958,0.00245870195305267,0.00672853715135726,0.00371947647981957,0,0,0,0,0,0,"all","all"
"[23,24)",0.00180151296981022,0.00176763491937364,0,0,0,0,0,0,0,0,"all","all"
"[24,25)",0.00152076090986917,0.00160816570167857,0.0022327114343383,0.00222455665581881,0,0,0,0,0,0,"all","all"
"[25,26)",0.00398111425422406,0.00335619248791112,0.00109245329408732,0.00109747726884711,0,0,0,0,0,0,"all","all"
"[26,27)",0.00209086811070405,0.00208105042077791,0.00215479735920148,0.00183603824448608,0,0,0.0107787459451732,0.010880245741258,0,0,"all","all"
"[27,28)",0.00107125928182971,0.00108069385834222,0,0,0,0,0,0,0,0,"all","all"
"[28,29)",0.000544857472780825,0.000544685286714708,0.00789560358154658,0.00546025453385093,0,0,0,0,0,0,"all","all"
"[29,30)",0,0,0.00210561776237153,0.00259404014910484,0,0,0.019839956787787,0.0184762534624302,0,0,"all","all"
"[30,31)",0.00255892595755407,0.00249401425796245,0.0069529262465309,0.00414781423970224,0,0,0,0,0,0,"all","all"
"[31,32)",0.00487817353706506,0.00479896818964348,0.00407608721024267,0.00297434372234693,0,0,0,0,0,0,"all","all"
"[32,33)",0.00248729530709654,0.00164438143779752,0.00757308713814089,0.00448242342012154,0,0,0.0322535510985488,0.0315652736244007,0,0,"all","all"
"[33,34)",0.00307156050328021,0.00198527795212078,0.00533537498507451,0.00278504179699083,0,0,0.00733575335389739,0.00817847424723671,0,0,"all","all"
"[34,35)",0.00218321794736914,0.00217533420317817,0.0172318913943971,0.00900350525630572,0,0,0,0,0,0,"all","all"
"[35,36)",0.0121457904921714,0.00683126057885642,0.0105785213803755,0.00610603946574506,0,0,0,0,0,0,"all","all"
"[36,37)",0.0033603629709464,0.00230655051966407,0.0175786090155163,0.00651198892723631,0.0014543694647545,0.00144953613525064,0.0111346932224949,0.0114406195677984,0,0,"all","all"
"[37,38)",0.00363494839336512,0.00275750880132701,0.00762917295672138,0.00422648161337904,0,0,0,0,0,0,"all","all"
"[38,39)",0.00883165367359123,0.00414118922165618,0.0164941983373354,0.0075630945423802,0,0,0.016711751161962,0.0182662271679296,0.0149982774071595,0.0150510542352644,"all","all"
"[39,40)",0.00114735151960897,0.00116523691327011,0.00644805301324324,0.00392711387155356,0.00170175652555629,0.00160709512439701,0,0,0.0666423835975613,0.0475585568008369,"all","all"
"[40,41)",0.00320745680153683,0.00245643413336229,0.00543104858645719,0.00413682042093485,0,0,0.0171039301231568,0.0167514473401144,0.0647017912951482,0.0434073199753702,"all","all"
"[41,42)",0.00344712674562474,0.00349913874110305,0.0118086620022338,0.00534835914254595,0,0,0.00566752636200758,0.00573922363100784,0.0161551886542565,0.0196210291876504,"all","all"
"[42,43)",0.0102355792502525,0.00467915045760227,0.0174349240830552,0.00754419089446825,0,0,0.00651406587963179,0.00660883525932464,0.0276009513432678,0.0275447930217258,"all","all"
"[43,44)",0.00246203054146341,0.00245620974252019,0.00623792161242591,0.00373058133638265,0,0,0,0,0.0369162043451773,0.0259782643841771,"all","all"
"[44,45)",0,0,0.0126282027101973,0.00726853580329628,0,0,0.0134720348704423,0.00975386263438821,0.0337666093437719,0.0252158569013539,"all","all"
"[45,46)",0.0115610713412038,0.00585008273932315,0.0144965850305051,0.0059033775904863,0,0,0,0,0,0,"all","all"
"[46,47)",0,0,0.0188036963328386,0.00835490740272483,0.00441841844759259,0.00446639007538788,0.0393893951701595,0.019814036157045,0,0,"all","all"
"[47,48)",0.00730278075253562,0.00433504088562028,0.0143142440372294,0.00513615190176584,0,0,0.0246601166093726,0.017232463652274,0.0215322402085325,0.0214194770572375,"all","all"
"[48,49)",0.0142983020287448,0.0085808023042572,0.0347560001984674,0.0111639250617133,0,0,0.0653241965677631,0.0299209863599687,0.0259705416651181,0.0169823313098519,"all","all"
"[49,50)",0.0154199143005577,0.00792559262569821,0.0135055976963046,0.00582070608834197,0,0,0.0243728900991859,0.0151488174428491,0.0713181572931635,0.0435060093479174,"all","all"
"[50,51)",0.0112545011553238,0.0077671274004552,0.0241291507110691,0.0107313596032432,0.00406337670993019,0.00406664402691195,0.0518693474474797,0.0207585176612829,0.0180645676278713,0.01218783097889,"all","all"
"[51,52)",0.00554315644411959,0.00554567490438473,0.0380336527074297,0.0147066219893327,0,0,0.0459438190324327,0.0187884860131263,0.0852658108502948,0.0348279744252692,"all","all"
"[52,53)",0.00775366628888221,0.00567574479438887,0.0402037850090473,0.0160580046636504,0.00187775352007923,0.00200236499106147,0.0500600417802945,0.02001162469523,0.0239879939397755,0.0185345102557435,"all","all"
"[53,54)",0.00162169705775698,0.00165127373131728,0.0276377442244779,0.0132242752844263,0,0,0.070777505550831,0.0228897838925003,0.0307880688056264,0.0224174738601606,"all","all"
"[54,55)",0.00313568467416518,0.00311374683694966,0.0224208627173176,0.012013588121236,0.00297977583407316,0.00302887937348574,0.0360787499551991,0.0185522344202357,0.0387789083345976,0.0236921680013296,"all","all"
"[55,56)",0.0202893272903468,0.0132422717223726,0.0394337096680532,0.0178639589001561,0,0,0.044044914372208,0.0191212697968353,0.0767401623340338,0.0370931067322409,"all","all"
"[56,57)",0.0189630177028632,0.0115585732994022,0.0239670429096691,0.012691449342883,0,0,0.0299047600078282,0.0132448856580801,0,0,"all","all"
"[57,58)",0.0295357451724736,0.0149946653164065,0.0863806609702424,0.0273125336592943,0,0,0.0522765957717964,0.0141580591476219,0.0483502940647514,0.0459764364366025,"all","all"
"[58,59)",0.00800025578638664,0.00757879319712964,0.0518451525473122,0.0224445683494872,0.00875158641948291,0.00861508484254666,0.0608668404636363,0.017973939602422,0.105035499426267,0.0390335652782924,"all","all"
"[59,60)",0.00978847471439336,0.00970345023040067,0.074219954658628,0.0263657599300177,0,0,0.0629512727398943,0.0189009283881311,0.0674398562355828,0.034299568024301,"all","all"
"[60,Inf)",0.0233517763635582,0.00811407589484671,0.062442240893399,0.0125987808442022,0.0165643231125309,0.00585449023086103,0.0849313325876069,0.00701013162609642,0.128044696544156,0.01819983008199,"all","all"
"[0,1)",0,0,0,0,0,0,NA,NA,NA,NA,"female","all"
"[0,1)",0,0,0,0,0,0,NA,NA,NA,NA,"male","all"
"[1,2)",0,0,0,0,0,0,0,0,0,0,"female","all"
"[1,2)",0,0,0,0,0,0,NA,NA,0,0,"male","all"
"[2,3)",0,0,0.00174888726195716,0.0019297993838964,0,0,NA,NA,NA,NA,"female","all"
"[2,3)",0,0,0,0,0,0,NA,NA,NA,NA,"male","all"
"[3,4)",0,0,0,0,0,0,NA,NA,NA,NA,"female","all"
"[3,4)",0,0,0,0,0,0,NA,NA,NA,NA,"male","all"
"[4,5)",0,0,0,0,0,0,0,0,0,0,"female","all"
"[4,5)",0,0,0.00147487691371,0.00140033431403753,0,0,0,0,NA,NA,"male","all"
"[5,6)",0,0,0,0,0,0,NA,NA,0,0,"female","all"
"[5,6)",0,0,0,0,0,0,0,0,0,0,"male","all"
"[6,7)",0,0,0,0,0,0,0,0,0,0,"female","all"
"[6,7)",0,0,0,0,0,0,0,0,NA,NA,"male","all"
"[7,8)",0,0,0,0,0,0,0,0,0,0,"female","all"
"[7,8)",0,0,0,0,0,0,0,0,NA,NA,"male","all"
"[8,9)",0,0,0.00479769727807508,0.00465844425885639,0,0,0.308344699685538,0.273816370296178,0,0,"female","all"
"[8,9)",0,0,0,0,0,0,0,0,0,0,"male","all"
"[9,10)",0,0,0,0,0,0,0,0,0,0,"female","all"
"[9,10)",0,0,0,0,0,0,0,0,0,0,"male","all"
"[10,11)",0,0,0,0,0,0,0,0,0,0,"female","all"
"[10,11)",0,0,0.00236967884418678,0.00227944050921955,0,0,0,0,NA,NA,"male","all"
"[11,12)",0,0,0,0,0,0,0,0,0,0,"female","all"
"[11,12)",0,0,0,0,0,0,0.114382306785326,0.133001594046944,NA,NA,"male","all"
"[12,13)",0,0,0.0140313575673439,0.0100942150773125,0,0,0,0,0,0,"female","all"
"[12,13)",0,0,0,0,0,0,0,0,0,0,"male","all"
"[13,14)",0,0,0,0,0,0,0,0,0,0,"female","all"
"[13,14)",0,0,0.00413100240532968,0.00420593604371979,0,0,0,0,0,0,"male","all"
"[14,15)",0,0,0,0,0,0,0,0,0,0,"female","all"
"[14,15)",0,0,0,0,0,0,0,0,0,0,"male","all"
"[15,16)",0,0,0,0,0,0,0,0,0,0,"female","all"
"[15,16)",0,0,0.00452241086617151,0.00455403546432929,0,0,0,0,0,0,"male","all"
"[16,17)",0,0,0.00458764795876706,0.00455377467578427,0,0,0,0,0,0,"female","all"
"[16,17)",0,0,0,0,0,0,0,0,0,0,"male","all"
"[17,18)",0,0,0,0,0,0,0,0,0,0,"female","all"
"[17,18)",0,0,0.00969502160589729,0.00670598763809198,0,0,0,0,0,0,"male","all"
"[18,19)",0,0,0.00573688568786737,0.00565228937832288,0,0,0,0,0,0,"female","all"
"[18,19)",0,0,0,0,0,0,0,0,0,0,"male","all"
"[19,20)",0,0,0.00198189865270964,0.00197237113046924,0,0,0,0,0,0,"female","all"
"[19,20)",0,0,0.00605596118629655,0.00591933250079281,0,0,0,0,0,0,"male","all"
"[20,21)",0.00297379638338733,0.00306159637687397,0.00371209483713211,0.00364674023990212,0,0,0,0,0,0,"female","all"
"[20,21)",0,0,0,0,0,0,0,0,0,0,"male","all"
"[21,22)",0,0,0,0,0,0,0,0,0,0,"female","all"
"[21,22)",0.00156311937727901,0.00152303948391581,0.00152291081135275,0.0015259900689842,0,0,0,0,0,0,"male","all"
"[22,23)",0.00462158032118312,0.00468274081032571,0.0112150078469467,0.00683810131105684,0,0,0,0,0,0,"female","all"
"[22,23)",0,0,0.00172323120474986,0.00174599620928315,0,0,0,0,0,0,"male","all"
"[23,24)",0.00384910292698698,0.00379044266634752,0,0,0,0,0,0,0,0,"female","all"
"[23,24)",0,0,0,0,0,0,0,0,0,0,"male","all"
"[24,25)",0.00322106170571965,0.00339013884686298,0,0,0,0,0,0,0,0,"female","all"
"[24,25)",0,0,0.00422966413861628,0.00421577049678628,0,0,0,0,0,0,"male","all"
"[25,26)",0.00166051149170602,0.00177884242602482,0,0,0,0,0,0,0,0,"female","all"
"[25,26)",0.00595803167925863,0.0060593842780143,0.00202311234009062,0.00203043984956081,0,0,0,0,0,0,"male","all"
"[26,27)",0,0,0.00418888395001679,0.00355985837873593,0,0,0.0264576806472834,0.0267155239455605,0,0,"female","all"
"[26,27)",0.00430581663046094,0.00430219717886242,0,0,0,0,0,0,0,0,"male","all"
"[27,28)",0,0,0,0,0,0,0,0,0,0,"female","all"
"[27,28)",0.00219360403954788,0.00221894100369405,0,0,0,0,0,0,0,0,"male","all"
"[28,29)",0,0,0.0095137822259923,0.00877799346323192,0,0,0,0,0,0,"female","all"
"[28,29)",0.00115587819100865,0.00117259572617989,0.00608092593290602,0.00597279315359223,0,0,0,0,0,0,"male","all"
"[29,30)",0,0,0.00452424112585807,0.00557576896227698,0,0,0,0,0,0,"female","all"
"[29,30)",0,0,0,0,0,0,0.0426246197145791,0.0407524266398224,0,0,"male","all"
"[30,31)",0,0,0,0,0,0,0,0,0,0,"female","all"
"[30,31)",0.00540415845883474,0.00525859335073932,0.0146837836702237,0.00877872786447129,0,0,0,0,0,0,"male","all"
"[31,32)",0.0103706281017118,0.0101755926473099,0.00515339086949235,0.00506671042506393,0,0,0,0,0,0,"female","all"
"[31,32)",0,0,0.00311927015512095,0.00305569755275799,0,0,0,0,0,0,"male","all"
"[32,33)",0,0,0.00914243246356562,0.00659165416729718,0,0,0,0,0,0,"female","all"
"[32,33)",0.00508389817684328,0.00337840944424931,0.00593477480586771,0.00571929916805066,0,0,0.0659358665202535,0.063620138334993,0,0,"male","all"
"[33,34)",0.00191270984550745,0.00200154310312138,0.0075779669882352,0.00525532518896688,0,0,0,0,0,0,"female","all"
"[33,34)",0.00408512438124498,0.00329716747500179,0.0033739399786131,0.00238264810105252,0,0,0.0213767845878764,0.025683570080735,0,0,"male","all"
"[34,35)",0,0,0.0234401322387217,0.0137296084155755,0,0,0,0,0,0,"female","all"
"[34,35)",0.00443991423084345,0.00443001969886466,0.01081470613024,0.0109925707577983,0,0,0,0,0,0,"male","all"
"[35,36)",0.00466300232193574,0.00473006454564546,0.0029244903313158,0.00288425909788511,0,0,0,0,0,0,"female","all"
"[35,36)",0.0198339608033003,0.0128006110009228,0.0184426347206288,0.012076818275355,0,0,0,0,0,0,"male","all"
"[36,37)",0,0,0.0225227910683338,0.0112367325397806,0,0,0.0253859596694564,0.0254210498612404,0,0,"female","all"
"[36,37)",0.00674206077257284,0.00466913493673288,0.0126030365183153,0.00652302154128725,0.0029179726719782,0.00291460069911976,0,0,0,0,"male","all"
"[37,38)",0.0074024069248764,0.0056627301151152,0.00528769824703305,0.00532347161008469,0,0,0,0,0,0,"female","all"
"[37,38)",0,0,0.00988829264255174,0.00671157627232439,0,0,0,0,0,0,"male","all"
"[38,39)",0.00906752474570378,0.00545792333686749,0.0257501461060262,0.0149426947838916,0,0,0.026423384065925,0.0289911326891847,0,0,"female","all"
"[38,39)",0.00861828723809901,0.00669385828127996,0.00812136751573576,0.00487358603545159,0,0,0,0,0.0304738256517727,0.0304159812682716,"male","all"
"[39,40)",0,0,0,0,0,0,0,0,0.0965327157350163,0.065694098863568,"female","all"
"[39,40)",0.00223980686089587,0.00227390055975423,0.0125875924959813,0.00766001199981368,0.0033220908120768,0.00311615999868427,0,0,0,0,"male","all"
"[40,41)",0.00197564767700323,0.0019743557798169,0.00132587929591963,0.00132888892395047,0,0,0.0411675538539555,0.0405484244361676,0.135329165359204,0.0900111342241695,"female","all"
"[40,41)",0.00449591927060643,0.00456375886126633,0.00972502275395449,0.00837025755787419,0,0,0,0,0,0,"male","all"
"[41,42)",0.00699758509537303,0.00706807437216802,0.00936332098702891,0.00698090425917377,0,0,0,0,0.035899695936908,0.0428483552188071,"female","all"
"[41,42)",0,0,0.0141828344569772,0.00842173264377835,0,0,0.0112377835293602,0.0116881445811822,0,0,"male","all"
"[42,43)",0.0140524313624013,0.00797729924225331,0.0216252025513857,0.0123537931863327,0,0,0,0,0,0,"female","all"
"[42,43)",0.0062393889467573,0.00467020609543799,0.0130477616538931,0.00902598529096008,0,0,0.0139219632823969,0.0141963031133703,0.0450261812851957,0.0446555897817397,"male","all"
"[43,44)",0.0049808232732107,0.00496002798450323,0.00440830981982777,0.00456852620830344,0,0,0,0,0.0296461186985406,0.0300109216115898,"female","all"
"[43,44)",0,0,0.00802630223446836,0.00587092642852795,0,0,0,0,0.0470753258252739,0.0474550616679413,"male","all"
"[44,45)",0,0,0.00953841767981992,0.00942339174391446,0,0,0.0141239303316532,0.0141909143531201,0.0665677395004718,0.050620724019367,"female","all"
"[44,45)",0,0,0.0159911488705361,0.0114737659542132,0,0,0.012720020537017,0.0129757043012617,0,0,"male","all"
"[45,46)",0.0136179794271466,0.0100349732509602,0.0202122817264148,0.0102485035976671,0,0,0,0,0,0,"female","all"
"[45,46)",0.00924390879657122,0.00619954573122417,0.00805769824175916,0.00589174920909631,0,0,0,0,0,0,"male","all"
"[46,47)",0,0,0.0220441474761965,0.0121467758590078,0.00887024249863531,0.0089294436642037,0,0,0,0,"female","all"
"[46,47)",0,0,0.0155875608912365,0.0112165078490924,0,0,0.0771479417535801,0.039406014090664,0,0,"male","all"
"[47,48)",0.00349665433650891,0.00362807484340935,0.0165484264623997,0.00893673464420843,0,0,0,0,0,0,"female","all"
"[47,48)",0.0114682096697799,0.00833664763064565,0.0118691523447893,0.00886476927246384,0,0,0.0478474482476877,0.0334551842436615,0.0351847017436232,0.035554549526182,"male","all"
"[48,49)",0.0150640549813402,0.0108884026426237,0.0473775934495335,0.0171960579129282,0,0,0.0524843338326823,0.0252695008028479,0.0334706120214164,0.031975396762278,"female","all"
"[48,49)",0.0135388714208733,0.013308782020881,0.0222386155739934,0.0136826362645265,0,0,0.0769195720922446,0.0530252620470342,0.0206325006379197,0.0191914913572696,"male","all"
"[49,50)",0.0222980532762678,0.0130383392374346,0.0251252876987824,0.0108588621817078,0,0,0,0,0.132756119061067,0.0774714893702367,"female","all"
"[49,50)",0.00742543442326274,0.00779539002579722,0,0,0,0,0.0651173849149383,0.0409412416079586,0,0,"male","all"
"[50,51)",0.0145207664305557,0.0142081442276136,0.0377454335769002,0.0196922402452397,0,0,0.0464947968413807,0.0122966329990469,0.0350033015310658,0.0241035310334096,"female","all"
"[50,51)",0.00847139745360173,0.0074880198372752,0.0125270534977927,0.00947026111913576,0.00752567931243238,0.00757912280538818,0.0581598456384614,0.0419650200301842,0,0,"male","all"
"[51,52)",0,0,0.0312550723276077,0.0222658143301488,0,0,0.0551855243160435,0.0280430625042327,0.0196449590895277,0.0197236777578646,"female","all"
"[51,52)",0.0124403158274338,0.0124320098262388,0.0464680077077897,0.0191379580196016,0,0,0.0373612722474972,0.0255555211472423,0.1433896285067,0.0628012299815556,"male","all"
"[52,53)",0.00525819365940904,0.00527630049276383,0.0449728302969646,0.019435768065051,0,0,0.0345419841128102,0.0198629924101367,0,0,"female","all"
"[52,53)",0.00996985850845255,0.00967615197530878,0.0359684666420844,0.0225175830226121,0.00354535856303615,0.00380534889660122,0.0636846300534489,0.0341670589534722,0.0534318866856103,0.0408642866993325,"male","all"
"[53,54)",0.0032628621194046,0.00335579028335295,0.0373592975341177,0.0231815005638566,0,0,0.0771652658238207,0.031834980813174,0.0568917273412761,0.0409741072243179,"female","all"
"[53,54)",0,0,0.018031510965257,0.010777372220772,0,0,0.0628759842586423,0.0317447376754453,0,0,"male","all"
"[54,55)",0.00729458251752076,0.00738350303172983,0.0521579336573506,0.0265535018773412,0,0,0.0373086923612393,0.0304116710675513,0.0626489630450725,0.0380335189303686,"female","all"
"[54,55)",0,0,0,0,0.00522643775443716,0.00534264101518923,0.0344739455337119,0.0196012901421146,0,0,"male","all"
"[55,56)",0.0364626622881082,0.0271826740568127,0.0230409555419423,0.0219216254197709,0,0,0.0681851672593589,0.0350326765056603,0.068084341890308,0.0503428055744882,"female","all"
"[55,56)",0.00462372629503418,0.00479416967704271,0.0553118415060112,0.0280269277303105,0,0,0.0223418074967099,0.0154583585545836,0.0877751811456018,0.0536278120832034,"male","all"
"[56,57)",0.0246022185883412,0.0186381045745022,0,0,0,0,0.030520973146952,0.0164202307918267,0,0,"female","all"
"[56,57)",0.0120547388767251,0.0122147515939714,0.0533277658951525,0.0284612393157335,0,0,0.029253599361912,0.0225600926008872,0,0,"male","all"
"[57,58)",0.0134358711230409,0.0134386150133542,0.0999669643898896,0.0408860319451933,0,0,0.0455803884420015,0.0219690992908719,0.113225474150563,0.105409358100904,"female","all"
"[57,58)",0.0475768344300009,0.0291625611742117,0.0711562118893913,0.0322552677833523,0,0,0.0602308729435383,0.0282665396029135,0,0,"male","all"
"[58,59)",0,0,0.0798404554917213,0.0368381567784557,0,0,0.0775893474309914,0.0287131228077915,0.160181274236993,0.0677524050172277,"female","all"
"[58,59)",0.0182623180280769,0.0174558711763758,0.0159351080485656,0.0162229704198591,0.0199773930622013,0.0195711525790441,0.0454329340782256,0.0236928739050383,0.0499931344178935,0.0384998115843535,"male","all"
"[59,60)",0.0167754461874514,0.0163934897271923,0.119159782560773,0.0448487935676199,0,0,0.0436412852322083,0.0231088823999168,0.0203041904894601,0.0142880522639331,"female","all"
"[59,60)",0,0,0.0112610073113306,0.0113651842544583,0,0,0.0898053163544513,0.0331403950620577,0.110666558168466,0.0658284459187789,"male","all"
"[60,Inf)",0.0266726722998613,0.0118722590492226,0.0688250422427219,0.0186020151003513,0.016105693628785,0.0082682403312372,0.0774979339831047,0.00895540186724066,0.13331400392159,0.0247301754401571,"female","all"
"[60,Inf)",0.0201635991298427,0.0113129864423179,0.056314526463451,0.0181786387279052,0.0170046235937369,0.00805528003765118,0.0928880935385277,0.0112685268411599,0.121865472842847,0.0252847364684494,"male","all"
"[0,1)",0,0,0,0,0,0,NA,NA,NA,NA,"all","hispanic"
"[0,1)",0,0,0,0,0,0,NA,NA,NA,NA,"all","non-hispanic asian"
"[0,1)",0,0,0,0,0,0,NA,NA,NA,NA,"all","non-hispanic black"
"[0,1)",0,0,0,0,0,0,NA,NA,NA,NA,"all","non-hispanic other"
"[0,1)",0,0,0,0,0,0,NA,NA,NA,NA,"all","non-hispanic white"
"[1,2)",0,0,0,0,0,0,NA,NA,NA,NA,"all","hispanic"
"[1,2)",0,0,0,0,0,0,NA,NA,NA,NA,"all","non-hispanic asian"
"[1,2)",0,0,0,0,0,0,0,0,NA,NA,"all","non-hispanic black"
"[1,2)",0,0,0,0,0,0,NA,NA,NA,NA,"all","non-hispanic other"
"[1,2)",0,0,0,0,0,0,NA,NA,0,0,"all","non-hispanic white"
"[2,3)",0,0,0.0038428550021713,0.00422758106205802,0,0,NA,NA,NA,NA,"all","hispanic"
"[2,3)",0,0,0,0,0,0,NA,NA,NA,NA,"all","non-hispanic asian"
"[2,3)",0,0,0,0,0,0,NA,NA,NA,NA,"all","non-hispanic black"
"[2,3)",0,0,0,0,0,0,NA,NA,NA,NA,"all","non-hispanic other"
"[2,3)",0,0,0,0,0,0,NA,NA,NA,NA,"all","non-hispanic white"
"[3,4)",0,0,0,0,0,0,NA,NA,NA,NA,"all","hispanic"
"[3,4)",0,0,0,0,0,0,NA,NA,NA,NA,"all","non-hispanic asian"
"[3,4)",0,0,0,0,0,0,NA,NA,NA,NA,"all","non-hispanic black"
"[3,4)",0,0,0,0,0,0,NA,NA,NA,NA,"all","non-hispanic other"
"[3,4)",0,0,0,0,0,0,NA,NA,NA,NA,"all","non-hispanic white"
"[4,5)",0,0,0,0,0,0,0,0,NA,NA,"all","hispanic"
"[4,5)",0,0,0,0,0,0,NA,NA,NA,NA,"all","non-hispanic asian"
"[4,5)",0,0,0,0,0,0,0,0,NA,NA,"all","non-hispanic black"
"[4,5)",0,0,0,0,0,0,0,0,NA,NA,"all","non-hispanic other"
"[4,5)",0,0,0.00169910320298728,0.00162450962280211,0,0,NA,NA,0,0,"all","non-hispanic white"
"[5,6)",0,0,0,0,0,0,NA,NA,NA,NA,"all","hispanic"
"[5,6)",0,0,0,0,0,0,NA,NA,NA,NA,"all","non-hispanic asian"
"[5,6)",0,0,0,0,0,0,NA,NA,0,0,"all","non-hispanic black"
"[5,6)",0,0,0,0,0,0,NA,NA,NA,NA,"all","non-hispanic other"
"[5,6)",0,0,0,0,0,0,0,0,0,0,"all","non-hispanic white"
"[6,7)",0,0,0,0,0,0,0,0,NA,NA,"all","hispanic"
"[6,7)",0,0,0,0,0,0,NA,NA,NA,NA,"all","non-hispanic asian"
"[6,7)",0,0,0,0,0,0,0,0,NA,NA,"all","non-hispanic black"
"[6,7)",0,0,0,0,0,0,NA,NA,NA,NA,"all","non-hispanic other"
"[6,7)",0,0,0,0,0,0,NA,NA,0,0,"all","non-hispanic white"
"[7,8)",0,0,0,0,0,0,0,0,0,0,"all","hispanic"
"[7,8)",0,0,0,0,0,0,NA,NA,NA,NA,"all","non-hispanic asian"
"[7,8)",0,0,0,0,0,0,0,0,0,0,"all","non-hispanic black"
"[7,8)",0,0,0,0,0,0,0,0,NA,NA,"all","non-hispanic other"
"[7,8)",0,0,0,0,0,0,0,0,0,0,"all","non-hispanic white"
"[8,9)",0,0,0,0,0,0,0,0,0,0,"all","hispanic"
"[8,9)",0,0,0,0,0,0,NA,NA,NA,NA,"all","non-hispanic asian"
"[8,9)",0,0,0,0,0,0,0.323340800099187,0.294362990521833,NA,NA,"all","non-hispanic black"
"[8,9)",0,0,0,0,0,0,NA,NA,NA,NA,"all","non-hispanic other"
"[8,9)",0,0,0.00485061943152335,0.00471458951097874,0,0,0,0,0,0,"all","non-hispanic white"
"[9,10)",0,0,0,0,0,0,NA,NA,NA,NA,"all","hispanic"
"[9,10)",0,0,0,0,0,0,NA,NA,NA,NA,"all","non-hispanic asian"
"[9,10)",0,0,0,0,0,0,NA,NA,NA,NA,"all","non-hispanic black"
"[9,10)",0,0,0,0,0,0,0,0,NA,NA,"all","non-hispanic other"
"[9,10)",0,0,0,0,0,0,0,0,0,0,"all","non-hispanic white"
"[10,11)",0,0,0,0,0,0,NA,NA,NA,NA,"all","hispanic"
"[10,11)",0,0,0,0,0,0,NA,NA,NA,NA,"all","non-hispanic asian"
"[10,11)",0,0,0,0,0,0,0,0,NA,NA,"all","non-hispanic black"
"[10,11)",0,0,0.0180665577571195,0.0174207534574418,0,0,NA,NA,0,0,"all","non-hispanic other"
"[10,11)",0,0,0,0,0,0,0,0,NA,NA,"all","non-hispanic white"
"[11,12)",0,0,0,0,0,0,0,0,NA,NA,"all","hispanic"
"[11,12)",0,0,0,0,0,0,NA,NA,NA,NA,"all","non-hispanic asian"
"[11,12)",0,0,0,0,0,0,0,0,NA,NA,"all","non-hispanic black"
"[11,12)",0,0,0,0,0,0,NA,NA,NA,NA,"all","non-hispanic other"
"[11,12)",0,0,0,0,0,0,0.215316038060954,0.192490970853839,0,0,"all","non-hispanic white"
"[12,13)",0,0,0,0,0,0,0,0,0,0,"all","hispanic"
"[12,13)",0,0,0,0,0,0,NA,NA,NA,NA,"all","non-hispanic asian"
"[12,13)",0,0,0,0,0,0,0,0,0,0,"all","non-hispanic black"
"[12,13)",0,0,0,0,0,0,0,0,NA,NA,"all","non-hispanic other"
"[12,13)",0,0,0.0141492806578902,0.0101735725876164,0,0,0,0,0,0,"all","non-hispanic white"
"[13,14)",0,0,0,0,0,0,0,0,0,0,"all","hispanic"
"[13,14)",0,0,0,0,0,0,NA,NA,NA,NA,"all","non-hispanic asian"
"[13,14)",0,0,0.01666882557601,0.0170063557822449,0,0,0,0,NA,NA,"all","non-hispanic black"
"[13,14)",0,0,0,0,0,0,0,0,0,0,"all","non-hispanic other"
"[13,14)",0,0,0,0,0,0,0,0,0,0,"all","non-hispanic white"
"[14,15)",0,0,0,0,0,0,0,0,0,0,"all","hispanic"
"[14,15)",0,0,0,0,0,0,NA,NA,NA,NA,"all","non-hispanic asian"
"[14,15)",0,0,0,0,0,0,0,0,0,0,"all","non-hispanic black"
"[14,15)",0,0,0,0,0,0,NA,NA,0,0,"all","non-hispanic other"
"[14,15)",0,0,0,0,0,0,0,0,0,0,"all","non-hispanic white"
"[15,16)",0,0,0,0,0,0,0,0,0,0,"all","hispanic"
"[15,16)",0,0,0,0,0,0,NA,NA,NA,NA,"all","non-hispanic asian"
"[15,16)",0,0,0,0,0,0,0,0,NA,NA,"all","non-hispanic black"
"[15,16)",0,0,0,0,0,0,0,0,0,0,"all","non-hispanic other"
"[15,16)",0,0,0.00460077608794248,0.00464378905798438,0,0,0,0,0,0,"all","non-hispanic white"
"[16,17)",0,0,0,0,0,0,0,0,0,0,"all","hispanic"
"[16,17)",0,0,0,0,0,0,NA,NA,NA,NA,"all","non-hispanic asian"
"[16,17)",0,0,0,0,0,0,0,0,0,0,"all","non-hispanic black"
"[16,17)",0,0,0.0396633712001006,0.0387718387736191,0,0,NA,NA,0,0,"all","non-hispanic other"
"[16,17)",0,0,0,0,0,0,0,0,0,0,"all","non-hispanic white"
"[17,18)",0,0,0.00925601344383474,0.00926233816154932,0,0,0,0,0,0,"all","hispanic"
"[17,18)",0,0,0,0,0,0,NA,NA,0,0,"all","non-hispanic asian"
"[17,18)",0,0,0,0,0,0,0,0,0,0,"all","non-hispanic black"
"[17,18)",0,0,0,0,0,0,0,0,NA,NA,"all","non-hispanic other"
"[17,18)",0,0,0.0041064599972526,0.00397695423874522,0,0,0,0,0,0,"all","non-hispanic white"
"[18,19)",0,0,0,0,0,0,0,0,0,0,"all","hispanic"
"[18,19)",0,0,0,0,0,0,0,0,0,0,"all","non-hispanic asian"
"[18,19)",0,0,0.0236206928560044,0.02336815035245,0,0,0,0,0,0,"all","non-hispanic black"
"[18,19)",0,0,0,0,0,0,0,0,NA,NA,"all","non-hispanic other"
"[18,19)",0,0,0,0,0,0,0,0,0,0,"all","non-hispanic white"
"[19,20)",0,0,0.0129221757916207,0.0127330453080586,0,0,0,0,0,0,"all","hispanic"
"[19,20)",0,0,0,0,0,0,0,0,NA,NA,"all","non-hispanic asian"
"[19,20)",0,0,0,0,0,0,0,0,0,0,"all","non-hispanic black"
"[19,20)",0,0,0,0,0,0,0,0,NA,NA,"all","non-hispanic other"
"[19,20)",0,0,0.00180479042836432,0.00179514730501977,0,0,0,0,0,0,"all","non-hispanic white"
"[20,21)",0,0,0,0,0,0,0,0,0,0,"all","hispanic"
"[20,21)",0,0,0,0,0,0,0,0,NA,NA,"all","non-hispanic asian"
"[20,21)",0,0,0,0,0,0,0,0,0,0,"all","non-hispanic black"
"[20,21)",0,0,0,0,0,0,0,0,NA,NA,"all","non-hispanic other"
"[20,21)",0.00256124473877378,0.00261553468849486,0.00319711982452687,0.00313683223088225,0,0,0,0,0,0,"all","non-hispanic white"
"[21,22)",0,0,0,0,0,0,0,0,0,0,"all","hispanic"
"[21,22)",0,0,0,0,0,0,NA,NA,NA,NA,"all","non-hispanic asian"
"[21,22)",0.00568675164746666,0.00562993096287798,0,0,0,0,0,0,0,0,"all","non-hispanic black"
"[21,22)",0,0,0,0,0,0,0,0,0,0,"all","non-hispanic other"
"[21,22)",0,0,0.00158519420412851,0.00156691211682699,0,0,0,0,0,0,"all","non-hispanic white"
"[22,23)",0,0,0.00955689690577139,0.00712113889209438,0,0,0,0,0,0,"all","hispanic"
"[22,23)",0,0,0,0,0,0,0,0,NA,NA,"all","non-hispanic asian"
"[22,23)",0,0,0,0,0,0,0,0,NA,NA,"all","non-hispanic black"
"[22,23)",0,0,0,0,0,0,0,0,0,0,"all","non-hispanic other"
"[22,23)",0.00472047148904008,0.00474945347358149,0.00844948434639039,0.00599837404558167,0,0,0,0,0,0,"all","non-hispanic white"
"[23,24)",0,0,0,0,0,0,0,0,0,0,"all","hispanic"
"[23,24)",0,0,0,0,0,0,NA,NA,0,0,"all","non-hispanic asian"
"[23,24)",0,0,0,0,0,0,0,0,NA,NA,"all","non-hispanic black"
"[23,24)",0,0,0,0,0,0,0,0,0,0,"all","non-hispanic other"
"[23,24)",0.00310183651026159,0.00304791234352934,0,0,0,0,0,0,0,0,"all","non-hispanic white"
"[24,25)",0.00566836557200819,0.00591195626673923,0,0,0,0,0,0,0,0,"all","hispanic"
"[24,25)",0,0,0,0,0,0,NA,NA,NA,NA,"all","non-hispanic asian"
"[24,25)",0,0,0.0252575517999139,0.0248506495833692,0,0,0,0,0,0,"all","non-hispanic black"
"[24,25)",0,0,0,0,0,0,0,0,NA,NA,"all","non-hispanic other"
"[24,25)",0,0,0,0,0,0,0,0,0,0,"all","non-hispanic white"
"[25,26)",0.0138407660903229,0.0139304392205503,0,0,0,0,0,0,0,0,"all","hispanic"
"[25,26)",0,0,0,0,0,0,0,0,NA,NA,"all","non-hispanic asian"
"[25,26)",0,0,0,0,0,0,0,0,0,0,"all","non-hispanic black"
"[25,26)",0.0201671938704137,0.0224663995076924,0,0,0,0,0,0,0,0,"all","non-hispanic other"
"[25,26)",0,0,0.00196050920709882,0.00197858519812309,0,0,0,0,0,0,"all","non-hispanic white"
"[26,27)",0,0,0,0,0,0,0.0392875522581637,0.0412251312370236,0,0,"all","hispanic"
"[26,27)",0,0,0,0,0,0,0,0,0,0,"all","non-hispanic asian"
"[26,27)",0.018323424862328,0.0184909526671697,0,0,0,0,0,0,0,0,"all","non-hispanic black"
"[26,27)",0,0,0,0,0,0,0,0,NA,NA,"all","non-hispanic other"
"[26,27)",0,0,0.00396845155102789,0.0033768269093958,0,0,0,0,0,0,"all","non-hispanic white"
"[27,28)",0,0,0,0,0,0,0,0,0,0,"all","hispanic"
"[27,28)",0,0,0,0,0,0,0,0,0,0,"all","non-hispanic asian"
"[27,28)",0,0,0,0,0,0,0,0,0,0,"all","non-hispanic black"
"[27,28)",0,0,0,0,0,0,0,0,NA,NA,"all","non-hispanic other"
"[27,28)",0.00175884082600826,0.00176902709612439,0,0,0,0,0,0,0,0,"all","non-hispanic white"
"[28,29)",0.00215994256565064,0.00213122357197065,0.011363178977874,0.0110694819145218,0,0,0,0,0,0,"all","hispanic"
"[28,29)",0,0,0.0604418321548966,0.0578399730103252,0,0,0,0,NA,NA,"all","non-hispanic asian"
"[28,29)",0,0,0,0,0,0,0,0,0,0,"all","non-hispanic black"
"[28,29)",0,0,0,0,0,0,0,0,0,0,"all","non-hispanic other"
"[28,29)",0,0,0.000824369350630961,0.000837411028206856,0,0,0,0,0,0,"all","non-hispanic white"
"[29,30)",0,0,0,0,0,0,0,0,0,0,"all","hispanic"
"[29,30)",0,0,0,0,0,0,0,0,0,0,"all","non-hispanic asian"
"[29,30)",0,0,0,0,0,0,0,0,0,0,"all","non-hispanic black"
"[29,30)",0,0,0,0,0,0,0,0,0,0,"all","non-hispanic other"
"[29,30)",0,0,0.00391802796923026,0.00480155422802769,0,0,0.0399558432704765,0.038041704664862,0,0,"all","non-hispanic white"
"[30,31)",0,0,0,0,0,0,0,0,0,0,"all","hispanic"
"[30,31)",0,0,0,0,0,0,0,0,NA,NA,"all","non-hispanic asian"
"[30,31)",0,0,0.0160192098043391,0.0164881530406149,0,0,0,0,0,0,"all","non-hispanic black"
"[30,31)",0,0,0,0,0,0,0,0,0,0,"all","non-hispanic other"
"[30,31)",0.00437049948042513,0.00424373955090525,0.00914720923742249,0.00652628708002244,0,0,0,0,0,0,"all","non-hispanic white"
"[31,32)",0,0,0.0138078780136131,0.0136029835140782,0,0,0,0,0,0,"all","hispanic"
"[31,32)",0,0,0,0,0,0,0,0,0,0,"all","non-hispanic asian"
"[31,32)",0,0,0,0,0,0,0,0,0,0,"all","non-hispanic black"
"[31,32)",0,0,0,0,0,0,0,0,NA,NA,"all","non-hispanic other"
"[31,32)",0.00853571635436808,0.00836367658485345,0.0028906607892201,0.00281746416573329,0,0,0,0,0,0,"all","non-hispanic white"
"[32,33)",0,0,0.0169618865513806,0.0160475128821452,0,0,0,0,0,0,"all","hispanic"
"[32,33)",0.0153185810688185,0.0151032085535688,0.0275034300838853,0.0267236850224065,0,0,0,0,0,0,"all","non-hispanic asian"
"[32,33)",0,0,0,0,0,0,0,0,0,0,"all","non-hispanic black"
"[32,33)",0.0280635084170493,0.0280235996283675,0,0,0,0,0,0,NA,NA,"all","non-hispanic other"
"[32,33)",0,0,0.00350186362236216,0.00349204022152826,0,0,0.0558476580238019,0.0537116686171182,0,0,"all","non-hispanic white"
"[33,34)",0,0,0.00929302844156523,0.0092094531285118,0,0,0,0,0,0,"all","hispanic"
"[33,34)",0,0,0,0,0,0,0,0,0,0,"all","non-hispanic asian"
"[33,34)",0,0,0.0137714851931505,0.014461683028587,0,0,0,0,0,0,"all","non-hispanic black"
"[33,34)",0,0,0,0,0,0,0.268913689275695,0.272036884494843,0,0,"all","non-hispanic other"
"[33,34)",0.00538888700072099,0.00347733186429405,0.00315763644885722,0.00222057995258707,0,0,0,0,0,0,"all","non-hispanic white"
"[34,35)",0,0,0,0,0,0,0,0,0,0,"all","hispanic"
"[34,35)",0,0,0.0623058746167152,0.0608582752906746,0,0,0,0,0,0,"all","non-hispanic asian"
"[34,35)",0,0,0.107845940749092,0.067165665734119,0,0,0,0,0,0,"all","non-hispanic black"
"[34,35)",0,0,0,0,0,0,0,0,0,0,"all","non-hispanic other"
"[34,35)",0.00365724137498995,0.00364716180745705,0.00244580877095265,0.00246117623057451,0,0,0,0,0,0,"all","non-hispanic white"
"[35,36)",0,0,0.0144390295426618,0.014414051068382,0,0,0,0,0,0,"all","hispanic"
"[35,36)",0.0233030908867259,0.0232718816714856,0,0,0,0,0,0,0,0,"all","non-hispanic asian"
"[35,36)",0.042279338352224,0.0430464923668375,0.0580930792006186,0.0451398347905652,0,0,0,0,0,0,"all","non-hispanic black"
"[35,36)",0,0,0,0,0,0,0,0,NA,NA,"all","non-hispanic other"
"[35,36)",0.00805909944694662,0.0060348547717451,0.00249206185591186,0.00245143919060995,0,0,0,0,0,0,"all","non-hispanic white"
"[36,37)",0.00835555798033548,0.008312519291139,0.0100399565691097,0.0100224046964676,0,0,0,0,0,0,"all","hispanic"
"[36,37)",0,0,0,0,0,0,0,0,0,0,"all","non-hispanic asian"
"[36,37)",0,0,0.0659424131657659,0.0480893713727728,0,0,0.0560703798742367,0.0620591931913188,0,0,"all","non-hispanic black"
"[36,37)",0,0,0.0680386391772314,0.0667535929639102,0,0,0,0,NA,NA,"all","non-hispanic other"
"[36,37)",0.00289363098295183,0.00301611491078392,0.0134113727264089,0.0074552268074315,0.00256699750388185,0.00254313816305131,0,0,0,0,"all","non-hispanic white"
"[37,38)",0,0,0.0309359941172756,0.0218187364601783,0,0,0,0,0,0,"all","hispanic"
"[37,38)",0,0,0,0,0,0,0,0,0,0,"all","non-hispanic asian"
"[37,38)",0,0,0.0277468209385757,0.0257102272348787,0,0,0,0,0,0,"all","non-hispanic black"
"[37,38)",0,0,0,0,0,0,0,0,0,0,"all","non-hispanic other"
"[37,38)",0.00592857629663868,0.00450853544638505,0,0,0,0,0,0,0,0,"all","non-hispanic white"
"[38,39)",0.0173141645224439,0.0171721658882713,0.0188888547871201,0.0128137541271677,0,0,0.0483442884643585,0.0529889315606237,0,0,"all","hispanic"
"[38,39)",0,0,0,0,0,0,0,0,0,0,"all","non-hispanic asian"
"[38,39)",0,0,0.0436545359347862,0.0422049908634953,0,0,0,0,0,0,"all","non-hispanic black"
"[38,39)",0,0,0,0,0,0,0,0,0.176086391278918,0.195603390181554,"all","non-hispanic other"
"[38,39)",0.0103400396896979,0.00518577714190139,0.0115738199355077,0.00590188263198154,0,0,0,0,0,0,"all","non-hispanic white"
"[39,40)",0,0,0,0,0,0,0,0,0.085678584329176,0.0961027215962317,"all","hispanic"
"[39,40)",0,0,0,0,0,0,0,0,0,0,"all","non-hispanic asian"
"[39,40)",0,0,0,0,0.0228267000413332,0.0215612064277889,0,0,0,0,"all","non-hispanic black"
"[39,40)",0,0,0.0904476041594786,0.0879667133969729,0,0,0,0,0,0,"all","non-hispanic other"
"[39,40)",0.00181173032053838,0.00184226437755195,0.00569831474279024,0.00438248470843625,0,0,0,0,0.0755030600607089,0.0644800513584661,"all","non-hispanic white"
"[40,41)",0,0,0.0287783696550015,0.0215927128889339,0,0,0.0557956312431943,0.0525388751914149,0,0,"all","hispanic"
"[40,41)",0,0,0,0,0,0,0,0,0,0,"all","non-hispanic asian"
"[40,41)",0,0,0,0,0,0,0,0,0.144803694757088,0.135438331543778,"all","non-hispanic black"
"[40,41)",0.0544684310359277,0.0567925028294624,0,0,0,0,0,0,NA,NA,"all","non-hispanic other"
"[40,41)",0.00339864298161564,0.00346330173492159,0,0,0,0,0,0,0.0560871866806456,0.0559829891307991,"all","non-hispanic white"
"[41,42)",0,0,0.0152090198391455,0.0148937837292695,0,0,0.0229277304078533,0.0230553150995191,0,0,"all","hispanic"
"[41,42)",0,0,0,0,0,0,0,0,0,0,"all","non-hispanic asian"
"[41,42)",0,0,0.0335922715456472,0.0340607767850239,0,0,0,0,0.255154004040906,0.246849329988765,"all","non-hispanic black"
"[41,42)",0,0,0,0,0,0,0,0,NA,NA,"all","non-hispanic other"
"[41,42)",0.00574428266996427,0.00583035452592311,0.00974575075181815,0.0057245699127034,0,0,0,0,0,0,"all","non-hispanic white"
"[42,43)",0,0,0.0334801981179439,0.023960229344493,0,0,0.0246261091042998,0.0257098900088273,0,0,"all","hispanic"
"[42,43)",0.0292325493350841,0.0275461418230484,0,0,0,0,0,0,0,0,"all","non-hispanic asian"
"[42,43)",0,0,0.0410787088463039,0.0349929656641287,0,0,0,0,0,0,"all","non-hispanic black"
"[42,43)",0,0,0,0,0,0,0,0,0,0,"all","non-hispanic other"
"[42,43)",0.0131918116855287,0.00685103844315689,0.010764268180055,0.0074191444014342,0,0,0,0,0.0532377008779965,0.0534386280886227,"all","non-hispanic white"
"[43,44)",0,0,0,0,0,0,0,0,0,0,"all","hispanic"
"[43,44)",0,0,0,0,0,0,0,0,NA,NA,"all","non-hispanic asian"
"[43,44)",0,0,0,0,0,0,0,0,0.0978927827908188,0.100321923895982,"all","non-hispanic black"
"[43,44)",0,0,0,0,0,0,0,0,0,0,"all","non-hispanic other"
"[43,44)",0.00361775201503178,0.00360604039183289,0.00916611435272866,0.00547729803354472,0,0,0,0,0.0347528571352938,0.0350259497924219,"all","non-hispanic white"
"[44,45)",0,0,0,0,0,0,0.0345214028693082,0.032919074810152,0.132292055310754,0.10621632984489,"all","hispanic"
"[44,45)",0,0,0,0,0,0,0,0,0,0,"all","non-hispanic asian"
"[44,45)",0,0,0.0423470948059019,0.040983856814829,0,0,0,0,0,0,"all","non-hispanic black"
"[44,45)",0,0,0,0,0,0,0.176788414794566,0.181419827253161,0,0,"all","non-hispanic other"
"[44,45)",0,0,0.0137589356327668,0.00996860383993558,0,0,0,0,0,0,"all","non-hispanic white"
"[45,46)",0,0,0,0,0,0,0,0,0,0,"all","hispanic"
"[45,46)",0,0,0,0,0,0,0,0,0,0,"all","non-hispanic asian"
"[45,46)",0.0155533207238959,0.0153105624935005,0.0283920883053517,0.0271289636215957,0,0,0,0,0,0,"all","non-hispanic black"
"[45,46)",0,0,0,0,0,0,0,0,0,0,"all","non-hispanic other"
"[45,46)",0.0159315344801849,0.00938983295764175,0.0181719027956192,0.00813839394606114,0,0,0,0,0,0,"all","non-hispanic white"
"[46,47)",0,0,0.041021735738701,0.0306277043366855,0,0,0,0,0,0,"all","hispanic"
"[46,47)",0,0,0,0,0,0,0,0,0,0,"all","non-hispanic asian"
"[46,47)",0,0,0,0,0,0,0,0,0,0,"all","non-hispanic black"
"[46,47)",0,0,0,0,0,0,0,0,0,0,"all","non-hispanic other"
"[46,47)",0,0,0.0182307076141304,0.00963296572594546,0.00688538399645185,0.00698755491530006,0.0787073831603967,0.0403464137890061,0,0,"all","non-hispanic white"
"[47,48)",0.0145934609504102,0.0150794429597488,0,0,0,0,0.0398598562493548,0.0410649590261475,0,0,"all","hispanic"
"[47,48)",0,0,0.0548798379470881,0.0524047359987669,0,0,0,0,0,0,"all","non-hispanic asian"
"[47,48)",0,0,0,0,0,0,0.107071876494824,0.0950409880408924,0,0,"all","non-hispanic black"
"[47,48)",0,0,0,0,0,0,0,0,NA,NA,"all","non-hispanic other"
"[47,48)",0.00710142262975679,0.00511156522702593,0.0175827044225528,0.00707785271598288,0,0,0,0,0.032903211940997,0.0326590227595506,"all","non-hispanic white"
"[48,49)",0.0127659196590913,0.0128605476200228,0.0474311893108789,0.0222786774135768,0,0,0.120034986237947,0.0977401067792324,0,0,"all","hispanic"
"[48,49)",0,0,0.0235507692123171,0.0234174181012951,0,0,0,0,0,0,"all","non-hispanic asian"
"[48,49)",0.0505327095367738,0.0499612739566974,0.0302168598116054,0.0293542686998321,0,0,0.0729831753335696,0.0754002878637057,0,0,"all","non-hispanic black"
"[48,49)",0,0,0,0,0,0,0,0,0,0,"all","non-hispanic other"
"[48,49)",0.00883404704323159,0.0085983912266845,0.0341387338139373,0.0156470482585303,0,0,0.0539837274491223,0.0323763378610594,0.034076855002264,0.0222561696323248,"all","non-hispanic white"
"[49,50)",0,0,0.0270407792942806,0.0269239302738859,0,0,0.0479838401369896,0.0460004857694079,0.0751664087954426,0.0785992530975385,"all","hispanic"
"[49,50)",0.0650636522350623,0.0638728986775665,0,0,0,0,0,0,0,0,"all","non-hispanic asian"
"[49,50)",0.0706636127777679,0.0671210938764551,0,0,0,0,0.0618660270946368,0.0646923770293582,0,0,"all","non-hispanic black"
"[49,50)",0,0,0,0,0,0,0,0,0,0,"all","non-hispanic other"
"[49,50)",0.00880773210918379,0.00640287868141859,0.0132047621042639,0.00721578246319667,0,0,0.0110267076531082,0.011431330276603,0.0928877411911947,0.0656956675945938,"all","non-hispanic white"
"[50,51)",0,0,0,0,0,0,0.0277112739426776,0.0296190492378823,0,0,"all","hispanic"
"[50,51)",0.0724099776760292,0.0697838807630228,0.0517626757202796,0.0580745069365881,0,0,0.139397967227308,0.114711234674553,0,0,"all","non-hispanic asian"
"[50,51)",0,0,0.0453463217252245,0.0498867790950593,0,0,0.150255215773463,0.120211117319723,0.0456546665458963,0.0450633666896585,"all","non-hispanic black"
"[50,51)",0,0,0,0,0,0,NA,NA,0,0,"all","non-hispanic other"
"[50,51)",0.00697281846457592,0.00611256173376364,0.0227626088228867,0.0113774914989752,0.00619439660995896,0.00616749458568229,0.0284395093196272,0.00703273053816086,0.0178437872803139,0.0177384037563708,"all","non-hispanic white"
"[51,52)",0,0,0.0667181041403457,0.0483856830389871,0,0,0.136109337026462,0.0764452253121505,0.0332924596763106,0.03512254806971,"all","hispanic"
"[51,52)",0,0,0,0,0,0,0,0,0,0,"all","non-hispanic asian"
"[51,52)",0,0,0,0,0,0,0,0,0.74660810405104,0.281726471321568,"all","non-hispanic black"
"[51,52)",0,0,0,0,0,0,0,0,0,0,"all","non-hispanic other"
"[51,52)",0.00843676646662098,0.00842589678163695,0.0358131841882998,0.0157342548392829,0,0,0.0345720309554953,0.0204401353392529,0.0855815809020307,0.0373542115166923,"all","non-hispanic white"
"[52,53)",0,0,0.0415387988754706,0.0340969873366513,0,0,0.0558415456695487,0.0381699273186146,0,0,"all","hispanic"
"[52,53)",0,0,0,0,0,0,0,0,0.156067189115135,0.164776128608939,"all","non-hispanic asian"
"[52,53)",0,0,0.148068575292332,0.114036445915378,0,0,0.126100192295323,0.111523747336787,0,0,"all","non-hispanic black"
"[52,53)",0,0,0,0,0,0,0,0,0,0,"all","non-hispanic other"
"[52,53)",0.0119275448600075,0.0086985713844234,0.030976956253436,0.0136642145373052,0.00288856761592854,0.00309795285439786,0.0406986775932145,0.0188454579867234,0.0147902641183027,0.0159565918181202,"all","non-hispanic white"
"[53,54)",0,0,0.0693569646376876,0.0586696335632653,0,0,0.0387625884416654,0.0385800499269315,0,0,"all","hispanic"
"[53,54)",0,0,0,0,0,0,0.219259436571032,0.190732849380957,0,0,"all","non-hispanic asian"
"[53,54)",0,0,0,0,0,0,0.24383909469041,0.126777494336604,0.115928538626577,0.119029242825523,"all","non-hispanic black"
"[53,54)",0,0,0,0,0,0,0,0,0,0,"all","non-hispanic other"
"[53,54)",0.00250976916948799,0.00256313935492238,0.0249963842662481,0.0136527760338788,0,0,0.040578575867596,0.0185066866700963,0.018657531021766,0.0199722201070902,"all","non-hispanic white"
"[54,55)",0,0,0.0625787630465732,0.0605179524339435,0,0,0,0,0.0648752462393365,0.0664808834139142,"all","hispanic"
"[54,55)",0,0,0,0,0,0,0.135254070077215,0.13625457792965,0,0,"all","non-hispanic asian"
"[54,55)",0.0198191269257881,0.0209919778919411,0,0,0,0,0.0146122487291823,0.0153816064107568,0,0,"all","non-hispanic black"
"[54,55)",0,0,0,0,0,0,0,0,NA,NA,"all","non-hispanic other"
"[54,55)",0,0,0.0218270578116674,0.0128137156927946,0.0045960665965867,0.00467362587096331,0.0419435839040735,0.0265089321756446,0.0333995921447456,0.0269104872620521,"all","non-hispanic white"
"[55,56)",0,0,0,0,0,0,0.0885968551925633,0.0853433486078855,0.239571117546317,0.225250551135864,"all","hispanic"
"[55,56)",0,0,0.125208114073203,0.119934249891645,0,0,0,0,0.120564577023564,0.186498472774807,"all","non-hispanic asian"
"[55,56)",0,0,0.105578053684988,0.0905345375635224,0,0,0,0,0,0,"all","non-hispanic black"
"[55,56)",0,0,0,0,0,0,0,0,0,0,"all","non-hispanic other"
"[55,56)",0.0294313590545024,0.0189892846942748,0.0259021209843629,0.0157289187036713,0,0,0.0498461415350287,0.023319008950798,0.0763185995590978,0.0447432120966344,"all","non-hispanic white"
"[56,57)",0,0,0.0269426915955094,0.0268547753090265,0,0,0.125274442354053,0.0913595054078087,0,0,"all","hispanic"
"[56,57)",0,0,0,0,0,0,0,0,0,0,"all","non-hispanic asian"
"[56,57)",0,0,0,0,0,0,0,0,0,0,"all","non-hispanic black"
"[56,57)",0,0,0,0,0,0,0,0,0,0,"all","non-hispanic other"
"[56,57)",0.0263583182419598,0.016193736403191,0.0271163096860735,0.0162549998683819,0,0,0.0227369916689254,0.0122163335131591,0,0,"all","non-hispanic white"
"[57,58)",0.0639219242703637,0.0611059072765903,0.0195140528222569,0.0202187861422068,0,0,0,0,0,0,"all","hispanic"
"[57,58)",0,0,0,0,0,0,0.0479187329850765,0.049346792879311,0,0,"all","non-hispanic asian"
"[57,58)",0,0,0.307550705922935,0.158704061890728,0,0,0.0655742732238089,0.0519419788771279,0,0,"all","non-hispanic black"
"[57,58)",0,0,0.231167501323904,0.225251601842234,0,0,0,0,NA,NA,"all","non-hispanic other"
"[57,58)",0.0311854881556231,0.0190441240187237,0.0742563237275087,0.0266321374997803,0,0,0.0564897846406277,0.0226670508864818,0.063423770040919,0.0594809489655893,"all","non-hispanic white"
"[58,59)",0,0,0,0,0,0,0,0,0,0,"all","hispanic"
"[58,59)",0,0,0.320595116922811,0.17598688993722,0,0,0.10935487150605,0.110442094905192,0.186214898257634,0.237447555617512,"all","non-hispanic asian"
"[58,59)",0.168786339829375,0.154624543633677,0,0,0,0,0,0,0.159834905729251,0.157476533427517,"all","non-hispanic black"
"[58,59)",0,0,0,0,0,0,0.171038769154451,0.142208936815933,0.123483853217585,0.121419943210213,"all","non-hispanic other"
"[58,59)",0,0,0.0278590026929454,0.015926595012201,0.0111890835645373,0.0110172924814636,0.0743623648121384,0.0242976097721829,0.109191088325918,0.0516016269263041,"all","non-hispanic white"
"[59,60)",0,0,0.0544314827840653,0.0509590194816184,0,0,0.0780224547333275,0.0607897968673301,0,0,"all","hispanic"
"[59,60)",0,0,0,0,0,0,0,0,0,0,"all","non-hispanic asian"
"[59,60)",0,0,0,0,0,0,0,0,0,0,"all","non-hispanic black"
"[59,60)",0.0139672102562342,0.0141355674131129,0.092136929727177,0.0355799772162336,0,0,0.0686703501781824,0.0217511838456972,0.083757471533869,0.0419813282192475,"all","non-hispanic white"
"[60,Inf)",0,0,0.0692525828162853,0.0427507104990573,0.0140994479842533,0.0139110934857221,0.0461340177827566,0.016522160272348,0.214729692107038,0.0641977485588077,"all","hispanic"
"[60,Inf)",0.0513200867522782,0.051050782798024,0,0,0,0,0.0431664642962169,0.0312817048365997,0.102462068864161,0.108033030295989,"all","non-hispanic asian"
"[60,Inf)",0.0342660563258579,0.0338590571476365,0.0454085057426834,0.0408855228599696,0,0,0.0628710059392071,0.0197031767970144,0.0307945302567056,0.0318025261843028,"all","non-hispanic black"
"[60,Inf)",0,0,0.195653010006919,0.196101500553278,0.120180828682105,0.125827044849447,0.118489706832092,0.0531274977981368,0.263352871228003,0.14198104380762,"all","non-hispanic other"
"[60,Inf)",0.0251796836661367,0.00997457884703942,0.0643683355964554,0.0140511949457534,0.017876857424045,0.00706886881363066,0.0941384920469518,0.00839451075570927,0.119593278141823,0.0205473558058106,"all","non-hispanic white"
"[59,60)",NA,NA,NA,NA,NA,NA,0,0,0,0,"all","non-hispanic other"
"[0,1)",0,0,0,0,0,0,NA,NA,NA,NA,"female","hispanic"
"[0,1)",0,0,0,0,0,0,NA,NA,NA,NA,"male","hispanic"
"[0,1)",0,0,0,0,0,0,NA,NA,NA,NA,"female","non-hispanic asian"
"[0,1)",0,0,0,0,0,0,NA,NA,NA,NA,"male","non-hispanic asian"
"[0,1)",0,0,0,0,0,0,NA,NA,NA,NA,"female","non-hispanic black"
"[0,1)",0,0,0,0,0,0,NA,NA,NA,NA,"male","non-hispanic black"
"[0,1)",0,0,0,0,0,0,NA,NA,NA,NA,"female","non-hispanic other"
"[0,1)",0,0,0,0,0,0,NA,NA,NA,NA,"male","non-hispanic other"
"[0,1)",0,0,0,0,0,0,NA,NA,NA,NA,"female","non-hispanic white"
"[0,1)",0,0,0,0,0,0,NA,NA,NA,NA,"male","non-hispanic white"
"[1,2)",0,0,0,0,0,0,NA,NA,NA,NA,"female","hispanic"
"[1,2)",0,0,0,0,0,0,NA,NA,NA,NA,"male","hispanic"
"[1,2)",0,0,0,0,0,0,NA,NA,NA,NA,"female","non-hispanic asian"
"[1,2)",0,0,0,0,0,0,NA,NA,NA,NA,"male","non-hispanic asian"
"[1,2)",0,0,0,0,0,0,0,0,NA,NA,"female","non-hispanic black"
"[1,2)",0,0,0,0,0,0,NA,NA,NA,NA,"male","non-hispanic black"
"[1,2)",0,0,0,0,0,0,NA,NA,NA,NA,"female","non-hispanic other"
"[1,2)",0,0,0,0,0,0,NA,NA,NA,NA,"male","non-hispanic other"
"[1,2)",0,0,0,0,0,0,NA,NA,0,0,"female","non-hispanic white"
"[1,2)",0,0,0,0,0,0,NA,NA,0,0,"male","non-hispanic white"
"[2,3)",0,0,0.00924776585083994,0.0101656295961782,0,0,NA,NA,NA,NA,"female","hispanic"
"[2,3)",0,0,0,0,0,0,NA,NA,NA,NA,"male","hispanic"
"[2,3)",0,0,0,0,0,0,NA,NA,NA,NA,"female","non-hispanic asian"
"[2,3)",0,0,0,0,0,0,NA,NA,NA,NA,"male","non-hispanic asian"
"[2,3)",0,0,0,0,0,0,NA,NA,NA,NA,"female","non-hispanic black"
"[2,3)",0,0,0,0,0,0,NA,NA,NA,NA,"male","non-hispanic black"
"[2,3)",0,0,0,0,0,0,NA,NA,NA,NA,"female","non-hispanic other"
"[2,3)",0,0,0,0,0,0,NA,NA,NA,NA,"male","non-hispanic other"
"[2,3)",0,0,0,0,0,0,NA,NA,NA,NA,"female","non-hispanic white"
"[2,3)",0,0,0,0,0,0,NA,NA,NA,NA,"male","non-hispanic white"
"[3,4)",0,0,0,0,0,0,NA,NA,NA,NA,"female","hispanic"
"[3,4)",0,0,0,0,0,0,NA,NA,NA,NA,"male","hispanic"
"[3,4)",0,0,0,0,0,0,NA,NA,NA,NA,"female","non-hispanic asian"
"[3,4)",0,0,0,0,0,0,NA,NA,NA,NA,"male","non-hispanic asian"
"[3,4)",0,0,0,0,0,0,NA,NA,NA,NA,"female","non-hispanic black"
"[3,4)",0,0,0,0,0,0,NA,NA,NA,NA,"male","non-hispanic black"
"[3,4)",0,0,0,0,0,0,NA,NA,NA,NA,"female","non-hispanic other"
"[3,4)",0,0,0,0,0,0,NA,NA,NA,NA,"male","non-hispanic other"
"[3,4)",0,0,0,0,0,0,NA,NA,NA,NA,"female","non-hispanic white"
"[3,4)",0,0,0,0,0,0,NA,NA,NA,NA,"male","non-hispanic white"
"[4,5)",0,0,0,0,0,0,NA,NA,NA,NA,"female","hispanic"
"[4,5)",0,0,0,0,0,0,0,0,NA,NA,"male","hispanic"
"[4,5)",0,0,0,0,0,0,NA,NA,NA,NA,"female","non-hispanic asian"
"[4,5)",0,0,0,0,0,0,NA,NA,NA,NA,"male","non-hispanic asian"
"[4,5)",0,0,0,0,0,0,0,0,NA,NA,"female","non-hispanic black"
"[4,5)",0,0,0,0,0,0,0,0,NA,NA,"male","non-hispanic black"
"[4,5)",0,0,0,0,0,0,NA,NA,NA,NA,"female","non-hispanic other"
"[4,5)",0,0,0,0,0,0,0,0,NA,NA,"male","non-hispanic other"
"[4,5)",0,0,0,0,0,0,NA,NA,0,0,"female","non-hispanic white"
"[4,5)",0,0,0.00310322236035793,0.00294675035426267,0,0,NA,NA,NA,NA,"male","non-hispanic white"
"[5,6)",0,0,0,0,0,0,NA,NA,NA,NA,"female","hispanic"
"[5,6)",0,0,0,0,0,0,NA,NA,NA,NA,"male","hispanic"
"[5,6)",0,0,0,0,0,0,NA,NA,NA,NA,"female","non-hispanic asian"
"[5,6)",0,0,0,0,0,0,NA,NA,NA,NA,"male","non-hispanic asian"
"[5,6)",0,0,0,0,0,0,NA,NA,NA,NA,"female","non-hispanic black"
"[5,6)",0,0,0,0,0,0,NA,NA,0,0,"male","non-hispanic black"
"[5,6)",0,0,0,0,0,0,NA,NA,NA,NA,"female","non-hispanic other"
"[5,6)",0,0,0,0,0,0,NA,NA,NA,NA,"male","non-hispanic other"
"[5,6)",0,0,0,0,0,0,NA,NA,0,0,"female","non-hispanic white"
"[5,6)",0,0,0,0,0,0,0,0,0,0,"male","non-hispanic white"
"[6,7)",0,0,0,0,0,0,0,0,NA,NA,"female","hispanic"
"[6,7)",0,0,0,0,0,0,0,0,NA,NA,"male","hispanic"
"[6,7)",0,0,0,0,0,0,NA,NA,NA,NA,"female","non-hispanic asian"
"[6,7)",0,0,0,0,0,0,NA,NA,NA,NA,"male","non-hispanic asian"
"[6,7)",0,0,0,0,0,0,NA,NA,NA,NA,"female","non-hispanic black"
"[6,7)",0,0,0,0,0,0,0,0,NA,NA,"male","non-hispanic black"
"[6,7)",0,0,0,0,0,0,NA,NA,NA,NA,"female","non-hispanic other"
"[6,7)",0,0,0,0,0,0,NA,NA,NA,NA,"male","non-hispanic other"
"[6,7)",0,0,0,0,0,0,NA,NA,0,0,"female","non-hispanic white"
"[6,7)",0,0,0,0,0,0,NA,NA,NA,NA,"male","non-hispanic white"
"[7,8)",0,0,0,0,0,0,0,0,0,0,"female","hispanic"
"[7,8)",0,0,0,0,0,0,NA,NA,NA,NA,"male","hispanic"
"[7,8)",0,0,0,0,0,0,NA,NA,NA,NA,"female","non-hispanic asian"
"[7,8)",0,0,0,0,0,0,NA,NA,NA,NA,"male","non-hispanic asian"
"[7,8)",0,0,0,0,0,0,0,0,0,0,"female","non-hispanic black"
"[7,8)",0,0,0,0,0,0,0,0,NA,NA,"male","non-hispanic black"
"[7,8)",0,0,0,0,0,0,0,0,NA,NA,"female","non-hispanic other"
"[7,8)",0,0,0,0,0,0,NA,NA,NA,NA,"male","non-hispanic other"
"[7,8)",0,0,0,0,0,0,0,0,0,0,"female","non-hispanic white"
"[7,8)",0,0,0,0,0,0,0,0,NA,NA,"male","non-hispanic white"
"[8,9)",0,0,0,0,0,0,0,0,0,0,"female","hispanic"
"[8,9)",0,0,0,0,0,0,NA,NA,NA,NA,"male","hispanic"
"[8,9)",0,0,0,0,0,0,NA,NA,NA,NA,"female","non-hispanic asian"
"[8,9)",0,0,0,0,0,0,NA,NA,NA,NA,"male","non-hispanic asian"
"[8,9)",0,0,0,0,0,0,0.416255179962635,0.346580075364002,NA,NA,"female","non-hispanic black"
"[8,9)",0,0,0,0,0,0,0,0,NA,NA,"male","non-hispanic black"
"[8,9)",0,0,0,0,0,0,NA,NA,NA,NA,"female","non-hispanic other"
"[8,9)",0,0,0,0,0,0,NA,NA,NA,NA,"male","non-hispanic other"
"[8,9)",0,0,0.0101110010780001,0.00974898935583853,0,0,NA,NA,NA,NA,"female","non-hispanic white"
"[8,9)",0,0,0,0,0,0,0,0,0,0,"male","non-hispanic white"
"[9,10)",0,0,0,0,0,0,NA,NA,NA,NA,"female","hispanic"
"[9,10)",0,0,0,0,0,0,NA,NA,NA,NA,"male","hispanic"
"[9,10)",0,0,0,0,0,0,NA,NA,NA,NA,"female","non-hispanic asian"
"[9,10)",0,0,0,0,0,0,NA,NA,NA,NA,"male","non-hispanic asian"
"[9,10)",0,0,0,0,0,0,NA,NA,NA,NA,"female","non-hispanic black"
"[9,10)",0,0,0,0,0,0,NA,NA,NA,NA,"male","non-hispanic black"
"[9,10)",0,0,0,0,0,0,0,0,NA,NA,"female","non-hispanic other"
"[9,10)",0,0,0,0,0,0,0,0,NA,NA,"male","non-hispanic other"
"[9,10)",0,0,0,0,0,0,NA,NA,0,0,"female","non-hispanic white"
"[9,10)",0,0,0,0,0,0,0,0,0,0,"male","non-hispanic white"
"[10,11)",0,0,0,0,0,0,NA,NA,NA,NA,"female","hispanic"
"[10,11)",0,0,0,0,0,0,NA,NA,NA,NA,"male","hispanic"
"[10,11)",0,0,0,0,0,0,NA,NA,NA,NA,"female","non-hispanic asian"
"[10,11)",0,0,0,0,0,0,NA,NA,NA,NA,"male","non-hispanic asian"
"[10,11)",0,0,0,0,0,0,0,0,NA,NA,"female","non-hispanic black"
"[10,11)",0,0,0,0,0,0,0,0,NA,NA,"male","non-hispanic black"
"[10,11)",0,0,0,0,0,0,NA,NA,0,0,"female","non-hispanic other"
"[10,11)",0,0,0.038628248935347,0.0368252099491005,0,0,NA,NA,NA,NA,"male","non-hispanic other"
"[10,11)",0,0,0,0,0,0,0,0,NA,NA,"female","non-hispanic white"
"[10,11)",0,0,0,0,0,0,0,0,NA,NA,"male","non-hispanic white"
"[11,12)",0,0,0,0,0,0,0,0,NA,NA,"female","hispanic"
"[11,12)",0,0,0,0,0,0,0,0,NA,NA,"male","hispanic"
"[11,12)",0,0,0,0,0,0,NA,NA,NA,NA,"female","non-hispanic asian"
"[11,12)",0,0,0,0,0,0,NA,NA,NA,NA,"male","non-hispanic asian"
"[11,12)",0,0,0,0,0,0,0,0,NA,NA,"female","non-hispanic black"
"[11,12)",0,0,0,0,0,0,0,0,NA,NA,"male","non-hispanic black"
"[11,12)",0,0,0,0,0,0,NA,NA,NA,NA,"female","non-hispanic other"
"[11,12)",0,0,0,0,0,0,NA,NA,NA,NA,"male","non-hispanic other"
"[11,12)",0,0,0,0,0,0,0,0,0,0,"female","non-hispanic white"
"[11,12)",0,0,0,0,0,0,0.316282474296477,0.273676801619849,NA,NA,"male","non-hispanic white"
"[12,13)",0,0,0,0,0,0,0,0,0,0,"female","hispanic"
"[12,13)",0,0,0,0,0,0,0,0,0,0,"male","hispanic"
"[12,13)",0,0,0,0,0,0,NA,NA,NA,NA,"female","non-hispanic asian"
"[12,13)",0,0,0,0,0,0,NA,NA,NA,NA,"male","non-hispanic asian"
"[12,13)",0,0,0,0,0,0,0,0,NA,NA,"female","non-hispanic black"
"[12,13)",0,0,0,0,0,0,0,0,0,0,"male","non-hispanic black"
"[12,13)",0,0,0,0,0,0,0,0,NA,NA,"female","non-hispanic other"
"[12,13)",0,0,0,0,0,0,0,0,NA,NA,"male","non-hispanic other"
"[12,13)",0,0,0.0283464221907277,0.0200875406386878,0,0,0,0,0,0,"female","non-hispanic white"
"[12,13)",0,0,0,0,0,0,0,0,NA,NA,"male","non-hispanic white"
"[13,14)",0,0,0,0,0,0,0,0,0,0,"female","hispanic"
"[13,14)",0,0,0,0,0,0,0,0,NA,NA,"male","hispanic"
"[13,14)",0,0,0,0,0,0,NA,NA,NA,NA,"female","non-hispanic asian"
"[13,14)",0,0,0,0,0,0,NA,NA,NA,NA,"male","non-hispanic asian"
"[13,14)",0,0,0,0,0,0,NA,NA,NA,NA,"female","non-hispanic black"
"[13,14)",0,0,0.0392500491238736,0.039862071757751,0,0,0,0,NA,NA,"male","non-hispanic black"
"[13,14)",0,0,0,0,0,0,NA,NA,0,0,"female","non-hispanic other"
"[13,14)",0,0,0,0,0,0,0,0,NA,NA,"male","non-hispanic other"
"[13,14)",0,0,0,0,0,0,0,0,0,0,"female","non-hispanic white"
"[13,14)",0,0,0,0,0,0,0,0,0,0,"male","non-hispanic white"
"[14,15)",0,0,0,0,0,0,0,0,0,0,"female","hispanic"
"[14,15)",0,0,0,0,0,0,0,0,0,0,"male","hispanic"
"[14,15)",0,0,0,0,0,0,NA,NA,NA,NA,"female","non-hispanic asian"
"[14,15)",0,0,0,0,0,0,NA,NA,NA,NA,"male","non-hispanic asian"
"[14,15)",0,0,0,0,0,0,0,0,NA,NA,"female","non-hispanic black"
"[14,15)",0,0,0,0,0,0,0,0,0,0,"male","non-hispanic black"
"[14,15)",0,0,0,0,0,0,NA,NA,0,0,"female","non-hispanic other"
"[14,15)",0,0,0,0,0,0,NA,NA,NA,NA,"male","non-hispanic other"
"[14,15)",0,0,0,0,0,0,0,0,0,0,"female","non-hispanic white"
"[14,15)",0,0,0,0,0,0,0,0,0,0,"male","non-hispanic white"
"[15,16)",0,0,0,0,0,0,0,0,0,0,"female","hispanic"
"[15,16)",0,0,0,0,0,0,0,0,NA,NA,"male","hispanic"
"[15,16)",0,0,0,0,0,0,NA,NA,NA,NA,"female","non-hispanic asian"
"[15,16)",0,0,0,0,0,0,NA,NA,NA,NA,"male","non-hispanic asian"
"[15,16)",0,0,0,0,0,0,0,0,NA,NA,"female","non-hispanic black"
"[15,16)",0,0,0,0,0,0,NA,NA,NA,NA,"male","non-hispanic black"
"[15,16)",0,0,0,0,0,0,0,0,NA,NA,"female","non-hispanic other"
"[15,16)",0,0,0,0,0,0,0,0,0,0,"male","non-hispanic other"
"[15,16)",0,0,0,0,0,0,0,0,0,0,"female","non-hispanic white"
"[15,16)",0,0,0.00901895274128632,0.00909102026787325,0,0,0,0,0,0,"male","non-hispanic white"
"[16,17)",0,0,0,0,0,0,0,0,NA,NA,"female","hispanic"
"[16,17)",0,0,0,0,0,0,0,0,0,0,"male","hispanic"
"[16,17)",0,0,0,0,0,0,NA,NA,NA,NA,"female","non-hispanic asian"
"[16,17)",0,0,0,0,0,0,NA,NA,NA,NA,"male","non-hispanic asian"
"[16,17)",0,0,0,0,0,0,0,0,0,0,"female","non-hispanic black"
"[16,17)",0,0,0,0,0,0,NA,NA,0,0,"male","non-hispanic black"
"[16,17)",0,0,0.0526034701641006,0.0512865079558395,0,0,NA,NA,0,0,"female","non-hispanic other"
"[16,17)",0,0,0,0,0,0,NA,NA,0,0,"male","non-hispanic other"
"[16,17)",0,0,0,0,0,0,0,0,0,0,"female","non-hispanic white"
"[16,17)",0,0,0,0,0,0,0,0,NA,NA,"male","non-hispanic white"
"[17,18)",0,0,0,0,0,0,0,0,NA,NA,"female","hispanic"
"[17,18)",0,0,0.0220934768134716,0.0216634227755611,0,0,0,0,0,0,"male","hispanic"
"[17,18)",0,0,0,0,0,0,NA,NA,NA,NA,"female","non-hispanic asian"
"[17,18)",0,0,0,0,0,0,NA,NA,0,0,"male","non-hispanic asian"
"[17,18)",0,0,0,0,0,0,0,0,0,0,"female","non-hispanic black"
"[17,18)",0,0,0,0,0,0,0,0,NA,NA,"male","non-hispanic black"
"[17,18)",0,0,0,0,0,0,0,0,NA,NA,"female","non-hispanic other"
"[17,18)",0,0,0,0,0,0,0,0,NA,NA,"male","non-hispanic other"
"[17,18)",0,0,0,0,0,0,0,0,0,0,"female","non-hispanic white"
"[17,18)",0,0,0.00940860111399084,0.00897361808438256,0,0,0,0,0,0,"male","non-hispanic white"
"[18,19)",0,0,0,0,0,0,NA,NA,0,0,"female","hispanic"
"[18,19)",0,0,0,0,0,0,0,0,0,0,"male","hispanic"
"[18,19)",0,0,0,0,0,0,NA,NA,NA,NA,"female","non-hispanic asian"
"[18,19)",0,0,0,0,0,0,0,0,0,0,"male","non-hispanic asian"
"[18,19)",0,0,0.0464894840452759,0.0456844282187981,0,0,0,0,0,0,"female","non-hispanic black"
"[18,19)",0,0,0,0,0,0,NA,NA,0,0,"male","non-hispanic black"
"[18,19)",0,0,0,0,0,0,NA,NA,NA,NA,"female","non-hispanic other"
"[18,19)",0,0,0,0,0,0,0,0,NA,NA,"male","non-hispanic other"
"[18,19)",0,0,0,0,0,0,0,0,0,0,"female","non-hispanic white"
"[18,19)",0,0,0,0,0,0,0,0,0,0,"male","non-hispanic white"
"[19,20)",0,0,0,0,0,0,0,0,NA,NA,"female","hispanic"
"[19,20)",0,0,0.0272351930369525,0.026942205106691,0,0,0,0,0,0,"male","hispanic"
"[19,20)",0,0,0,0,0,0,0,0,NA,NA,"female","non-hispanic asian"
"[19,20)",0,0,0,0,0,0,NA,NA,NA,NA,"male","non-hispanic asian"
"[19,20)",0,0,0,0,0,0,0,0,NA,NA,"female","non-hispanic black"
"[19,20)",0,0,0,0,0,0,0,0,0,0,"male","non-hispanic black"
"[19,20)",0,0,0,0,0,0,NA,NA,NA,NA,"female","non-hispanic other"
"[19,20)",0,0,0,0,0,0,0,0,NA,NA,"male","non-hispanic other"
"[19,20)",0,0,0.00355996825452161,0.00355551817475568,0,0,0,0,0,0,"female","non-hispanic white"
"[19,20)",0,0,0,0,0,0,0,0,0,0,"male","non-hispanic white"
"[20,21)",0,0,0,0,0,0,0,0,0,0,"female","hispanic"
"[20,21)",0,0,0,0,0,0,0,0,0,0,"male","hispanic"
"[20,21)",0,0,0,0,0,0,NA,NA,NA,NA,"female","non-hispanic asian"
"[20,21)",0,0,0,0,0,0,0,0,NA,NA,"male","non-hispanic asian"
"[20,21)",0,0,0,0,0,0,0,0,0,0,"female","non-hispanic black"
"[20,21)",0,0,0,0,0,0,0,0,0,0,"male","non-hispanic black"
"[20,21)",0,0,0,0,0,0,NA,NA,NA,NA,"female","non-hispanic other"
"[20,21)",0,0,0,0,0,0,0,0,NA,NA,"male","non-hispanic other"
"[20,21)",0.00542721481107659,0.0056018115502324,0.00677461852894462,0.00659164828750389,0,0,0,0,0,0,"female","non-hispanic white"
"[20,21)",0,0,0,0,0,0,0,0,0,0,"male","non-hispanic white"
"[21,22)",0,0,0,0,0,0,0,0,0,0,"female","hispanic"
"[21,22)",0,0,0,0,0,0,0,0,0,0,"male","hispanic"
"[21,22)",0,0,0,0,0,0,NA,NA,NA,NA,"female","non-hispanic asian"
"[21,22)",0,0,0,0,0,0,NA,NA,NA,NA,"male","non-hispanic asian"
"[21,22)",0,0,0,0,0,0,0,0,0,0,"female","non-hispanic black"
"[21,22)",0.0108362273187584,0.0107813993712228,0,0,0,0,NA,NA,NA,NA,"male","non-hispanic black"
"[21,22)",0,0,0,0,0,0,0,0,NA,NA,"female","non-hispanic other"
"[21,22)",0,0,0,0,0,0,0,0,0,0,"male","non-hispanic other"
"[21,22)",0,0,0,0,0,0,0,0,0,0,"female","non-hispanic white"
"[21,22)",0,0,0.00310480259901236,0.00308698104811438,0,0,0,0,0,0,"male","non-hispanic white"
"[22,23)",0,0,0.0126448789159074,0.0125535845903019,0,0,0,0,0,0,"female","hispanic"
"[22,23)",0,0,0.00652247272923669,0.00658771060807201,0,0,0,0,0,0,"male","hispanic"
"[22,23)",0,0,0,0,0,0,0,0,NA,NA,"female","non-hispanic asian"
"[22,23)",0,0,0,0,0,0,NA,NA,NA,NA,"male","non-hispanic asian"
"[22,23)",0,0,0,0,0,0,0,0,NA,NA,"female","non-hispanic black"
"[22,23)",0,0,0,0,0,0,0,0,NA,NA,"male","non-hispanic black"
"[22,23)",0,0,0,0,0,0,NA,NA,NA,NA,"female","non-hispanic other"
"[22,23)",0,0,0,0,0,0,0,0,0,0,"male","non-hispanic other"
"[22,23)",0.0084050978710695,0.00843192949397112,0.0150448409775107,0.0106245308773366,0,0,0,0,0,0,"female","non-hispanic white"
"[22,23)",0,0,0,0,0,0,0,0,0,0,"male","non-hispanic white"
"[23,24)",0,0,0,0,0,0,0,0,0,0,"female","hispanic"
"[23,24)",0,0,0,0,0,0,0,0,NA,NA,"male","hispanic"
"[23,24)",0,0,0,0,0,0,NA,NA,0,0,"female","non-hispanic asian"
"[23,24)",0,0,0,0,0,0,NA,NA,0,0,"male","non-hispanic asian"
"[23,24)",0,0,0,0,0,0,0,0,NA,NA,"female","non-hispanic black"
"[23,24)",0,0,0,0,0,0,NA,NA,NA,NA,"male","non-hispanic black"
"[23,24)",0,0,0,0,0,0,NA,NA,0,0,"female","non-hispanic other"
"[23,24)",0,0,0,0,0,0,0,0,NA,NA,"male","non-hispanic other"
"[23,24)",0.00641039543647438,0.00634791742925452,0,0,0,0,0,0,0,0,"female","non-hispanic white"
"[23,24)",0,0,0,0,0,0,0,0,0,0,"male","non-hispanic white"
"[24,25)",0.012365450049347,0.0129638369877642,0,0,0,0,0,0,0,0,"female","hispanic"
"[24,25)",0,0,0,0,0,0,0,0,0,0,"male","hispanic"
"[24,25)",0,0,0,0,0,0,NA,NA,NA,NA,"female","non-hispanic asian"
"[24,25)",0,0,0,0,0,0,NA,NA,NA,NA,"male","non-hispanic asian"
"[24,25)",0,0,0,0,0,0,0,0,0,0,"female","non-hispanic black"
"[24,25)",0,0,0.0575811768853753,0.0567255247348923,0,0,NA,NA,NA,NA,"male","non-hispanic black"
"[24,25)",0,0,0,0,0,0,0,0,NA,NA,"female","non-hispanic other"
"[24,25)",0,0,0,0,0,0,NA,NA,NA,NA,"male","non-hispanic other"
"[24,25)",0,0,0,0,0,0,0,0,0,0,"female","non-hispanic white"
"[24,25)",0,0,0,0,0,0,0,0,0,0,"male","non-hispanic white"
"[25,26)",0,0,0,0,0,0,0,0,0,0,"female","hispanic"
"[25,26)",0.0225271345442411,0.022532569433319,0,0,0,0,0,0,0,0,"male","hispanic"
"[25,26)",0,0,0,0,0,0,NA,NA,NA,NA,"female","non-hispanic asian"
"[25,26)",0,0,0,0,0,0,0,0,NA,NA,"male","non-hispanic asian"
"[25,26)",0,0,0,0,0,0,NA,NA,0,0,"female","non-hispanic black"
"[25,26)",0,0,0,0,0,0,0,0,0,0,"male","non-hispanic black"
"[25,26)",0.0934974701346261,0.0944264931513259,0,0,0,0,0,0,0,0,"female","non-hispanic other"
"[25,26)",0,0,0,0,0,0,0,0,NA,NA,"male","non-hispanic other"
"[25,26)",0,0,0,0,0,0,0,0,0,0,"female","non-hispanic white"
"[25,26)",0,0,0.00415667675372814,0.00421324603621673,0,0,0,0,0,0,"male","non-hispanic white"
"[26,27)",0,0,0,0,0,0,0.192482065723736,0.194119757704441,0,0,"female","hispanic"
"[26,27)",0,0,0,0,0,0,0,0,0,0,"male","hispanic"
"[26,27)",0,0,0,0,0,0,0,0,0,0,"female","non-hispanic asian"
"[26,27)",0,0,0,0,0,0,0,0,NA,NA,"male","non-hispanic asian"
"[26,27)",0,0,0,0,0,0,0,0,0,0,"female","non-hispanic black"
"[26,27)",0.0403314692719435,0.0419449004216911,0,0,0,0,0,0,NA,NA,"male","non-hispanic black"
"[26,27)",0,0,0,0,0,0,0,0,NA,NA,"female","non-hispanic other"
"[26,27)",0,0,0,0,0,0,0,0,NA,NA,"male","non-hispanic other"
"[26,27)",0,0,0.00815075867662366,0.00686414836655899,0,0,0,0,0,0,"female","non-hispanic white"
"[26,27)",0,0,0,0,0,0,0,0,0,0,"male","non-hispanic white"
"[27,28)",0,0,0,0,0,0,0,0,0,0,"female","hispanic"
"[27,28)",0,0,0,0,0,0,0,0,0,0,"male","hispanic"
"[27,28)",0,0,0,0,0,0,0,0,0,0,"female","non-hispanic asian"
"[27,28)",0,0,0,0,0,0,NA,NA,0,0,"male","non-hispanic asian"
"[27,28)",0,0,0,0,0,0,0,0,0,0,"female","non-hispanic black"
"[27,28)",0,0,0,0,0,0,0,0,0,0,"male","non-hispanic black"
"[27,28)",0,0,0,0,0,0,NA,NA,NA,NA,"female","non-hispanic other"
"[27,28)",0,0,0,0,0,0,0,0,NA,NA,"male","non-hispanic other"
"[27,28)",0,0,0,0,0,0,0,0,0,0,"female","non-hispanic white"
"[27,28)",0.00364073503803773,0.00369152956214753,0,0,0,0,0,0,0,0,"male","non-hispanic white"
"[28,29)",0,0,0,0,0,0,0,0,0,0,"female","hispanic"
"[28,29)",0.00444571138036566,0.00449611199594433,0.0233883136072411,0.0226397920320472,0,0,0,0,NA,NA,"male","hispanic"
"[28,29)",0,0,0.122225752101856,0.109588160246231,0,0,0,0,NA,NA,"female","non-hispanic asian"
"[28,29)",0,0,0,0,0,0,0,0,NA,NA,"male","non-hispanic asian"
"[28,29)",0,0,0,0,0,0,0,0,0,0,"female","non-hispanic black"
"[28,29)",0,0,0,0,0,0,0,0,NA,NA,"male","non-hispanic black"
"[28,29)",0,0,0,0,0,0,0,0,NA,NA,"female","non-hispanic other"
"[28,29)",0,0,0,0,0,0,NA,NA,0,0,"male","non-hispanic other"
"[28,29)",0,0,0.0016247061519381,0.00166919626224318,0,0,0,0,0,0,"female","non-hispanic white"
"[28,29)",0,0,0,0,0,0,0,0,0,0,"male","non-hispanic white"
"[29,30)",0,0,0,0,0,0,0,0,0,0,"female","hispanic"
"[29,30)",0,0,0,0,0,0,0,0,0,0,"male","hispanic"
"[29,30)",0,0,0,0,0,0,0,0,0,0,"female","non-hispanic asian"
"[29,30)",0,0,0,0,0,0,NA,NA,NA,NA,"male","non-hispanic asian"
"[29,30)",0,0,0,0,0,0,0,0,0,0,"female","non-hispanic black"
"[29,30)",0,0,0,0,0,0,0,0,NA,NA,"male","non-hispanic black"
"[29,30)",0,0,0,0,0,0,0,0,0,0,"female","non-hispanic other"
"[29,30)",0,0,0,0,0,0,NA,NA,NA,NA,"male","non-hispanic other"
"[29,30)",0,0,0.00766831544584402,0.0093992815658728,0,0,0,0,0,0,"female","non-hispanic white"
"[29,30)",0,0,0,0,0,0,0.087635653034121,0.0878757384175251,0,0,"male","non-hispanic white"
"[30,31)",0,0,0,0,0,0,0,0,0,0,"female","hispanic"
"[30,31)",0,0,0,0,0,0,0,0,NA,NA,"male","hispanic"
"[30,31)",0,0,0,0,0,0,0,0,NA,NA,"female","non-hispanic asian"
"[30,31)",0,0,0,0,0,0,0,0,NA,NA,"male","non-hispanic asian"
"[30,31)",0,0,0,0,0,0,0,0,0,0,"female","non-hispanic black"
"[30,31)",0,0,0.0416496946393436,0.042631139975555,0,0,0,0,0,0,"male","non-hispanic black"
"[30,31)",0,0,0,0,0,0,0,0,0,0,"female","non-hispanic other"
"[30,31)",0,0,0,0,0,0,NA,NA,NA,NA,"male","non-hispanic other"
"[30,31)",0,0,0,0,0,0,0,0,0,0,"female","non-hispanic white"
"[30,31)",0.00878012738053013,0.008504928136529,0.0183763120532665,0.0130966113091996,0,0,0,0,0,0,"male","non-hispanic white"
"[31,32)",0,0,0.0288378661398412,0.0284596512081736,0,0,0,0,0,0,"female","hispanic"
"[31,32)",0,0,0,0,0,0,0,0,0,0,"male","hispanic"
"[31,32)",0,0,0,0,0,0,0,0,0,0,"female","non-hispanic asian"
"[31,32)",0,0,0,0,0,0,NA,NA,0,0,"male","non-hispanic asian"
"[31,32)",0,0,0,0,0,0,0,0,0,0,"female","non-hispanic black"
"[31,32)",0,0,0,0,0,0,0,0,0,0,"male","non-hispanic black"
"[31,32)",0,0,0,0,0,0,NA,NA,NA,NA,"female","non-hispanic other"
"[31,32)",0,0,0,0,0,0,0,0,NA,NA,"male","non-hispanic other"
"[31,32)",0.0180434464925508,0.0176910899595216,0,0,0,0,0,0,0,0,"female","non-hispanic white"
"[31,32)",0,0,0.00548579761103493,0.00534620578353901,0,0,0,0,0,0,"male","non-hispanic white"
"[32,33)",0,0,0,0,0,0,0,0,0,0,"female","hispanic"
"[32,33)",0,0,0.0357753853626982,0.0336114172821365,0,0,0,0,NA,NA,"male","hispanic"
"[32,33)",0,0,0.049495292063286,0.0472619888558165,0,0,0,0,0,0,"female","non-hispanic asian"
"[32,33)",0.0344762823951186,0.0345366174907608,0,0,0,0,0,0,0,0,"male","non-hispanic asian"
"[32,33)",0,0,0,0,0,0,0,0,0,0,"female","non-hispanic black"
"[32,33)",0,0,0,0,0,0,NA,NA,0,0,"male","non-hispanic black"
"[32,33)",0,0,0,0,0,0,0,0,NA,NA,"female","non-hispanic other"
"[32,33)",0.0538603070807161,0.056769750769742,0,0,0,0,0,0,NA,NA,"male","non-hispanic other"
"[32,33)",0,0,0.00699090604029704,0.00696918396093575,0,0,0,0,0,0,"female","non-hispanic white"
"[32,33)",0,0,0,0,0,0,0.119025159846039,0.112327501800014,0,0,"male","non-hispanic white"
"[33,34)",0,0,0.0245636010711061,0.0236542098417191,0,0,0,0,0,0,"female","hispanic"
"[33,34)",0,0,0,0,0,0,0,0,0,0,"male","hispanic"
"[33,34)",0,0,0,0,0,0,0,0,NA,NA,"female","non-hispanic asian"
"[33,34)",0,0,0,0,0,0,0,0,0,0,"male","non-hispanic asian"
"[33,34)",0,0,0.0280396995291079,0.0305688498014463,0,0,0,0,0,0,"female","non-hispanic black"
"[33,34)",0,0,0,0,0,0,NA,NA,NA,NA,"male","non-hispanic black"
"[33,34)",0,0,0,0,0,0,0,0,NA,NA,"female","non-hispanic other"
"[33,34)",0,0,0,0,0,0,0.417560690135999,0.350668828499429,0,0,"male","non-hispanic other"
"[33,34)",0.00326196140810244,0.0034296471061675,0,0,0,0,0,0,0,0,"female","non-hispanic white"
"[33,34)",0.0073520070298898,0.00589130237351224,0.00607208694919349,0.00429382893140686,0,0,0,0,0,0,"male","non-hispanic white"
"[34,35)",0,0,0,0,0,0,0,0,0,0,"female","hispanic"
"[34,35)",0,0,0,0,0,0,0,0,0,0,"male","hispanic"
"[34,35)",0,0,0,0,0,0,0,0,0,0,"female","non-hispanic asian"
"[34,35)",0,0,0.134262913821316,0.126098181052377,0,0,0,0,NA,NA,"male","non-hispanic asian"
"[34,35)",0,0,0.173540476411835,0.100596538543104,0,0,0,0,0,0,"female","non-hispanic black"
"[34,35)",0,0,0,0,0,0,0,0,0,0,"male","non-hispanic black"
"[34,35)",0,0,0,0,0,0,NA,NA,0,0,"female","non-hispanic other"
"[34,35)",0,0,0,0,0,0,0,0,NA,NA,"male","non-hispanic other"
"[34,35)",0,0,0.00482328259125194,0.004837772601733,0,0,0,0,0,0,"female","non-hispanic white"
"[34,35)",0.00741960163993508,0.00735370167071746,0,0,0,0,0,0,0,0,"male","non-hispanic white"
"[35,36)",0,0,0,0,0,0,0,0,0,0,"female","hispanic"
"[35,36)",0,0,0.029743797435074,0.0296236477454366,0,0,0,0,0,0,"male","hispanic"
"[35,36)",0.04865066010523,0.0479055323228472,0,0,0,0,NA,NA,0,0,"female","non-hispanic asian"
"[35,36)",0,0,0,0,0,0,0,0,0,0,"male","non-hispanic asian"
"[35,36)",0,0,0,0,0,0,0,0,NA,NA,"female","non-hispanic black"
"[35,36)",0.081471343676502,0.07796447075465,0.111944070206361,0.0863473243168455,0,0,0,0,0,0,"male","non-hispanic black"
"[35,36)",0,0,0,0,0,0,0,0,NA,NA,"female","non-hispanic other"
"[35,36)",0,0,0,0,0,0,0,0,NA,NA,"male","non-hispanic other"
"[35,36)",0,0,0.00480362326711718,0.00472778739412064,0,0,0,0,0,0,"female","non-hispanic white"
"[35,36)",0.0167475012464314,0.0124308622761479,0,0,0,0,0,0,0,0,"male","non-hispanic white"
"[36,37)",0,0,0.0214564537014161,0.0212979518594807,0,0,0,0,0,0,"female","hispanic"
"[36,37)",0.0157036471762637,0.0160765398591748,0,0,0,0,0,0,0,0,"male","hispanic"
"[36,37)",0,0,0,0,0,0,0,0,0,0,"female","non-hispanic asian"
"[36,37)",0,0,0,0,0,0,0,0,0,0,"male","non-hispanic asian"
"[36,37)",0,0,0.0656873168039844,0.0667303563345239,0,0,0.144877064017902,0.143289318161785,0,0,"female","non-hispanic black"
"[36,37)",0,0,0.0663575320063262,0.0656103413781502,0,0,0,0,0,0,"male","non-hispanic black"
"[36,37)",0,0,0,0,0,0,0,0,NA,NA,"female","non-hispanic other"
"[36,37)",0,0,0.175216857076523,0.156947697494079,0,0,0,0,NA,NA,"male","non-hispanic other"
"[36,37)",0,0,0.0192035270438908,0.0140061751810972,0,0,0,0,0,0,"female","non-hispanic white"
"[36,37)",0.00576390288799042,0.00601611084460552,0.00766597605867046,0.00552292817950095,0.00511327270590505,0.0050796737512973,0,0,0,0,"male","non-hispanic white"
"[37,38)",0,0,0.030411872608147,0.0302434629638829,0,0,0,0,NA,NA,"female","hispanic"
"[37,38)",0,0,0.0314726471411388,0.031116123503592,0,0,0,0,0,0,"male","hispanic"
"[37,38)",0,0,0,0,0,0,0,0,NA,NA,"female","non-hispanic asian"
"[37,38)",0,0,0,0,0,0,0,0,0,0,"male","non-hispanic asian"
"[37,38)",0,0,0,0,0,0,0,0,0,0,"female","non-hispanic black"
"[37,38)",0,0,0.0556307113531538,0.0542991720540627,0,0,0,0,0,0,"male","non-hispanic black"
"[37,38)",0,0,0,0,0,0,0,0,NA,NA,"female","non-hispanic other"
"[37,38)",0,0,0,0,0,0,0,0,0,0,"male","non-hispanic other"
"[37,38)",0.0126268742644791,0.00967398213422482,0,0,0,0,0,0,0,0,"female","non-hispanic white"
"[37,38)",0,0,0,0,0,0,0,0,0,0,"male","non-hispanic white"
"[38,39)",0,0,0.036514233270463,0.0245592533597337,0,0,0.0660667183136692,0.0729313786403606,0,0,"female","hispanic"
"[38,39)",0.0358694959573874,0.0351397162732575,0,0,0,0,0,0,0,0,"male","hispanic"
"[38,39)",0,0,0,0,0,0,0,0,0,0,"female","non-hispanic asian"
"[38,39)",0,0,0,0,0,0,NA,NA,0,0,"male","non-hispanic asian"
"[38,39)",0,0,0.0659911438595064,0.0622455428469892,0,0,NA,NA,0,0,"female","non-hispanic black"
"[38,39)",0,0,0,0,0,0,0,0,0,0,"male","non-hispanic black"
"[38,39)",0,0,0,0,0,0,0,0,0,0,"female","non-hispanic other"
"[38,39)",0,0,0,0,0,0,0,0,0.438241022530234,0.342764935060424,"male","non-hispanic other"
"[38,39)",0.019162218092347,0.0114145948945437,0.00951344652888649,0.00871228137943254,0,0,0,0,0,0,"female","non-hispanic white"
"[38,39)",0.00430273795819455,0.00442734294035476,0.0129838000297215,0.00781388826667071,0,0,0,0,0,0,"male","non-hispanic white"
"[39,40)",0,0,0,0,0,0,0,0,0.085678584329176,0.0961027215962317,"female","hispanic"
"[39,40)",0,0,0,0,0,0,0,0,NA,NA,"male","hispanic"
"[39,40)",0,0,0,0,0,0,0,0,0,0,"female","non-hispanic asian"
"[39,40)",0,0,0,0,0,0,0,0,NA,NA,"male","non-hispanic asian"
"[39,40)",0,0,0,0,0,0,0,0,NA,NA,"female","non-hispanic black"
"[39,40)",0,0,0,0,0.0551764429239462,0.0521853896373045,0,0,0,0,"male","non-hispanic black"
"[39,40)",0,0,0,0,0,0,0,0,0,0,"female","non-hispanic other"
"[39,40)",0,0,0.122181188214175,0.118224347201305,0,0,0,0,NA,NA,"male","non-hispanic other"
"[39,40)",0,0,0,0,0,0,0,0,0.117111463119998,0.0916546350983662,"female","non-hispanic white"
"[39,40)",0.00337081311201284,0.00341624819351732,0.0106019940349983,0.008215281073834,0,0,0,0,0,0,"male","non-hispanic white"
"[40,41)",0,0,0.00793376691128781,0.00828155636052246,0,0,0.117384533163914,0.112689612431824,0,0,"female","hispanic"
"[40,41)",0,0,0.0460215357546388,0.0388468917191924,0,0,0,0,0,0,"male","hispanic"
"[40,41)",0,0,0,0,0,0,0,0,0,0,"female","non-hispanic asian"
"[40,41)",0,0,0,0,0,0,0,0,0,0,"male","non-hispanic asian"
"[40,41)",0,0,0,0,0,0,0,0,0.180237621761685,0.170415830907449,"female","non-hispanic black"
"[40,41)",0,0,0,0,0,0,0,0,0,0,"male","non-hispanic black"
"[40,41)",0.0997837836164092,0.104575138961374,0,0,0,0,NA,NA,NA,NA,"female","non-hispanic other"
"[40,41)",0,0,0,0,0,0,0,0,NA,NA,"male","non-hispanic other"
"[40,41)",0,0,0,0,0,0,0,0,0.124902290182571,0.122647888187329,"female","non-hispanic white"
"[40,41)",0.00719929958217482,0.007376078524228,0,0,0,0,0,0,0,0,"male","non-hispanic white"
"[41,42)",0,0,0,0,0,0,0,0,0,0,"female","hispanic"
"[41,42)",0,0,0.0295904179986468,0.0288730051550537,0,0,0.0570248423668269,0.0598793574297054,0,0,"male","hispanic"
"[41,42)",0,0,0,0,0,0,0,0,0,0,"female","non-hispanic asian"
"[41,42)",0,0,0,0,0,0,0,0,0,0,"male","non-hispanic asian"
"[41,42)",0,0,0.056796277079137,0.0577716600329517,0,0,0,0,0.490520313671691,0.35240755423748,"female","non-hispanic black"
"[41,42)",0,0,0,0,0,0,0,0,0,0,"male","non-hispanic black"
"[41,42)",0,0,0,0,0,0,NA,NA,NA,NA,"female","non-hispanic other"
"[41,42)",0,0,0,0,0,0,0,0,NA,NA,"male","non-hispanic other"
"[41,42)",0.0119470987801775,0.0121016647968078,0.00552120764624462,0.00549956262047067,0,0,0,0,0,0,"female","non-hispanic white"
"[41,42)",0,0,0.0136580011423958,0.00988297472715687,0,0,0,0,0,0,"male","non-hispanic white"
"[42,43)",0,0,0.0277927147238879,0.0270524373766121,0,0,0,0,0,0,"female","hispanic"
"[42,43)",0,0,0.0397942759704789,0.0394889909320052,0,0,0.0821617602929306,0.0852171251761575,0,0,"male","hispanic"
"[42,43)",0.0579254694865236,0.0543737877123673,0,0,0,0,0,0,0,0,"female","non-hispanic asian"
"[42,43)",0,0,0,0,0,0,0,0,NA,NA,"male","non-hispanic asian"
"[42,43)",0,0,0.0624082047591907,0.0524832558791464,0,0,0,0,0,0,"female","non-hispanic black"
"[42,43)",0,0,0,0,0,0,0,0,0,0,"male","non-hispanic black"
"[42,43)",0,0,0,0,0,0,0,0,NA,NA,"female","non-hispanic other"
"[42,43)",0,0,0,0,0,0,0,0,0,0,"male","non-hispanic other"
"[42,43)",0.017099417306052,0.0117538502859525,0.0113247252168604,0.0114465839656953,0,0,0,0,0,0,"female","non-hispanic white"
"[42,43)",0.00958369828052065,0.00722479770284037,0.0102467664811097,0.00988741995763573,0,0,0,0,0.0885154402571656,0.0898719472998645,"male","non-hispanic white"
"[43,44)",0,0,0,0,0,0,0,0,0,0,"female","hispanic"
"[43,44)",0,0,0,0,0,0,0,0,0,0,"male","hispanic"
"[43,44)",0,0,0,0,0,0,0,0,NA,NA,"female","non-hispanic asian"
"[43,44)",0,0,0,0,0,0,0,0,NA,NA,"male","non-hispanic asian"
"[43,44)",0,0,0,0,0,0,0,0,0.158081711411996,0.162142938415482,"female","non-hispanic black"
"[43,44)",0,0,0,0,0,0,0,0,0,0,"male","non-hispanic black"
"[43,44)",0,0,0,0,0,0,0,0,NA,NA,"female","non-hispanic other"
"[43,44)",0,0,0,0,0,0,0,0,0,0,"male","non-hispanic other"
"[43,44)",0.00746946113202537,0.00744837218306967,0.00661089483624735,0.00682390616378907,0,0,0,0,0,0,"female","non-hispanic white"
"[43,44)",0,0,0.0115661269896679,0.0085107256703356,0,0,0,0,0.0819464087748988,0.0805015384704945,"male","non-hispanic white"
"[44,45)",0,0,0,0,0,0,0.0653493313067726,0.0593855089739883,0.152398683750142,0.12080859040508,"female","hispanic"
"[44,45)",0,0,0,0,0,0,0,0,0,0,"male","hispanic"
"[44,45)",0,0,0,0,0,0,0,0,0,0,"female","non-hispanic asian"
"[44,45)",0,0,0,0,0,0,0,0,0,0,"male","non-hispanic asian"
"[44,45)",0,0,0.0505299829530909,0.0486777182338601,0,0,0,0,0,0,"female","non-hispanic black"
"[44,45)",0,0,0,0,0,0,0,0,0,0,"male","non-hispanic black"
"[44,45)",0,0,0,0,0,0,0,0,0,0,"female","non-hispanic other"
"[44,45)",0,0,0,0,0,0,1,0,NA,NA,"male","non-hispanic other"
"[44,45)",0,0,0,0,0,0,0,0,0,0,"female","non-hispanic white"
"[44,45)",0,0,0.0269149614182844,0.0190349943684964,0,0,0,0,0,0,"male","non-hispanic white"
"[45,46)",0,0,0,0,0,0,0,0,0,0,"female","hispanic"
"[45,46)",0,0,0,0,0,0,0,0,0,0,"male","hispanic"
"[45,46)",0,0,0,0,0,0,0,0,0,0,"female","non-hispanic asian"
"[45,46)",0,0,0,0,0,0,0,0,0,0,"male","non-hispanic asian"
"[45,46)",0,0,0.0488792573435584,0.0458781494492536,0,0,0,0,0,0,"female","non-hispanic black"
"[45,46)",0.0371078485657261,0.037857309326888,0,0,0,0,0,0,0,0,"male","non-hispanic black"
"[45,46)",0,0,0,0,0,0,0,0,0,0,"female","non-hispanic other"
"[45,46)",0,0,0,0,0,0,NA,NA,NA,NA,"male","non-hispanic other"
"[45,46)",0.023414802692516,0.0172301794323948,0.0234218794018439,0.0136543889319413,0,0,0,0,0,0,"female","non-hispanic white"
"[45,46)",0.00818235443045663,0.00796744240542279,0.012735372549188,0.00937184855241825,0,0,0,0,0,0,"male","non-hispanic white"
"[46,47)",0,0,0.0301804318931403,0.030589411943657,0,0,0,0,0,0,"female","hispanic"
"[46,47)",0,0,0.0506059821879698,0.0530238017228455,0,0,0,0,0,0,"male","hispanic"
"[46,47)",0,0,0,0,0,0,0,0,0,0,"female","non-hispanic asian"
"[46,47)",0,0,0,0,0,0,0,0,NA,NA,"male","non-hispanic asian"
"[46,47)",0,0,0,0,0,0,0,0,0,0,"female","non-hispanic black"
"[46,47)",0,0,0,0,0,0,0,0,NA,NA,"male","non-hispanic black"
"[46,47)",0,0,0,0,0,0,NA,NA,0,0,"female","non-hispanic other"
"[46,47)",0,0,0,0,0,0,0,0,NA,NA,"male","non-hispanic other"
"[46,47)",0,0,0.0277016240240268,0.0174691853178976,0.0143527111691994,0.0143536524608216,0,0,0,0,"female","non-hispanic white"
"[46,47)",0,0,0.00949787794538026,0.00936985155386661,0,0,0.145804945084931,0.0738830488160324,0,0,"male","non-hispanic white"
"[47,48)",0,0,0,0,0,0,0,0,0,0,"female","hispanic"
"[47,48)",0.0312415135777831,0.0341574538773005,0,0,0,0,0.0673252389638986,0.0681339281186136,0,0,"male","hispanic"
"[47,48)",0,0,0.0918350444044753,0.0874518581122832,0,0,0,0,0,0,"female","non-hispanic asian"
"[47,48)",0,0,0,0,0,0,0,0,0,0,"male","non-hispanic asian"
"[47,48)",0,0,0,0,0,0,0,0,0,0,"female","non-hispanic black"
"[47,48)",0,0,0,0,0,0,0.215518323172511,0.188830964041531,0,0,"male","non-hispanic black"
"[47,48)",0,0,0,0,0,0,NA,NA,NA,NA,"female","non-hispanic other"
"[47,48)",0,0,0,0,0,0,0,0,NA,NA,"male","non-hispanic other"
"[47,48)",0.00597412197473898,0.00613123875733437,0.0160206589194596,0.0115582638450985,0,0,0,0,0,0,"female","non-hispanic white"
"[47,48)",0.00826959732223979,0.00828207063369677,0.0192013870846253,0.0142981855147816,0,0,0,0,0.0535733434475517,0.05420675636234,"male","non-hispanic white"
"[48,49)",0.0293879184845665,0.0297169645891345,0.0868003810034505,0.0473531437982246,0,0,0.0359619350793704,0.0379282324845396,NA,NA,"female","hispanic"
"[48,49)",0,0,0.0171951182181253,0.0170829632406563,0,0,0.187127856492324,0.161348069013044,0,0,"male","hispanic"
"[48,49)",0,0,0.0364388114739765,0.0372142558786879,0,0,0,0,NA,NA,"female","non-hispanic asian"
"[48,49)",0,0,0,0,0,0,0,0,0,0,"male","non-hispanic asian"
"[48,49)",0,0,0.0665148242345416,0.0636181203539769,0,0,0.197557549827602,0.202231797025352,0,0,"female","non-hispanic black"
"[48,49)",0.0925995257962668,0.0902678937375865,0,0,0,0,0,0,0,0,"male","non-hispanic black"
"[48,49)",0,0,0,0,0,0,0,0,NA,NA,"female","non-hispanic other"
"[48,49)",0,0,0,0,0,0,0,0,0,0,"male","non-hispanic other"
"[48,49)",0.0174717748901356,0.0170717135476201,0.035654847601504,0.020878016671173,0,0,0.0492014996778525,0.0332569518305129,0.0343058562249086,0.032669741849222,"female","non-hispanic white"
"[48,49)",0,0,0.0325881616311084,0.0235077336810316,0,0,0.0588749452159147,0.059259700554887,0.0338162258272263,0.0332750021542749,"male","non-hispanic white"
"[49,50)",0,0,0.0408058900077032,0.040025573285883,0,0,0,0,0.140219792502762,0.142394820447087,"female","hispanic"
"[49,50)",0,0,0,0,0,0,0.129913852980369,0.118585547340119,0,0,"male","hispanic"
"[49,50)",0.175205934455829,0.166555231519748,0,0,0,0,0,0,0,0,"female","non-hispanic asian"
"[49,50)",0,0,0,0,0,0,0,0,0,0,"male","non-hispanic asian"
"[49,50)",0.109008908619611,0.100241653399682,0,0,0,0,0,0,0,0,"female","non-hispanic black"
"[49,50)",0,0,0,0,0,0,0.566446569525095,0.350425579105367,NA,NA,"male","non-hispanic black"
"[49,50)",0,0,0,0,0,0,0,0,0,0,"female","non-hispanic other"
"[49,50)",0,0,0,0,0,0,0,0,0,0,"male","non-hispanic other"
"[49,50)",0.00717779288382644,0.00738617357335734,0.0255892718762939,0.0139188007493578,0,0,0,0,0.20518992067637,0.138848847863058,"female","non-hispanic white"
"[49,50)",0.0105456256642328,0.0110377856307787,0,0,0,0,0.0269728368413856,0.0282457103412362,0,0,"male","non-hispanic white"
"[50,51)",0,0,0,0,0,0,0.0346986861224877,0.0386868322275711,0,0,"female","hispanic"
"[50,51)",0,0,0,0,0,0,0,0,0,0,"male","hispanic"
"[50,51)",0.113846236183193,0.107455717641171,0.0813836158311066,0.095476740691568,0,0,0,0,0,0,"female","non-hispanic asian"
"[50,51)",0,0,0,0,0,0,0.328255591802593,0.192951568132957,0,0,"male","non-hispanic asian"
"[50,51)",0,0,0.106670616539928,0.108319533728174,0,0,0.0305515025969101,0.0354569269073066,0.0490452108516172,0.0491285656360288,"female","non-hispanic black"
"[50,51)",0,0,0,0,0,0,0.332095967942802,0.249420065164992,0,0,"male","non-hispanic black"
"[50,51)",0,0,0,0,0,0,NA,NA,0,0,"female","non-hispanic other"
"[50,51)",0,0,0,0,0,0,NA,NA,0,0,"male","non-hispanic other"
"[50,51)",0,0,0.0278495897544322,0.0185881653629737,0,0,0.0591050651885252,0.0152568250189031,0.0390645019123768,0.0394195966476462,"female","non-hispanic white"
"[50,51)",0.0126113742854715,0.0111063329151988,0.0186490317825449,0.0140575050150936,0.0112034831421069,0.0112616074865738,0,0,0,0,"male","non-hispanic white"
"[51,52)",0,0,0.117780660860547,0.10622888546705,0,0,0.15325335175379,0.112816023145221,0.0532450140638509,0.0572882105013631,"female","hispanic"
"[51,52)",0,0,0.027877744041383,0.0269154108425697,0,0,0.120615326632627,0.110091379426861,0,0,"male","hispanic"
"[51,52)",0,0,0,0,0,0,0,0,0,0,"female","non-hispanic asian"
"[51,52)",0,0,0,0,0,0,0,0,NA,NA,"male","non-hispanic asian"
"[51,52)",0,0,0,0,0,0,0,0,0,0,"female","non-hispanic black"
"[51,52)",0,0,0,0,0,0,0,0,1,0,"male","non-hispanic black"
"[51,52)",0,0,0,0,0,0,0,0,0,0,"female","non-hispanic other"
"[51,52)",0,0,0,0,0,0,NA,NA,0,0,"male","non-hispanic other"
"[51,52)",0,0,0.0166624417169401,0.0165012117330909,0,0,0.044475389333132,0.032618040346931,0,0,"female","non-hispanic white"
"[51,52)",0.0197327264909889,0.019669810234723,0.0614540529084796,0.0272179852148769,0,0,0.0251480169617008,0.0239499459531679,0.132049384278845,0.0593653967101669,"male","non-hispanic white"
"[52,53)",0,0,0.1027677445122,0.0804222427869343,0,0,0.0694926588283485,0.0670467248324398,0,0,"female","hispanic"
"[52,53)",0,0,0,0,0,0,0.0469822578514417,0.0477713196810236,0,0,"male","hispanic"
"[52,53)",0,0,0,0,0,0,0,0,0,0,"female","non-hispanic asian"
"[52,53)",0,0,0,0,0,0,0,0,0.413508280605724,0.338058179220919,"male","non-hispanic asian"
"[52,53)",0,0,0.0569186924873698,0.0600311838975057,0,0,0,0,0,0,"female","non-hispanic black"
"[52,53)",0,0,0.215011582596079,0.176467537771784,0,0,0.212779043516189,0.180137140920604,0,0,"male","non-hispanic black"
"[52,53)",0,0,0,0,0,0,0,0,NA,NA,"female","non-hispanic other"
"[52,53)",0,0,0,0,0,0,0,0,0,0,"male","non-hispanic other"
"[52,53)",0.00765901265812211,0.00767054605855178,0.038756935022266,0.0226113261060014,0,0,0.0426712960898742,0.0288349172243834,0,0,"female","non-hispanic white"
"[52,53)",0.0161410004617832,0.0156275861953942,0.0232973620569242,0.0138845194931442,0.00573986422722418,0.00621310139310369,0.0390486810182119,0.0277716200474706,0.0281609546896448,0.0304614332002624,"male","non-hispanic white"
"[53,54)",0,0,0.0718433506573309,0.0782158721703861,0,0,0.0615800163118382,0.0596511718506033,0,0,"female","hispanic"
"[53,54)",0,0,0.0645224688206616,0.0664853403632606,0,0,0,0,0,0,"male","hispanic"
"[53,54)",0,0,0,0,0,0,0,0,NA,NA,"female","non-hispanic asian"
"[53,54)",0,0,0,0,0,0,0.311767509717959,0.251836523391703,0,0,"male","non-hispanic asian"
"[53,54)",0,0,0,0,0,0,0.320645256859539,0.161808880107484,0.149629276376832,0.161062905487259,"female","non-hispanic black"
"[53,54)",0,0,0,0,0,0,0,0,0,0,"male","non-hispanic black"
"[53,54)",0,0,0,0,0,0,0,0,0,0,"female","non-hispanic other"
"[53,54)",0,0,0,0,0,0,0,0,NA,NA,"male","non-hispanic other"
"[53,54)",0.00513403858222356,0.00528816133019379,0.033909669037864,0.0243988151759822,0,0,0.0268729205313604,0.0196328793057494,0.0376809293324063,0.0405515364777996,"female","non-hispanic white"
"[53,54)",0,0,0.0164719975511855,0.0117583110982371,0,0,0.0537488272882484,0.0305247662790415,0,0,"male","non-hispanic white"
"[54,55)",0,0,0.106189855605948,0.100849117189166,0,0,0,0,0.089370953853351,0.0902530839317155,"female","hispanic"
"[54,55)",0,0,0,0,0,0,0,0,0,0,"male","hispanic"
"[54,55)",0,0,0,0,0,0,0,0,NA,NA,"female","non-hispanic asian"
"[54,55)",0,0,0,0,0,0,0.280640924725336,0.232089701984016,0,0,"male","non-hispanic asian"
"[54,55)",0.0358991059142989,0.0393417141412519,0,0,0,0,0,0,NA,NA,"female","non-hispanic black"
"[54,55)",0,0,0,0,0,0,0.0830665324696444,0.0918767452456356,0,0,"male","non-hispanic black"
"[54,55)",0,0,0,0,0,0,0,0,NA,NA,"female","non-hispanic other"
"[54,55)",0,0,0,0,0,0,0,0,NA,NA,"male","non-hispanic other"
"[54,55)",0,0,0.0592054729025,0.0328714300810709,0,0,0.0624116585737224,0.048728313462047,0.0524049635360446,0.0422043382124747,"female","non-hispanic white"
"[54,55)",0,0,0,0,0.00727993136362375,0.00746067474053893,0.0188392374903934,0.013262126833943,0,0,"male","non-hispanic white"
"[55,56)",0,0,0,0,0,0,0.28467480829553,0.232035133611422,0,0,"female","hispanic"
"[55,56)",0,0,0,0,0,0,0,0,0.451021227462565,0.32987349562583,"male","hispanic"
"[55,56)",0,0,0,0,0,0,0,0,0,0,"female","non-hispanic asian"
"[55,56)",0,0,0.187660950592191,0.179058621152102,0,0,0,0,1,0,"male","non-hispanic asian"
"[55,56)",0,0,0.243939312920158,0.184298697729892,0,0,0,0,0,0,"female","non-hispanic black"
"[55,56)",0,0,0,0,0,0,0,0,0,0,"male","non-hispanic black"
"[55,56)",0,0,0,0,0,0,0,0,0,0,"male","non-hispanic other"
"[55,56)",0.0508105731664149,0.0369729737867622,0,0,0,0,0.0636086079616405,0.0371300747015148,0.0929382899073191,0.068331315128374,"female","non-hispanic white"
"[55,56)",0.00698424093954666,0.00719545536320127,0.0530980677633372,0.0324419137972776,0,0,0.0364278280967054,0.025252536299532,0.0571333652754346,0.0554867292318006,"male","non-hispanic white"
"[56,57)",0,0,0,0,0,0,0,0,0,0,"female","hispanic"
"[56,57)",0,0,0.0478174043433353,0.0496316406646663,0,0,0.247643712052181,0.168593806018616,0,0,"male","hispanic"
"[56,57)",0,0,0,0,0,0,0,0,0,0,"female","non-hispanic asian"
"[56,57)",0,0,0,0,0,0,0,0,0,0,"male","non-hispanic asian"
"[56,57)",0,0,0,0,0,0,0,0,0,0,"female","non-hispanic black"
"[56,57)",0,0,0,0,0,0,0,0,0,0,"male","non-hispanic black"
"[56,57)",0,0,0,0,0,0,0,0,0,0,"female","non-hispanic other"
"[56,57)",0.0337323296631304,0.0257866304662373,0,0,0,0,0.045327785730065,0.0243034177693453,0,0,"female","non-hispanic white"
"[56,57)",0.0170433526119531,0.0175622506725729,0.0613700527726683,0.03669060630868,0,0,0,0,0,0,"male","non-hispanic white"
"[57,58)",0,0,0.048411707011243,0.0531408142967355,0,0,0,0,NA,NA,"female","hispanic"
"[57,58)",0.1070872206143,0.102597281088007,0,0,0,0,0,0,0,0,"male","hispanic"
"[57,58)",0,0,0,0,0,0,0.0748265328415385,0.0837223446401711,0,0,"female","non-hispanic asian"
"[57,58)",0,0,0,0,0,0,0,0,0,0,"male","non-hispanic asian"
"[57,58)",0,0,0.37041174214864,0.198472923864401,0,0,0,0,0,0,"female","non-hispanic black"
"[57,58)",0,0,0,0,0,0,0.133707826700273,0.10568312302059,0,0,"male","non-hispanic black"
"[57,58)",0,0,0,0,0,0,0,0,NA,NA,"female","non-hispanic other"
"[57,58)",0,0,0.405716956742893,0.357404917622132,0,0,0,0,NA,NA,"male","non-hispanic other"
"[57,58)",0.0183404571852266,0.0183601265242219,0.0679586015436286,0.0334096578086344,0,0,0.059376155012241,0.0309771531628354,0.13921968601362,0.12626434997381,"female","non-hispanic white"
"[57,58)",0.0461051848917356,0.0357295679154879,0.0815712227984667,0.043026629347373,0,0,0.0530726871397256,0.0310828872841432,0,0,"male","non-hispanic white"
"[58,59)",0,0,0,0,0,0,0,0,0,0,"female","hispanic"
"[58,59)",0,0,0,0,0,0,0,0,0,0,"male","hispanic"
"[58,59)",0,0,0.688579201599901,0.22786732149027,0,0,0,0,1,0,"female","non-hispanic asian"
"[58,59)",0,0,0,0,0,0,0.179672502545375,0.175215550934122,0,0,"male","non-hispanic asian"
"[58,59)",0,0,0,0,0,0,0,0,0.328196426812749,0.275128247619162,"female","non-hispanic black"
"[58,59)",0.227437285125773,0.20835737974698,0,0,0,0,0,0,0,0,"male","non-hispanic black"
"[58,59)",0,0,0,0,0,0,0,0,0.172541870558794,0.174381962080547,"female","non-hispanic other"
"[58,59)",0,0,0.0328237673684419,0.0241105044096838,0,0,0.107619895938897,0.0400976142251145,0.148901379098371,0.0876426904351259,"female","non-hispanic white"
"[58,59)",0,0,0.0210912662022527,0.0214805065499351,0.0264415223177511,0.0259307107929963,0.0407040020390016,0.0305157901841448,0.0711625717159824,0.0542698662821434,"male","non-hispanic white"
"[59,60)",0,0,0.126502816427452,0.112332474005586,0,0,0.0977266970032099,0.0934898282174687,0,0,"female","hispanic"
"[59,60)",0,0,0,0,0,0,0.042504411177263,0.0444913427781813,0,0,"male","hispanic"
"[59,60)",0,0,0,0,0,0,0,0,0,0,"female","non-hispanic asian"
"[59,60)",0,0,0,0,0,0,NA,NA,NA,NA,"male","non-hispanic asian"
"[59,60)",0,0,0,0,0,0,0,0,0,0,"female","non-hispanic black"
"[59,60)",0,0,0,0,0,0,0,0,0,0,"male","non-hispanic black"
"[59,60)",0.0228621807486605,0.0229468299868074,0.139859465486042,0.0577923859991596,0,0,0.0371076488657514,0.0215921399987343,0.025755648962466,0.0187366492505693,"female","non-hispanic white"
"[59,60)",0,0,0.0172012465259494,0.017665255353773,0,0,0.106887645274331,0.0408480878732601,0.13485652201125,0.0786400826748945,"male","non-hispanic white"
"[60,Inf)",0,0,0.0623995961891681,0.0403001832233839,0.0263561859018234,0.0264757900380538,0.0524150858223992,0.0278917811410036,0.249410325680697,0.0860960859984499,"female","hispanic"
"[60,Inf)",0,0,0.0771358653940511,0.0769535895418026,0,0,0.0404415350455779,0.018366107956162,0.169894614096222,0.0816451710911414,"male","hispanic"
"[60,Inf)",0.12095882835307,0.11457085478538,0,0,0,0,0.0238326269212448,0.023379996950227,0,0,"female","non-hispanic asian"
"[60,Inf)",0,0,0,0,0,0,0.0737015500251563,0.070960792402008,0.334946509259433,0.316934225030842,"male","non-hispanic asian"
"[60,Inf)",0.0634290626434811,0.0613000816014808,0,0,0,0,0.0494168499896348,0.0192177913448619,0,0,"female","non-hispanic black"
"[60,Inf)",0,0,0.0987627586789304,0.0867727459848161,0,0,0.0857853696593995,0.0419653543401665,0.0736804674266446,0.0778072446975056,"male","non-hispanic black"
"[60,Inf)",0,0,1,0,0,0,0.145595253608817,0.0917722674619902,0.452106963584199,0.219342837206949,"female","non-hispanic other"
"[60,Inf)",0,0,0,0,0.149414158537646,0.153013730670347,0.104177545310376,0.0640283043574686,0,0,"male","non-hispanic other"
"[60,Inf)",0.023823955016127,0.0136242127222799,0.0746548777477905,0.0224522398523777,0.0165480918007757,0.00949367856196916,0.0861783285356624,0.0112508594321372,0.120340122684343,0.0282604795067931,"female","non-hispanic white"
"[60,Inf)",0.02645935526139,0.0148210193716692,0.0546588736002476,0.0202546929228326,0.019131078631832,0.0102002213536965,0.102518248004633,0.0136747879946848,0.118771174177044,0.028655581096652,"male","non-hispanic white"
"[55,56)",NA,NA,NA,NA,NA,NA,0,0,NA,NA,"female","non-hispanic other"
"[56,57)",NA,NA,NA,NA,NA,NA,0,0,0,0,"male","non-hispanic other"
"[58,59)",NA,NA,NA,NA,NA,NA,0.339930372361651,0.247478695337599,0,0,"male","non-hispanic other"
"[59,60)",NA,NA,NA,NA,NA,NA,0,0,0,0,"female","non-hispanic other"
"[59,60)",NA,NA,NA,NA,NA,NA,0,0,NA,NA,"male","non-hispanic other"
