ind,race,x,state,mean,se_mean,sd,2.5%,5%,10%,25%,50%,75%,90%,95%,97.5%,n_eff,Rhat,svy_mean,svy_se
"1,1,1",hispanic,0,lost_none,0.9936509018300277,9.003926361057257e-6,7.046800500524769e-4,0.9922771519828256,0.9924792904921064,0.9927491850067571,0.993174788910353,0.9936570054595351,0.994125877394261,0.9945446853138556,0.9947950174591771,0.9950447502106511,6125.197324218033,0.9997097508240192,0.993642812875121,7.1019460014204e-4
"1,1,2",hispanic,0,lost_mom,0.0014004751273656879,3.895829923001819e-6,2.863093060941755e-4,8.406231279567442e-4,9.248088580473706e-4,0.0010335130513137105,0.0012144129128779295,0.0014001425153654674,0.0015898583184111438,0.0017697467447898955,0.0018688367693953844,0.001958841417114574,5400.959875118128,1.000155458555509,0.00139602485420676,2.8742569176793e-4
"1,1,3",hispanic,0,lost_dad,0.004647863317930504,8.480427266704314e-6,6.416275936042744e-4,0.003382320509987783,0.003590616818773332,0.0038306197551795755,0.004221489663933453,0.00463984784735454,0.0050824037874356905,0.005482042032668633,0.005706722707517423,0.005894477179149162,5724.408238997732,1.0001091770440764,0.00465418746870146,6.4104367507523e-4
"1,1,4",hispanic,0,lost_both,3.007597246761564e-4,1.3005895440414313e-5,0.0010049195727159942,-0.0016309073363586612,-0.0013276635569738349,-9.9207462889499e-4,-3.825809073470521e-4,2.9897857548683016e-4,9.744486510571138e-4,0.0015699430389884872,0.0019487963905346025,0.002308822257834987,5970.106707171766,1.000402542898189,3.0697480196828e-4,1.7931691912988e-4
"1,2,1",hispanic,5,lost_none,0.975613642677585,2.7608769071695875e-5,0.002102390128824188,0.9714202623033059,0.9721061442539332,0.9728835264669069,0.9742448881960879,0.9755921030638595,0.977068900660943,0.9782995634046783,0.9790093679279618,0.979705142697107,5798.725213905428,1.0000258843396896,0.975594261769658,0.00210054934381518
"1,2,2",hispanic,5,lost_mom,0.005506771044048977,1.0691075216948333e-5,8.094630638936636e-4,0.0039121383406348345,0.004173990574640189,0.004479365499949883,0.004966455488072882,0.0055090332408268125,0.006048424805221463,0.0065583029088835945,0.006836227577159127,0.007100054703197567,5732.595560058861,1.0001628531400364,0.0055087248553124,7.9788846131569e-4
"1,2,3",hispanic,5,lost_dad,0.017714135580395605,2.318223802920162e-5,0.0018018552694009393,0.014158414825017486,0.014746108667470623,0.015436366488463757,0.016506260689216963,0.017696309113215625,0.018904472324172354,0.02003452423047098,0.020685310719330073,0.021271989984054787,6041.281697987652,1.0007714776113839,0.0176887760128568,0.00180874987321659
"1,2,4",hispanic,5,lost_both,0.0011654506979704219,3.636742932367908e-5,0.0028617631192039764,-0.004341329923308007,-0.003506182251459511,-0.0025109161922399537,-7.927221413941421e-4,0.0011517194465613945,0.0030978394690702737,0.004837139515201994,0.005940847690351671,0.006854416000687899,6192.159832582393,0.9999723405201925,0.00120823736216904,5.5895561754806e-4
"1,3,1",hispanic,10,lost_none,0.9546552611241935,4.122084445430445e-5,0.0031804623802006776,0.9484773609479835,0.9494062260274427,0.950694097094907,0.9524713094165849,0.9546594351633253,0.9567980635161565,0.95867524049234,0.959927893772232,0.9609894084807998,5953.149058261264,1.0000371959938228,0.954603700914649,0.00318243546542922
"1,3,2",hispanic,10,lost_mom,0.011235430130355082,1.6036545730253166e-5,0.0012613626981934187,0.00881154267983822,0.009174108815519697,0.009629848131549044,0.010379685025665216,0.011234969290887985,0.01208932748743408,0.01286154167089337,0.013325156523798823,0.01369946441536272,6186.689401896373,0.9995540486544765,0.011261787078278,0.00126390844863196
"1,3,3",hispanic,10,lost_dad,0.032460141807400616,3.6983658999113743e-5,0.002813489451117589,0.02698372219231806,0.027834856129316826,0.02884925823942511,0.0305350977553482,0.03245540298373065,0.03434948814616649,0.036081605463567715,0.03712493415587425,0.038033443367936993,5787.231163815986,1.0003522618434748,0.0324731889745645,0.00279657517788505
"1,3,4",hispanic,10,lost_both,0.0016491669380507747,5.743414142856142e-5,0.004413541948894694,-0.00701812483812051,-0.005594237755897491,-0.003943407043978264,-0.0013568923027101887,0.0016295686878509685,0.004732526427331213,0.007282777042583955,0.008804882051436307,0.010183562754656027,5905.19510285182,1.000059871540738,0.00166132303249961,6.3072468708625e-4
"1,4,1",hispanic,15,lost_none,0.9289228995544518,4.780888298616084e-5,0.003666639241308143,0.9217628947103114,0.9228635338719641,0.924159861373577,0.926444422274658,0.9289524853096636,0.9314029406219401,0.9335859836689413,0.9350538148239349,0.936025653195445,5881.9207714254935,0.9999420935654685,0.928825549388559,0.0036983923830469
"1,4,2",hispanic,15,lost_mom,0.016653592355141363,2.0466878376378072e-5,0.0015612414655757291,0.013614044116631007,0.01408588813109702,0.014657010908666696,0.015581883659240462,0.016642061781959847,0.017705567175633687,0.01867059388824212,0.01924655457453876,0.01967995518666628,5818.8469871898915,1.000607968253344,0.0166456515280636,0.00156004905361494
"1,4,3",hispanic,15,lost_dad,0.05097325027989769,4.456752080217923e-5,0.0033685389863197727,0.044391916879680325,0.04539342256825366,0.046610540542649515,0.048740582861697475,0.05097373372527724,0.05327436455627139,0.05526147414850539,0.05649463645227811,0.057515698785053734,5712.762962989243,1.0000217517765935,0.0510019393278255,0.00329808736566887
"1,4,4",hispanic,15,lost_both,0.003450257810509103,6.79531413889879e-5,0.005187175971546849,-0.006666083143846247,-0.005018974563429435,-0.00318910697874466,-8.148267650659458e-5,0.003474682124900541,0.00692440168189995,0.010103269626643385,0.012028334604306848,0.01369360080562354,5826.971392780961,0.9998518078823745,0.00352685975555534,8.5621598775803e-4
"1,5,1",hispanic,20,lost_none,0.8908734089078535,6.0944464901740136e-5,0.004657667704382849,0.8818820779283749,0.8832171907827706,0.884893878473801,0.887820471574705,0.890879887379255,0.8939989464076065,0.8968761228102867,0.8984285386283867,0.899959554404237,5840.747956234208,0.9998642470683237,0.890929550916774,0.00472886437852792
"1,5,2",hispanic,20,lost_mom,0.025341749314624885,2.899667149832571e-5,0.002278528049901766,0.02085405583310121,0.021561619018628464,0.02238874979791378,0.023823979122978803,0.025344612232079452,0.026912893701934365,0.028242624405958615,0.029067112306053695,0.029755365153811844,6174.651654466248,1.0002406909808408,0.025315312559379,0.00226384007273818
"1,5,3",hispanic,20,lost_dad,0.07583061254956709,5.4069686880432544e-5,0.004094474506155416,0.06794199476419129,0.06918469369111475,0.07061739392729297,0.0731065890678437,0.07573234909554732,0.07860314923542827,0.08117719215042397,0.08265686751633551,0.08407329726820942,5734.408581923372,0.999563378883433,0.0758614732925505,0.00405756274237803
"1,5,4",hispanic,20,lost_both,0.00795422922795453,8.826631949847844e-5,0.006600091803558141,-0.005059783503373494,-0.003112284208157235,-5.17460364531952e-4,0.0036476318983475198,0.007960774966622008,0.0123822867534997,0.01649301649055907,0.01867829052429783,0.021075858069812645,5591.262948920596,0.9997233285125267,0.00789366323128673,0.00130354341744868
"1,6,1",hispanic,25,lost_none,0.8390801040946231,7.85315317817243e-5,0.006103391755951294,0.826827155008744,0.8290673438847345,0.8313941059322165,0.8350136930793575,0.8389717546995696,0.8432212651777741,0.8467600171358428,0.8493315253716358,0.8511703245212288,6040.2422433181255,1.000048190160305,0.839119805760193,0.00606276325559515
"1,6,2",hispanic,25,lost_mom,0.038936675420396916,3.789242292185292e-5,0.002935427895351943,0.033211355493388085,0.03403609161126352,0.03519630096775137,0.03696271986738389,0.038946725194224374,0.040941451849047045,0.042663992275076966,0.04369728352460309,0.044758171205048,6001.199746921663,0.9995836182552275,0.0390095693496654,0.00295744160554761
"1,6,3",hispanic,25,lost_dad,0.10619884099558972,6.927360550874071e-5,0.005324904259391425,0.09546116669035809,0.09730080911127952,0.0992918392533829,0.10270228789955957,0.1062650901363131,0.10981194727763453,0.11300239394416722,0.11482544319377422,0.1164024954689315,5908.646705903861,1.0000959522592023,0.106260824259403,0.00523835224146917
"1,6,4",hispanic,25,lost_both,0.015784379489390276,1.1184692761824208e-4,0.00864128408840378,-0.0012232607984950794,0.0016645010655198464,0.00465390359654182,0.009954396080301992,0.01585253453555996,0.021659516462766343,0.026926812862208653,0.029941559435891656,0.032836396873030645,5969.094421055677,1.0001638775854147,0.0156098006307495,0.00206036003067658
"1,7,1",hispanic,30,lost_none,0.7697362998495288,9.749931154727024e-5,0.007493873585729433,0.7550339139309244,0.7575351468133376,0.7602476600194399,0.7646911014410527,0.7697011060560852,0.7747725270675438,0.7794889116669448,0.7820453512797735,0.7842479600017307,5907.580212869372,0.999606916683027,0.769722301524111,0.00751505641321508
"1,7,2",hispanic,30,lost_mom,0.05729001263923736,5.5679260382906304e-5,0.0042045872613588,0.048947255796598976,0.05030378672248589,0.05190880018356504,0.054471422036931415,0.05728421388216651,0.06013022398560907,0.06257739419721776,0.06422344572700664,0.06556486094736912,5702.42819081561,0.9996564860201056,0.0572384550678228,0.00420593116140563
"1,7,3",hispanic,30,lost_dad,0.14157785538314174,8.045237633277985e-5,0.005762479206419929,0.13010196069413665,0.13202594079685184,0.13409542819206507,0.13768601532524857,0.1416093742267025,0.1455064805976819,0.14885896030133117,0.15090378182451356,0.15279071979698916,5130.279067021716,0.9993528586354675,0.141636369868753,0.00585671176609137
"1,7,4",hispanic,30,lost_both,0.031395832128092015,1.3341093577466634e-4,0.010314725568225635,0.011554395285423059,0.014738599407104215,0.018341215363086815,0.02433921504906808,0.03138898170147769,0.03824114309861762,0.04465894245141806,0.048509690261261354,0.05182902668838029,5977.677688921447,0.9994278267909966,0.0314028735393229,0.00304582054779768
"1,8,1",hispanic,35,lost_none,0.6913114208546706,1.1527363328693699e-4,0.008945238834568237,0.6737355641942112,0.6768001115643649,0.6798926720305359,0.6852189092704172,0.6912059897241842,0.6974076871980531,0.7029573652177095,0.706042779079147,0.7089370508260273,6021.766585732444,0.9999599967606717,0.691423159087045,0.00908828984462239
"1,8,2",hispanic,35,lost_mom,0.07439427750035568,7.05910800736824e-5,0.005477266928191682,0.06366183241952636,0.06540094777010469,0.06745437268177816,0.07069543406304231,0.07436947991534229,0.07806603567779219,0.08134841537510869,0.0835243503382218,0.085416373961567,6020.438978722381,0.9998055978719643,0.07436168034166,0.0055880435984812
"1,8,3",hispanic,35,lost_dad,0.18311551889692831,9.28885072776815e-5,0.007129596703625088,0.16913647789857075,0.17151153490624924,0.17403147388150064,0.1782771118744566,0.18302723081623745,0.18802323487011857,0.19230018747394018,0.19503759658612085,0.19717724753851387,5891.229756495015,0.999904786801918,0.183139257243431,0.0070396081230635
"1,8,4",hispanic,35,lost_both,0.051178782748045444,1.672934195519221e-4,0.012724516555173504,0.026160616275103615,0.030068839177720002,0.034631812015661026,0.04267992048727312,0.05110242183751712,0.05999962163987693,0.06735871524180934,0.07189139952023704,0.07568524686006639,5785.286424190439,0.9995551304651432,0.0510759033278735,0.00452735849483245
"1,9,1",hispanic,40,lost_none,0.5853352490715727,1.2531454648547386e-4,0.009884132019538324,0.5660954828642656,0.569259563373212,0.5725445058894004,0.5785988488363616,0.5853111524514159,0.5920675049011335,0.5981506775288148,0.6018179421678009,0.6043809723493534,6221.199115397774,1.0001284185593218,0.585264696701964,0.00985552822965078
"1,9,2",hispanic,40,lost_mom,0.08820286828710872,7.433981229176474e-5,0.0057729863199852275,0.07681486215547297,0.07867009860481787,0.08073405453822272,0.08438779349600366,0.08825953158598122,0.09211109079835594,0.09554870645073975,0.09771140199888287,0.09955951542972206,6030.56685476629,0.9995279198880841,0.0882030989856571,0.00577744958521622
"1,9,3",hispanic,40,lost_dad,0.2318702741900316,1.2231827789704444e-4,0.009429236028053796,0.21350953323056926,0.2162716623843565,0.21962363295063364,0.22545648871155669,0.23185533454756774,0.2382496085034685,0.2439240957394815,0.2474931897103823,0.25046167462516233,5942.515151307872,0.9996637624502114,0.231810479377532,0.00938813838819658
"1,9,4",hispanic,40,lost_both,0.09459160845128695,1.866096137765258e-4,0.014838961211385854,0.06593642598650674,0.07047161337649005,0.07602772474514634,0.08484952349186242,0.09417538939323827,0.10474926007930874,0.1136430559334168,0.11939031867485485,0.12360552583214338,6323.229885046424,0.9998908623347483,0.0947217249348529,0.00648806038008121
"1,10,1",hispanic,45,lost_none,0.4742289464444364,1.5389043956056747e-4,0.011684061572212141,0.451119598031719,0.45512318572894106,0.459394848721761,0.46624683895159014,0.47426246489836343,0.48223719575610335,0.48917755063042345,0.49302681885597477,0.4970769680665039,5764.536502597928,0.9995531888531906,0.474374508655492,0.0118649568316635
"1,10,2",hispanic,45,lost_mom,0.10119985436061162,9.263404355728067e-5,0.007143042575720032,0.08711677087984748,0.08940709186479513,0.092150640704913,0.09639983252509667,0.10106940788222604,0.10610697553033437,0.11027638136872961,0.11293372268415423,0.11504383518773283,5946.004504021715,1.00024368969886,0.101069873787569,0.00703396702416241
"1,10,3",hispanic,45,lost_dad,0.27335974226296006,1.4019634690620218e-4,0.01073957929609121,0.2526425386761434,0.2556696501925918,0.2594773589913827,0.2661303602725715,0.2733625926814013,0.2806013782009264,0.2870897863423144,0.29099792486822246,0.29459042289606,5868.149143228586,1.000262091376544,0.273261404203672,0.0107691758504114
"1,10,4",hispanic,45,lost_both,0.15121145693199195,2.2666555650721905e-4,0.01730550523415972,0.11728104591452636,0.12232392104990601,0.1289329105499029,0.13972081586580973,0.15124137913379565,0.16289670836801867,0.17317599387930765,0.17988273453017578,0.18540939126917916,5829.046291085678,1.0003426684924903,0.151294213353257,0.0086464216273069
"1,11,1",hispanic,50,lost_none,0.3455259596851574,1.7534465469674424e-4,0.013142833961259811,0.31972011192694466,0.3238563594625043,0.32893714032239124,0.33657024433401006,0.3455482747526035,0.354681204650934,0.3623921223685544,0.3672183228583137,0.371079793705724,5618.145472423266,0.9996902611417651,0.34565310127941,0.0129724354887731
"1,11,2",hispanic,50,lost_mom,0.10890980631326093,1.0434785927671884e-4,0.008083125398510159,0.09297411905839299,0.09561129512085782,0.0984865568111491,0.10343912901007818,0.1088474941509607,0.1145416674917378,0.11930417328410244,0.1221287938170314,0.12449503078090034,6000.556716512365,1.0009206994209012,0.108844136452204,0.00812518837471984
"1,11,3",hispanic,50,lost_dad,0.3014656125037653,1.4562837101883588e-4,0.01123269112332326,0.27930938942829225,0.28287657641959313,0.2871888830615229,0.2938330023623904,0.30155222495118006,0.3086818702970625,0.31598951389852237,0.3203114100518068,0.32344676160819447,5949.433992218415,0.9995411873734886,0.301261479659775,0.011253976485343
"1,11,4",hispanic,50,lost_both,0.24409862149781636,2.534270306886501e-4,0.019197369080496192,0.20648468244959983,0.21252905764447438,0.21982313078340499,0.23107064974947028,0.2442563605413916,0.25699762756930306,0.26903319436669526,0.2760554587280613,0.28169356501931403,5738.224808748798,0.9997717944951178,0.24424128260861,0.0108783548678758
"1,12,1",hispanic,55,lost_none,0.21828665479647913,1.8304914630544805e-4,0.014043817975815057,0.19074741621981461,0.19553107284666887,0.20049796610732912,0.20868341555031938,0.21824390385863063,0.2276492336749713,0.23649902612490822,0.24184813358262913,0.24630684831992064,5886.199373763891,0.9999572078337283,0.218293326535474,0.0138716863510254
"1,12,2",hispanic,55,lost_mom,0.10270604180873284,1.1635924728854465e-4,0.00881683226911889,0.08519985938793286,0.08813802352009645,0.09131127836282495,0.09688173934471256,0.10259242371048469,0.10853445010237882,0.11401944796385349,0.1174000925379934,0.12002116171705875,5741.473324258233,0.9995108900635546,0.102748309246645,0.00878366779260866
"1,12,3",hispanic,55,lost_dad,0.3174563053339851,1.6718627389352225e-4,0.013143153871327102,0.2920353688690677,0.2958486746059476,0.3007098011645714,0.3085456901330822,0.31767788798243446,0.3264247957666876,0.3342914960109918,0.33911745856232356,0.34308375421878445,6180.134791211326,0.9998596872449809,0.317395841196004,0.0130765808037893
"1,12,4",hispanic,55,lost_both,0.361550998060803,2.713126174553513e-4,0.021244534631979194,0.32013640604159826,0.325907592821616,0.3338432450514834,0.3468299819457889,0.3620248326170542,0.3763439619666595,0.38855505540752733,0.39596752833492216,0.40202542836550653,6131.326761908661,0.9995000324892791,0.361562523021868,0.0149262326764375
"1,13,1",hispanic,60,lost_none,0.07979849960922931,1.298910466378155e-4,0.009756504753460194,0.06079771202440883,0.06365230614641669,0.06721298372882821,0.07326089936342882,0.07977869462729933,0.0863256586816244,0.09228933476044195,0.09588362544963187,0.09868934644604589,5641.961112067718,0.9995530335240237,0.0797830153977814,0.00995924427003543
"1,13,2",hispanic,60,lost_mom,0.06366705662278054,9.511538849100529e-5,0.007426165870913432,0.04882084012147004,0.051395127191370314,0.054087905657327684,0.058657073409574524,0.06365826667775606,0.06871141320840872,0.0731073631307839,0.07586683690175171,0.0780713720441316,6095.758018798285,1.000182951469608,0.0636085575424591,0.00749399112645908
"1,13,3",hispanic,60,lost_dad,0.1858999935718592,1.4965624146382278e-4,0.011701613450991669,0.16295100982233382,0.16678655263773132,0.17081455944088508,0.17800361069520287,0.18600856702992363,0.19380207283259,0.20089317279700308,0.2051609790658394,0.20855736791216134,6113.66766841118,1.0001639354127068,0.185842725008421,0.0115828810321346
"1,13,4",hispanic,60,lost_both,0.670634450196131,2.1726425489603207e-4,0.016834257886027545,0.637855666247633,0.6430386829970625,0.6490841260442148,0.6592303127835275,0.6705254175111384,0.6821122509151432,0.6923862932025034,0.6984010927588457,0.7034159390116578,6003.595049480277,0.9997267948000372,0.670765702051336,0.0165702924346519
"2,1,1",non-hispanic black,0,lost_none,0.9909106180682702,1.634696091700953e-5,0.0012741729735864632,0.9884727366682884,0.9888432754416756,0.989266357540514,0.9900364152957433,0.9908978820365899,0.9917813263364966,0.992530922877023,0.9930138612589718,0.9934286919552267,6075.509852730402,0.9997610057416647,0.990931613970193,0.00128007164305004
"2,1,2",non-hispanic black,0,lost_mom,0.0020241610404707782,7.4376478363416355e-6,5.649736126686561e-4,8.922325974350454e-4,0.00109167821627115,0.0013096513186808105,0.0016512981939694191,0.002030012194221244,0.0024029521162777135,0.002738093742585082,0.0029567046236485635,0.0031375131780814465,5770.123470481896,0.9999540820187629,0.00202354503713206,5.6869935016142e-4
"2,1,3",non-hispanic black,0,lost_dad,0.006785369568892453,1.3884635666480783e-5,0.0010897433611758256,0.0046218877800816936,0.004987637496880661,0.005384113821538143,0.006061729837840484,0.0067917563023973115,0.007519225938455874,0.008170524203797762,0.00859114339033648,0.008920414213478636,6159.982625380081,0.9999511885573357,0.00678131354383404,0.0010993919838416
"2,1,4",non-hispanic black,0,lost_both,2.798513223666215e-4,2.2542323265584167e-5,0.0017700320687363525,-0.003244987078367678,-0.0026726611144140544,-0.0020449872165324346,-8.887349970274627e-4,3.1746484005240605e-4,0.0014746119726846418,0.0025568416080956505,0.0031937123057831605,0.003720059865022061,6165.452024844658,1.0000072165143896,2.6352744884245e-4,2.0914792112684e-4
"2,2,1",non-hispanic black,5,lost_none,0.9677109661665386,4.078873351529812e-5,0.0032058809684588204,0.961253486125061,0.9623302328597667,0.963555621250781,0.965623609514866,0.9677661490537993,0.9698506909838895,0.9717097977139033,0.9730001849495625,0.973944385330358,6177.5226326848515,0.9996506162446871,0.96766654745519,0.00320373146436922
"2,2,2",non-hispanic black,5,lost_mom,0.008534883145118797,1.664921840665788e-5,0.0013245882638209066,0.005940437984275351,0.006349990480831631,0.006824156147407651,0.0076376204474055895,0.00855106224619575,0.009437573830206407,0.01022558884154151,0.010698363762236025,0.011118240880323288,6329.568504843106,1.0002746865952488,0.00854367200289076,0.00132707596764218
"2,2,3",non-hispanic black,5,lost_dad,0.02257270641319819,3.5812167989866716e-5,0.0027498498776485666,0.01707275463129055,0.018000012120584566,0.019047860886790238,0.020745989072069718,0.022626474549565463,0.02442684032099717,0.026076980666644003,0.027062488777890015,0.02790968101879426,5895.990078774328,1.0000623640560158,0.0225913735356613,0.00273362960692613
"2,2,4",non-hispanic black,5,lost_both,0.0011814442751443912,5.680979561561869e-5,0.004443739542832458,-0.007407229423513356,-0.005938998144086916,-0.004516358814912769,-0.0018096365751136823,0.001137234213034355,0.004165593319150646,0.006947381525326968,0.008565414715944897,0.009976762843349621,6118.581348765622,0.9998114891432806,0.00119840700626692,5.2002966162535e-4
"2,3,1",non-hispanic black,10,lost_none,0.9374247651522599,5.9675628257262614e-5,0.004642394808921829,0.9283475852491969,0.9298119425037382,0.9313515627980148,0.9342526184066026,0.937527369309751,0.9405975198496294,0.9432756378362782,0.9449197083415332,0.9464901944960908,6051.877715525173,0.999970655436522,0.937436300443776,0.00463946652365306
"2,3,2",non-hispanic black,10,lost_mom,0.018525583979443344,2.8901896662948745e-5,0.002258275403895606,0.014218829947287535,0.014853838417780008,0.015579455365336782,0.01697294009242078,0.018548455394309108,0.02004165754315203,0.021453195937122735,0.02222300913798367,0.022889032627579537,6105.217227410237,0.9999302053233488,0.0184756702093325,0.00226858897446168
"2,3,3",non-hispanic black,10,lost_dad,0.04175788971748347,5.196701025580483e-5,0.004045064235090678,0.03393358110697524,0.03521917955921396,0.03664216841133139,0.038970972190635625,0.04168361194963706,0.044545129702324916,0.046995624050690736,0.04843335829000103,0.04963337882427237,6058.922274675175,0.9997814641178493,0.0417649307602187,0.00403880743896134
"2,3,4",non-hispanic black,10,lost_both,0.0022917611508132788,8.353756003213882e-5,0.006552074656783344,-0.010486546492197301,-0.008573801649664514,-0.0061016481638665795,-0.002094942295674529,0.002326250059159818,0.00674094122364563,0.01056058833154894,0.012907999040113019,0.015020110031599638,6151.685184576646,0.9998920599435516,0.00232309858667188,7.7865202379037e-4
"2,4,1",non-hispanic black,15,lost_none,0.8956889391923959,7.983651934267383e-5,0.006190260599371038,0.8836863490645472,0.8854439937786551,0.8875889202948369,0.8914694470951027,0.8956709352374674,0.8999199226845052,0.9036268335379661,0.9057831302168186,0.9076372921870876,6011.940526830166,0.9999606370481697,0.895842179563392,0.00611122565558412
"2,4,2",non-hispanic black,15,lost_mom,0.029471022276908794,4.6595869942230764e-5,0.0035815647476973157,0.02249971109588062,0.023649374814487787,0.024840181452581295,0.0270652971127308,0.02945550526663197,0.03192760051864202,0.03406591480649005,0.03526128053095402,0.03641204485255681,5908.139821385653,0.9998238377966625,0.0294753214331685,0.00358133689693539
"2,4,3",non-hispanic black,15,lost_dad,0.06766217069243048,6.289201695558888e-5,0.004870034478282234,0.05815323098951883,0.05958069502790802,0.06135293985235451,0.06432370626957844,0.06769654785406132,0.07102701446195782,0.07386548370187973,0.07564686219957258,0.0769764925454026,5996.157420609718,1.0006705032916978,0.0676814061592888,0.00492259832290578
"2,4,4",non-hispanic black,15,lost_both,0.007177867838264855,1.0972084776702647e-4,0.008726129068068295,-0.009626845456339976,-0.0069617372329181864,-0.0038570113441356085,0.0011898417282014406,0.007074985297881586,0.013041777974548807,0.01842299444935185,0.02160245046098125,0.024586188176915276,6325.064455905246,1.000000484832769,0.00700109284414178,0.00149943484246917
"2,5,1",non-hispanic black,20,lost_none,0.8444874945403658,9.045153130740514e-5,0.007034928384704479,0.8305482004472368,0.8329060652377809,0.8355139017062754,0.8396166147907975,0.8444935290332327,0.8491518552012531,0.8534352801891617,0.856114586828662,0.8584359419948842,6049.054731728668,0.9998378267792534,0.84445111069401,0.00708343628026807
"2,5,2",non-hispanic black,20,lost_mom,0.04158348529765496,5.261304339826497e-5,0.004108662464928261,0.0335294699177161,0.03491659081847244,0.03635516423415343,0.038841968395741916,0.04156354251827514,0.04432760754233911,0.046834238605390176,0.04838894654191414,0.04992892228723542,6098.374356398804,1.0000988017294985,0.0415637556713471,0.0041082334431573
"2,5,3",non-hispanic black,20,lost_dad,0.09939531505197659,7.120251359875886e-5,0.005414152806726483,0.08897510832427902,0.09076798988701297,0.0925583763830551,0.09572215957690468,0.09924010907480946,0.10296136169076363,0.10650255144223261,0.1085122179393298,0.11042627995798997,5781.8972166970125,0.9999633566298606,0.0994480671887562,0.00551679336080189
"2,5,4",non-hispanic black,20,lost_both,0.014533705110002737,1.2856345528946392e-4,0.009859959666142748,-0.004713880970127033,-0.0018173608856395299,0.0018139251351828587,0.007819305095905393,0.014661413659906919,0.021187734887012782,0.026938106785049366,0.030767819779452078,0.034052679670149744,5881.867061781578,0.9995593467519999,0.0145370664458862,0.0024282791206152
"2,6,1",non-hispanic black,25,lost_none,0.7828100760045,1.1400956180889185e-4,0.008826555513693563,0.765540651976463,0.7684228680616784,0.7716135098123753,0.7766686302001742,0.7828055351891896,0.7887223407345576,0.7942135181813579,0.7972209771830956,0.8000313518109647,5993.76844560752,0.9995844256661393,0.782841074197713,0.00892166473077574
"2,6,2",non-hispanic black,25,lost_mom,0.05853590105679747,6.783999455749471e-5,0.005180422027521491,0.048566162010828584,0.050077253015565336,0.0518220985970885,0.05502266405718378,0.05850395125829125,0.062052042967556134,0.06519807488016084,0.06708355511524616,0.06872515151301638,5831.209891324653,1.0000705966691967,0.0584580731045533,0.00517230010253554
"2,6,3",non-hispanic black,25,lost_dad,0.12846654041813438,8.788132781521881e-5,0.0068014415948166075,0.11495408057108905,0.11726129959216886,0.11970312448135621,0.12389932293223857,0.12842117900977007,0.13294403794093088,0.1374170631223286,0.13982184244045143,0.141677332273218,5989.750408647398,1.0005864074368336,0.128460909171226,0.00680389168474136
"2,6,4",non-hispanic black,25,lost_both,0.030187482520568177,1.585070171010594e-4,0.012252629092429352,0.006652401605297531,0.009974748958177586,0.014580156415349143,0.02186552580474113,0.030181981921871437,0.03838661632358381,0.04600005984579458,0.050488058544181855,0.05474260370557355,5975.325766684573,0.9995132146241158,0.0302399435265127,0.00398272018185031
"2,7,1",non-hispanic black,30,lost_none,0.7099449149244389,1.3511696750352186e-4,0.010338416163667197,0.6893154300988487,0.6931013583676509,0.6969106756930019,0.7029889871668533,0.7099425715046777,0.7168640439210657,0.7231715614856019,0.7268154386173149,0.7301459675153541,5854.478850826543,1.000212236619593,0.709948028352979,0.0103414350899904
"2,7,2",non-hispanic black,30,lost_mom,0.06483406943551649,6.890736980702113e-5,0.005321415672346306,0.054515518506907265,0.05602634930328261,0.058042731322212535,0.061305783921304376,0.06482791350779832,0.06842894368706527,0.07165413316562716,0.07368706121463169,0.07527001605648749,5963.7993350737615,1.000370650959635,0.0648499048887671,0.00525343315429223
"2,7,3",non-hispanic black,30,lost_dad,0.17403638453216705,1.0536198621151878e-4,0.008130263009978858,0.15797738930447858,0.16073789305622782,0.16371360589955647,0.16858139517887938,0.17404487944763564,0.17951554750563564,0.18435197137518927,0.1874005966652419,0.19038745755614292,5954.445052630531,1.000423433342693,0.174122422418085,0.00822624971519312
"2,7,4",non-hispanic black,30,lost_both,0.05118463110787761,1.8152572913903396e-4,0.014051918731498641,0.023820115646611777,0.028409404271717842,0.03320808255195713,0.04165245159729292,0.05118222737480721,0.060711736599760785,0.06906510450125912,0.0742988228453616,0.07897591754002951,5992.318367717688,1.0005769685221213,0.0510796443401828,0.00517604504168593
"2,8,1",non-hispanic black,35,lost_none,0.616516325122683,1.5146401882873352e-4,0.011521946405293148,0.5938867121836139,0.597383214319287,0.6018995557453152,0.6089445265867826,0.6163793827122771,0.624209520580298,0.6313144807150891,0.6355842119878187,0.6394548462972415,5786.723743572748,1.000527499663444,0.616445808701279,0.0114971337148721
"2,8,2",non-hispanic black,35,lost_mom,0.07411529647613778,7.493551541534657e-5,0.005727540828992703,0.06259468404757955,0.06457234102558122,0.0668490843224564,0.07029045121402615,0.07407001308603892,0.0780101072163871,0.08151884308967552,0.0835109506031051,0.08530197263685531,5841.992430855667,0.9999829514013951,0.073990091879224,0.00575427050640296
"2,8,3",non-hispanic black,35,lost_dad,0.22727034182229408,1.2845167373814166e-4,0.00992305828303004,0.20750012781827948,0.2106634131669065,0.21435906635072133,0.2206938507865347,0.22736657327226223,0.23397877462387817,0.23978398172931667,0.24363458350237496,0.24647445046251623,5967.762749784522,0.9995571856246662,0.227487033314602,0.00990692106989561
"2,8,4",non-hispanic black,35,lost_both,0.08209803657888519,2.1044217519567045e-4,0.016169097835018673,0.04961327535885104,0.05512161688564232,0.061107585494966095,0.07159776179422844,0.08211114058600133,0.09290182421839321,0.10272821312331469,0.10851649061075563,0.11433981613798021,5903.4516871191145,0.9998611077093789,0.0820770661049017,0.00649738231527567
"2,9,1",non-hispanic black,40,lost_none,0.5099934172146099,1.4420580076293486e-4,0.011060775875121174,0.4882493245580676,0.49169055615748075,0.49574793159644126,0.502523726178695,0.5101450240271883,0.5175986673439089,0.5240572430767308,0.5279414288835096,0.5315043085699297,5883.0931332704595,1.0000987141839248,0.509919582375811,0.0111051752042037
"2,9,2",non-hispanic black,40,lost_mom,0.08752190495266311,8.363235318376838e-5,0.006498401202723696,0.07476843165221796,0.07690271610746746,0.07923910662108931,0.0831757294818326,0.08747995346121774,0.09174174952496925,0.09586863666355386,0.09811367192925394,0.1004824916041199,6037.6009817136355,0.9998968093527717,0.0875531308926843,0.00650861420500052
"2,9,3",non-hispanic black,40,lost_dad,0.27412342109897747,1.362615601706436e-4,0.010822175583814727,0.25320021487799854,0.25660042355027546,0.2601869655571693,0.26672034221596225,0.2740909768938945,0.28133990239769135,0.28794428378454484,0.29197386663732783,0.2954679185607504,6307.865685268762,1.0000664880618408,0.274245294816687,0.0107106778571636
"2,9,4",non-hispanic black,40,lost_both,0.12836125673374957,2.0931539622641776e-4,0.016654946192857942,0.09588590265796758,0.10103766930692473,0.10769952614131384,0.11721005664915482,0.12827244480414812,0.13938607569697511,0.14988512600306877,0.15634923540599768,0.16106488334822777,6331.1721086523,0.9999566079310868,0.128281991914815,0.00804444411141473
"2,10,1",non-hispanic black,45,lost_none,0.39512486548015185,1.573556411384958e-4,0.012042846157906613,0.3714194418913104,0.37526631748970324,0.3796697469211171,0.3869559707910611,0.395274679625027,0.40317547582573976,0.4104924234609044,0.41462893909347737,0.4183189386394503,5857.248412007684,0.9997148435069383,0.395154142979499,0.0120297044008871
"2,10,2",non-hispanic black,45,lost_mom,0.09268670772295949,9.804674127036905e-5,0.0074026005415573975,0.0785173322973698,0.08081539806037072,0.0832581762982881,0.08770115899127998,0.09266153035038696,0.09775005991132586,0.1022910287536836,0.1046777078564412,0.10714423736496119,5700.360232879094,0.9997964356790786,0.092564343692238,0.00736872799878337
"2,10,3",non-hispanic black,45,lost_dad,0.3088423026568047,1.6704053835294973e-4,0.01282423687153445,0.28366258249885723,0.287850336545831,0.2922895875135774,0.3003179992935493,0.3086703391078169,0.31758821720402886,0.3250695495430546,0.32995248091442425,0.33435351772825095,5894.1244335328265,0.9997082158170514,0.309027140503025,0.0129241030593621
"2,10,4",non-hispanic black,45,lost_both,0.20334612414008396,2.432207541512151e-4,0.018920136499933994,0.16667318338254888,0.1720116805076926,0.17899809343672926,0.19031974364086782,0.2031093588736061,0.21646799032807654,0.22798575823395156,0.23418194955934146,0.24017030966935335,6051.280284081247,0.9996560270529137,0.203254372825239,0.0100454226292431
"2,11,1",non-hispanic black,50,lost_none,0.2629570263722475,1.7087131134373788e-4,0.013151399227744288,0.23777292573303624,0.24151570495948108,0.2461898967159032,0.254013373246181,0.26291532989641286,0.2716536886741888,0.2799726673855894,0.2848900522081606,0.2893102578973685,5923.871349428188,0.999558805645119,0.262660999131933,0.0131925651909319
"2,11,2",non-hispanic black,50,lost_mom,0.08773126748562182,9.475505657982497e-5,0.007319205631192148,0.07312350274306947,0.07541467302072925,0.07832028423549375,0.0829357748724379,0.08781135372690385,0.09268505404288538,0.09704594011207243,0.09958023810248096,0.10172888273366305,5966.547561513895,1.0015005157252013,0.087912609402584,0.00713042424286795
"2,11,3",non-hispanic black,50,lost_dad,0.33117042699330407,1.7902753999168587e-4,0.013622144629404136,0.30462446363807355,0.30866314563493696,0.3137473165718716,0.32196250881381294,0.33121109224319034,0.34027741389623195,0.3484789011204399,0.35353719734829064,0.35752573301213975,5789.636342595269,1.0002839073641967,0.331183785018897,0.0136332323244117
"2,11,4",non-hispanic black,50,lost_both,0.3181412791488266,2.681710177541643e-4,0.020375985055638954,0.2780846576615249,0.28448471098833683,0.2919493269077687,0.3042897946636109,0.3183405103885215,0.33208174913723615,0.3445940730912017,0.3517075997678605,0.35767523876927126,5773.159368815168,1.0000205805888336,0.31824260644658,0.012872422114777
"2,12,1",non-hispanic black,55,lost_none,0.14877383764322089,1.3530174457059428e-4,0.009985607231754201,0.1294074079453936,0.13247461601024305,0.13586464967019382,0.1420227103367971,0.1487725374765799,0.1554726356541206,0.16147899059267573,0.1654620274680339,0.16864553041673844,5446.809255072951,1.0003787330321543,0.148828390844409,0.0100004092383446
"2,12,2",non-hispanic black,55,lost_mom,0.07894375166868632,1.036117340718824e-4,0.00786898279565186,0.063737951698222,0.06612569249957703,0.06886006338805795,0.07357004215375598,0.07890532295739525,0.08411924394074834,0.08909153246935592,0.09199622720810663,0.0945040807646254,5767.9210487514965,1.000001993340212,0.0787928656334021,0.00789947418038252
"2,12,3",non-hispanic black,55,lost_dad,0.3008671657347924,1.7187975761764578e-4,0.013377720705385484,0.2752580453378404,0.279102914063677,0.2838328822051657,0.2917400328743876,0.30059969370802286,0.30980456109072485,0.318221737570078,0.32327795065011633,0.32750386564737144,6057.797954372705,1.0001406001507254,0.300532062441863,0.0133476270844452
"2,12,4",non-hispanic black,55,lost_both,0.4714152449533004,2.3426671199420143e-4,0.018314765841147482,0.43626230245240916,0.4412892806967512,0.4480441874881551,0.45894089453783093,0.47144963591133526,0.4837056062078289,0.4950894096336824,0.5016723804407801,0.5076145755459327,6111.975105754228,1.0006249515012464,0.471846681080323,0.0142906265709027
"2,13,1",non-hispanic black,60,lost_none,0.04626616394096551,6.053108415285333e-5,0.004691244322259417,0.037098791236937385,0.03854383928385189,0.0403067448148238,0.04316977980308435,0.046210590536361354,0.04946007133643814,0.05231418071234171,0.05383748143442737,0.055493851409856715,6006.468428010159,0.9996384277724616,0.0463532733403978,0.0047106080375498
"2,13,2",non-hispanic black,60,lost_mom,0.04451614185241657,7.921875134681762e-5,0.0061310974039450435,0.03231968320388572,0.034216140153295,0.03659275995663644,0.04041451471931763,0.04457498630263586,0.04857907124445453,0.05243417234539797,0.054665538108782726,0.05651560026715821,5989.9120551894275,1.0002222930465479,0.0444809325483287,0.00611821825714933
"2,13,3",non-hispanic black,60,lost_dad,0.16662856463019363,1.4842405451359026e-4,0.01153580437171976,0.14386953284149026,0.14762939454792237,0.15168049690952098,0.15891535594506054,0.1665578186064764,0.17460950604147038,0.18115853557869935,0.18569293847265664,0.18887664783340918,6040.698818175848,0.9997162592289709,0.166516480488272,0.011648147841829
"2,13,4",non-hispanic black,60,lost_both,0.7425891295764243,1.7625659175823946e-4,0.013672103497010906,0.7159064905978514,0.7201761451982728,0.7250809281059604,0.7333505756446221,0.7425146649921978,0.7517986821112191,0.7600061273458011,0.765324552826447,0.7694359649444906,6016.998990524484,0.9995501793453601,0.742649313622994,0.0133695194800828
"3,1,1",non-hispanic white,0,lost_none,0.9955722405600185,4.116569777272015e-6,3.171329845431412e-4,0.9949480500187787,0.9950571848462278,0.9951744747594458,0.9953566455341201,0.9955682276246719,0.9957856792950449,0.995978562644597,0.9960963643634139,0.9961982458512585,5934.8789716527435,0.9998903236448438,0.99557441945218,3.1936497045701e-4
"3,1,2",non-hispanic white,0,lost_mom,0.0011971816806639296,2.213003537605028e-6,1.6797539646119135e-4,8.780612616095942e-4,9.260968519433218e-4,9.80252402145926e-4,0.0010836312992761818,0.00119642784709899,0.0013107230619563868,0.001413898621264808,0.0014715827825381713,0.0015327052318077896,5761.388126488785,1.000188114132978,0.00120165667662502,1.6922802516447e-4
"3,1,3",non-hispanic white,0,lost_dad,0.002943924201191017,3.438305956695e-6,2.6771882778142523e-4,0.002427548261770451,0.0025046593728798665,0.002602002666245873,0.00276382524424823,0.002942916789017658,0.00312627551412194,0.003288606382335639,0.003390372798158739,0.0034733300947327847,6062.73785393824,1.0000590117387078,0.00293726354713406,2.6906064674403e-4
"3,1,4",non-hispanic white,0,lost_both,2.866535581265957e-4,5.770868358433622e-6,4.5346213983345283e-4,-6.103337257321206e-4,-4.540287333803739e-4,-2.88228954736347e-4,-1.9945423977041354e-5,2.829034389660312e-4,5.943907817449745e-4,8.751822585297388e-4,0.0010468192234303177,0.0011701813047034434,6174.470656601564,1.0005407631785672,2.8666032405906e-4,1.1650536771594e-4
"3,2,1",non-hispanic white,5,lost_none,0.9827087483383806,1.0704508286242376e-5,8.163469121739053e-4,0.9811164818166633,0.9813491374653562,0.9816779719365708,0.9821567460153987,0.982707465675944,0.9832612672913961,0.9837664823841791,0.9840691164152301,0.9843218617955148,5815.888387217169,0.9998449571953474,0.982717275191269,8.1022075469287e-4
"3,2,2",non-hispanic white,5,lost_mom,0.0050259382568812435,5.959407034144469e-6,4.631005790735133e-4,0.004121982496805048,0.004244774258752496,0.004429509747033395,0.0047216255867061855,0.0050301479431051335,0.005331659080988209,0.00560724567649846,0.005775067500797209,0.005939842211371096,6038.715226174756,1.000008270555131,0.0050288839053624,4.6037178806377e-4
"3,2,3",non-hispanic white,5,lost_dad,0.011497183469513683,8.747815659559866e-6,6.790606747745507e-4,0.010182440178455565,0.010365474082488396,0.01062220074965013,0.011031392839279165,0.011512763434266913,0.011952584176281894,0.012346898958369244,0.012606125533353458,0.012869637462551119,6025.844440144802,0.9997392332711098,0.01150082586008,6.7171715957885e-4
"3,2,4",non-hispanic white,5,lost_both,7.68129935224403e-4,1.5235513494219981e-5,0.0011582721476490173,-0.001523069969181623,-0.0011671162781348055,-7.167934390178044e-4,-1.2162946584848289e-5,7.799066250408493e-4,0.001575932668159502,0.0022252018249444452,0.002639108987272782,0.002945264133978621,5779.723123300682,0.9999329142434777,7.5301504330312e-4,2.27692292483e-4
"3,3,1",non-hispanic white,10,lost_none,0.9665246893839939,1.5496142171169957e-5,0.001173319955972892,0.964258816111188,0.9645691412008612,0.9649925023804639,0.9657250057902581,0.9665255034449667,0.9673336727922752,0.9680327806025405,0.9684565568076416,0.968832467687304,5733.050008965715,0.9996991598597634,0.966540360789765,0.00114930234757943
"3,3,2",non-hispanic white,10,lost_mom,0.0091006885464078955,8.380994926638288e-6,6.230337758203167e-4,0.00788440767915311,0.008083777051395536,0.008302453697624715,0.008685286456473144,0.009105804280764875,0.009510454905364021,0.009899586786321605,0.010137290478185347,0.010326593708167468,5526.269074125667,1.0004795426532225,0.00910391523182015,6.1699548384118e-4
"3,3,3",non-hispanic white,10,lost_dad,0.023113708102540646,1.296067678902678e-5,9.534920137879081e-4,0.021271519429771752,0.02154876681947293,0.02188006699006759,0.02246476023741282,0.023132038324209098,0.023749981614823435,0.02433512886851051,0.02468607313134672,0.024964941714675334,5412.261338179792,0.9998358380359491,0.0231303520654433,9.5360447352601e-4
"3,3,4",non-hispanic white,10,lost_both,0.0012609139670575111,2.2525824230650676e-5,0.001625749263103651,-0.0019079328602708723,-0.0014048745363847816,-8.527737305534136e-4,1.8467451856238326e-4,0.0012523183728000986,0.002340210146045296,0.0033324394510337975,0.003962645075582294,0.004479827862722446,5208.896758334323,0.9995091583935549,0.00122537191299274,2.6858768958632e-4
"3,4,1",non-hispanic white,15,lost_none,0.9421386060531709,1.9524859962150123e-5,0.0015493008910301201,0.9390183316184102,0.9395624673563732,0.9401987358160065,0.9411266997564577,0.9421318458056999,0.9431716186813051,0.9440938722236923,0.9446813835600301,0.9452402076753831,6296.448941007037,0.9997983043609064,0.942105322834986,0.0015439167963936
"3,4,2",non-hispanic white,15,lost_mom,0.015358776836429769,1.0836596391434702e-5,8.160932978517389e-4,0.01378641178569899,0.014031946202404973,0.014305133390834304,0.014780478945515027,0.01536696709091798,0.01591387868918374,0.0163981631814007,0.016678262213799644,0.016970476294063407,5671.446317848279,0.999660051179424,0.0153525885700975,8.1254790008566e-4
"3,4,3",non-hispanic white,15,lost_dad,0.04004828558364365,1.6209965808695203e-5,0.001248222315429626,0.03759246185968087,0.03800734725024737,0.038457165665939874,0.03920456274967556,0.04003851896419652,0.04088533581524011,0.04164452914272032,0.04210749455675834,0.04251124981240579,5929.522037061429,1.0002485166659094,0.0400491741728676,0.0012521620132166
"3,4,4",non-hispanic white,15,lost_both,0.0024543315267556813,2.7216736084758387e-5,0.002147609903962931,-0.001819869741513608,-0.0010871923730950694,-2.517002729594875e-4,0.001019038055025956,0.002446808409201695,0.003903445233660624,0.00522222841668486,0.005990334416688931,0.006627751584626194,6226.424295951741,1.0000929569428394,0.00249291442203689,2.9413932624629e-4
"3,5,1",non-hispanic white,20,lost_none,0.9050041555219998,2.557353682889367e-5,0.0019964087950514993,0.9011390559690259,0.9016879549333604,0.9024514304404431,0.9036588912823722,0.9049830299099582,0.9063636423579073,0.9075631551667169,0.9083195601477793,0.9089544912019986,6094.209199140116,1.0000634372147543,0.905021160067719,0.00199420230889306
"3,5,2",non-hispanic white,20,lost_mom,0.02489425273147609,1.4099196487336489e-5,0.0010852125599072236,0.022735169644264155,0.023115823037976956,0.023523370933826608,0.024176698018461194,0.024885146233176784,0.025610258841683574,0.026311890141455983,0.026672693738621828,0.027029552493908218,5924.352580850608,1.0003856910679518,0.0248862421792753,0.00109763278747512
"3,5,3",non-hispanic white,20,lost_dad,0.06443497553861455,2.213195595525481e-5,0.0016367507039920153,0.06125783227202741,0.06179426016833868,0.062368439087516214,0.06333730007114505,0.06441616705917744,0.065513786828501,0.0665274099128311,0.06716473287908119,0.06768804163914367,5469.22107044929,0.9997345690302362,0.0644372544422657,0.00162550643970808
"3,5,4",non-hispanic white,20,lost_both,0.0056666162079096315,3.653680835365639e-5,0.0028163911991487232,2.4302001704538384e-4,0.0010885776475010767,0.0020312600289712156,0.0037241405255733218,0.005635892538204013,0.0075330320813030704,0.00930771063859288,0.010338032096871109,0.011248924586469582,5941.891848012338,1.000005790253371,0.00565534331074709,4.9015630395093e-4
"3,6,1",non-hispanic white,25,lost_none,0.8587877250923321,3.205835770408458e-5,0.002477994987974574,0.8539638692101345,0.8547178831856342,0.8555935991613575,0.8571002183324956,0.8587977422935154,0.8604417954420551,0.8620401782486673,0.8628656417458446,0.8636456349392331,5974.730306631169,0.9997801469785434,0.858790157157621,0.00250554797536301
"3,6,2",non-hispanic white,25,lost_mom,0.03440008267711044,1.6861910144450186e-5,0.0012639253089811945,0.03190437928140015,0.032334641507146704,0.032785797553974386,0.033540527867023676,0.03439570866981688,0.03526710233664572,0.03600642849906723,0.036498570058966756,0.03687913541862685,5618.615064498777,1.0005967510639282,0.0343921340784245,0.00126653433339743
"3,6,3",non-hispanic white,25,lost_dad,0.09496488989334757,2.6794945442744433e-5,0.002074450931631485,0.09098527123730435,0.09154693878278397,0.0922768705235048,0.09355514621986111,0.09499614407200521,0.09636131147425418,0.09763457946932108,0.09837378948204173,0.09898324301084659,5993.7769746313525,0.9998720619942765,0.0949307534638651,0.00208731326028646
"3,6,4",non-hispanic white,25,lost_both,0.011847302337209892,4.5577436215086365e-5,0.00344233885029557,0.004989014651581195,0.006160305095806506,0.007445549805113882,0.009507985967775495,0.011861352006715287,0.014195558178388079,0.01624210038216135,0.017379152537589287,0.018386950530775627,5704.36692073327,0.99988819046742194,0.011886955300116,7.7623987760107e-4
"3,7,1",non-hispanic white,30,lost_none,0.79726079147234,3.878777844934156e-5,0.003025435162688489,0.7912517467357045,0.7922466030782348,0.7933834416980977,0.7952327213601122,0.7973138227023964,0.7993085984181773,0.801117350796865,0.8022104691722353,0.8030856099603211,6083.953521732545,0.9998575411245677,0.797262615996326,0.0030118359166191
"3,7,2",non-hispanic white,30,lost_mom,0.04841984671672119,2.0167276269705333e-5,0.001552060786247851,0.04538653340107093,0.045888666145973006,0.04645551165693499,0.04738095702351038,0.04840731695162745,0.049454502704143276,0.05040744322841753,0.05097033462408254,0.051488567680867396,5922.743943261764,0.9999567012761986,0.0484198474669315,0.00154206204511408
"3,7,3",non-hispanic white,30,lost_dad,0.1318413534943215,3.144535405805521e-5,0.0024775243294363264,0.1271250227502164,0.12787304853207607,0.1286723993211979,0.13011632177884325,0.13180930299488253,0.13350727048055863,0.13505209220519568,0.13593634256143897,0.13678106791390304,6207.587899948936,0.999890957969397,0.131871509906101,0.00246781005920532
"3,7,4",non-hispanic white,30,lost_both,0.02247800831661728,5.192199419754649e-5,0.00418899107319883,0.014337043150196377,0.015624482559389918,0.017118514926065843,0.01957699934977239,0.022494089980429566,0.025277002889850547,0.0278838169236559,0.02942812246759345,0.030782077075682743,6509.028020610464,0.9995217858043669,0.0224460266306383,0.00106597686018576
"3,8,1",non-hispanic white,35,lost_none,0.7180925607946721,4.254826977472712e-5,0.0032993087338413917,0.7117449372896727,0.712684736909265,0.713825291710533,0.7158377511025951,0.7180246143536722,0.7203591947557947,0.722387396950598,0.723643087251942,0.72449880658067,6012.874023551461,0.9994264955106128,0.718070279174421,0.00332878267622044
"3,8,2",non-hispanic white,35,lost_mom,0.06312621646684585,2.3953719905916085e-5,0.0018130216323132913,0.05959499257558762,0.06010787975036455,0.06079302994347077,0.06189703481769057,0.06311117653390798,0.06436127694039354,0.0654671462574762,0.06611835110324231,0.06664297186953885,5728.7522123444205,0.999884044942777,0.0630897678504792,0.00181722388702318
"3,8,3",non-hispanic white,35,lost_dad,0.1760593967147278,3.446652023054448e-5,0.0026967336253382115,0.1707681090835352,0.1716234537201866,0.1725909553276103,0.174267593911905,0.17604095425362923,0.1778813457246462,0.17947853170071393,0.18053385818220646,0.18138489090386387,6121.829403284792,1.0004704102785853,0.176056567451761,0.00271719045718303
"3,8,4",non-hispanic white,35,lost_both,0.04272182602375421,5.929809188840638e-5,0.004649791855566354,0.03361873528255159,0.03498160398588911,0.03672648748207726,0.03962922195256979,0.04278336757252432,0.04590713287869741,0.048689113818245346,0.05024575558593542,0.05147341665020775,6148.732329209845,0.9999202102798924,0.042783385523339,0.00147402534850375
"3,9,1",non-hispanic white,40,lost_none,0.6101411259930595,4.8238324522786615e-5,0.0038242038871835974,0.6026458987617106,0.6039622005321527,0.605271878957852,0.6075325396744994,0.6101430571602704,0.6127084381686084,0.6150684711146159,0.6165201138300999,0.6178281348176617,6284.889514628955,0.9998017784390868,0.610181760199464,0.0038426242207496
"3,9,2",non-hispanic white,40,lost_mom,0.08186753898668693,2.9858922649018914e-5,0.0023307612950419195,0.07728436332513954,0.07804849418462263,0.07887352882814325,0.08027261529124596,0.08188184933333556,0.08344857077305366,0.08485412643247026,0.0856510676475496,0.08641212621444558,6093.226575479832,1.000239526626944,0.0818845015016754,0.00234686414508285
"3,9,3",non-hispanic white,40,lost_dad,0.22760372341758894,4.33580291465882e-5,0.0033837735846034456,0.2209647556039866,0.22207504750015444,0.22334691772440732,0.2252548603232945,0.22760337532098548,0.22984107621226463,0.23196436130059264,0.2332386079464185,0.23432226932809996,6090.6483475984105,0.9998906124362829,0.227589860603917,0.00335338008510372
"3,9,4",non-hispanic white,40,lost_both,0.0803876116026647,7.07289685212683e-5,0.00564288975634725,0.06927484597663289,0.07101770466794133,0.07307706749794148,0.07652935834791644,0.0804539753657263,0.08419012287105598,0.08758203788278641,0.08955363122793528,0.0911663089096832,6365.147648235799,0.999986770959206,0.0803438776949375,0.00218236941112413
"3,10,1",non-hispanic white,45,lost_none,0.4855205769901375,5.7333876965090845e-5,0.004401655548738534,0.4769712917258989,0.47840708405011384,0.47990161158256517,0.4824977267414309,0.4855203974783798,0.48859117491482823,0.49119449150620254,0.49277768758256874,0.4940772088448382,5893.991259397511,1.000021507741517,0.48554735372765,0.00438042050545734
"3,10,2",non-hispanic white,45,lost_mom,0.09548883627706403,3.6800255844105355e-5,0.002806996126340582,0.08989049019660354,0.09081363248175699,0.091860086979284,0.09364232039350694,0.0954871363335859,0.09735643162915619,0.0990828731379834,0.1001100176335784,0.10095882421205508,5818.110303313453,1.000356393479294,0.095488318310141,0.00278422916629214
"3,10,3",non-hispanic white,45,lost_dad,0.27640339014629145,5.312921281660014e-5,0.003990372860559752,0.26861343516719255,0.269748126276924,0.2712453551502063,0.27367524177975805,0.27649865434382226,0.27908264356698165,0.2814979148290073,0.28293619597694236,0.2841777812669531,5641.053174934332,0.9999663000935742,0.276389514689538,0.00402420097908022
"3,10,4",non-hispanic white,45,lost_both,0.142587196586507,8.636807949158094e-5,0.006551582390168383,0.12997158420950286,0.13196216547347292,0.13419311126583383,0.13806578113590606,0.14266873559918497,0.14698668268218507,0.15088833434056312,0.15333696925394708,0.1555861451267937,5754.212400908246,1.0000737414976966,0.142574813272686,0.00296619369694034
"3,11,1",non-hispanic white,50,lost_none,0.3452541495300935,5.445167330225468e-5,0.004195838407904033,0.3370329683466178,0.33825336058556393,0.3398157287563511,0.34244890323684424,0.34525234191070314,0.34813643650460707,0.35047636723099906,0.3519873239445401,0.35341324027985715,5937.656202520808,1.0004969265496477,0.345235299429257,0.00414599528155189
"3,11,2",non-hispanic white,50,lost_mom,0.09746045142921063,3.428306218861099e-5,0.002665262879810776,0.09227394944653387,0.0930615836252125,0.09410446980733543,0.09566272205340892,0.09747568836010231,0.0992426461012189,0.10091355072073803,0.10180241268388261,0.1026654506794615,6043.950356677035,0.9999469949566168,0.0974864004113365,0.00268396772847958
"3,11,3",non-hispanic white,50,lost_dad,0.30907769329146745,5.2799936985524624e-5,0.004149498128889818,0.300979984006873,0.30229280589486585,0.3036873693735327,0.30623122023649707,0.30909878864850127,0.3118611944602057,0.3143930590600626,0.31588726628110525,0.3171817266700822,6176.242474597721,0.9998321378681698,0.308997806399366,0.00419337311612963
"3,11,4",non-hispanic white,50,lost_both,0.24820770574922846,8.45691933416793e-5,0.006487891019457242,0.23528151287442833,0.23743924877712155,0.2399108004836159,0.24384910078645838,0.24825179807318198,0.25263024603470596,0.25645526645369726,0.2587759990927514,0.2607183246958235,5885.491219809751,0.9999496768066501,0.248280493760059,0.00374767582732873
"3,12,1",non-hispanic white,55,lost_none,0.2129178123513105,4.776184815362838e-5,0.003688613928235258,0.20568337320041977,0.2069223691915595,0.2082552239126787,0.21040384058089334,0.21288187160355843,0.21543910962334062,0.217615278848071,0.21897810400550455,0.2201138438787595,5964.364224272367,0.9998751252276266,0.212958813614784,0.00374156275123373
"3,12,2",non-hispanic white,55,lost_mom,0.09049022912530132,3.517635499610802e-5,0.0027159381721623037,0.08522299116096818,0.08602938214766738,0.08701398520793269,0.0886454814434602,0.09047274410337003,0.0923094867543627,0.09404691462068845,0.09498986659053317,0.0956914469830906,5961.260318795186,0.9997978964853439,0.0904000230385471,0.00273087616812367
"3,12,3",non-hispanic white,55,lost_dad,0.3121268212258334,5.767977647336925e-5,0.004278562232706696,0.30362894820569103,0.30496550673475786,0.3065353829416419,0.3092512268734234,0.31216367413551854,0.31505601378295534,0.3175375583576743,0.31915579605193023,0.3204192247373352,5502.3545248570335,1.0004011347013924,0.312110867923034,0.0043409422381876
"3,12,4",non-hispanic white,55,lost_both,0.38446513729755477,7.971416358468459e-5,0.006273992383782763,0.37201472685136056,0.37411512733684604,0.37647902300574676,0.38028260883617093,0.3844388707743873,0.38868134737798304,0.39253932938341757,0.3946394638673881,0.3966143698728434,6194.653046994723,0.9999063516287398,0.384530295423603,0.00441005430246167
"3,13,1",non-hispanic white,60,lost_none,0.05038048911423909,2.0909891862435862e-5,0.0015905601866415013,0.04732921290863923,0.04778051713549834,0.04833870253369734,0.04931125233123071,0.05038187447647896,0.05141605657952976,0.05242527367158912,0.05304187983484304,0.05348857201463623,5786.242637335734,1.0002729619765833,0.0503726724325428,0.00161086968612425
"3,13,2",non-hispanic white,60,lost_mom,0.04098946206054689,1.9236303526680783e-5,0.0014612790350376939,0.038151233873892555,0.03859072231378514,0.039124584259017416,0.03999654422159302,0.041013570594475426,0.041976257492410865,0.042858701064713525,0.043383078209616975,0.043883091670881086,5770.627815363339,1.0021862041748373,0.0409723506954935,0.00146671690026271
"3,13,3",non-hispanic white,60,lost_dad,0.16583956243647419,3.9690328221494906e-5,0.002941364868811251,0.16019735042968514,0.16102592092146514,0.16198712910675234,0.16389039337119757,0.16582808486389616,0.1678003574450973,0.16963032030417008,0.17068468262998568,0.17147167682748837,5491.973351416923,1.0002431727678298,0.165810107337991,0.00292677380678451
"3,13,4",non-hispanic white,60,lost_both,0.7427904863887398,4.7302799327506415e-5,0.0036100406952897643,0.7357464351380802,0.736879314884851,0.7381202329530864,0.7403600126108063,0.7427216894053177,0.7452280717538262,0.7474104850771032,0.7486775120303197,0.7498866076281607,5824.390839764514,1.0002245720478815,0.742844869533987,0.00330615117004653
