ind,race,x,transition,mean,se_mean,sd,2.5%,5%,10%,25%,50%,75%,90%,95%,97.5%,n_eff,Rhat,svy_mean,svy_se
"1,1,1",hispanic,0,lost_none_to_lost_mom,7.143578619004811e-4,2.3463896238742064e-6,9.870086490445692e-5,5.357681310952742e-4,5.615903032906551e-4,5.927837462450663e-4,6.466389400897706e-4,7.071712330039517e-4,7.763677420426837e-4,8.434272001878245e-4,8.84192801041964e-4,9.206468626615066e-4,1769.4637006620278,1.001063556742665,7.447466472657e-4,1.3108155211611e-4
"1,1,2",hispanic,0,lost_none_to_lost_dad,0.0016813052952384798,3.3717962148718846e-6,2.2473094364158005e-4,0.0012791736383460832,0.001334693214457317,0.0014043618794816676,0.001524722243472878,0.0016696663378893647,0.0018216529190638313,0.00197140190418084,0.002066698168602703,0.002165438401210768,4442.251198454858,0.9996187826366525,0.00229706107989549,2.908080180052e-4
"1,1,3",hispanic,0,lost_none_to_lost_both,2.4812398092467776e-5,3.2077185101607793e-7,1.1308034880923954e-5,8.809944851011162e-6,1.0229874476384974e-5,1.2376956629459209e-5,1.6691898431241295e-5,2.2833380877164907e-5,3.08953069402291e-5,3.9934799587619376e-5,4.560291624826348e-5,5.198037844932805e-5,1242.7442958198096,1.0014387204517385,1.7926687012824e-4,1.0101173749072e-4
"1,1,4",hispanic,0,lost_mom_to_lost_both,0.00422540935651674,3.0022004353524277e-5,0.0011119893920120082,0.002425036220005453,0.0026300548138469626,0.002888870593273006,0.0034161415527358715,0.004114471753715354,0.004878648012322221,0.005696730090346738,0.006231095339210129,0.006710909487308084,1371.8983106222845,1.0048427917578089,0.0238672681344677,0.0230720243948714
"1,1,5",hispanic,0,lost_dad_to_lost_both,9.819880822798316e-4,6.405026497164233e-6,2.3836558860488555e-4,5.774304379443586e-4,6.328457379763986e-4,6.962378622168047e-4,8.132657016533924e-4,9.599751478844675e-4,0.0011273078394372265,0.0012880758919075206,0.00140128826966909,0.0015255812235521588,1384.9855962733284,1.0010365678616355,NA,NA
"1,2,1",hispanic,5,lost_none_to_lost_mom,9.911768486573435e-4,2.831922332900219e-6,1.2948872870704927e-4,7.577083306961885e-4,7.93880533123215e-4,8.352851093018026e-4,9.00904703806484e-4,9.804918063906225e-4,0.00107385645802099,0.0011567929237092987,0.0012171966753207093,0.0012707259784558742,2090.7459170936995,1.0006099527441272,0.00101682583191859,1.7386541389081e-4
"1,2,2",hispanic,5,lost_none_to_lost_dad,0.0022932736385307515,4.299648569108558e-6,2.8974144525501926e-4,0.0017709718786862191,0.0018523250452423799,0.0019377389581474165,0.0020921572143020755,0.002271231858206206,0.0024733998463338813,0.0026692051318388766,0.002797628063510197,0.002924645132606595,4541.039964761982,0.9998406179982574,0.00276066745703998,3.5422551491857e-4
"1,2,3",hispanic,5,lost_none_to_lost_both,3.6757166142090056e-5,3.9563766442808914e-7,1.4348170633920651e-5,1.4992940671339094e-5,1.7394481904088574e-5,2.0266875685307695e-5,2.6363436564470753e-5,3.459665352972622e-5,4.48657885094719e-5,5.5637368876923753e-5,6.297088751818265e-5,6.991837010100569e-5,1315.2181903276912,1.0011608159167813,NA,NA
"1,2,4",hispanic,5,lost_mom_to_lost_both,0.005596574498759278,3.575651070218955e-5,0.0013252638193759674,0.0033712682659948036,0.0036370028763524722,0.003998669216070877,0.004642052894174495,0.005475248264030612,0.006399988962291518,0.0073319810581578965,0.007944539551242559,0.008451432768378198,1373.7079765379976,1.0053094114962644,0.00773228800412063,0.00584330338917232
"1,2,5",hispanic,5,lost_dad_to_lost_both,0.0014229860526402786,8.097426418607576e-6,3.2041452228930565e-4,8.782748784177933e-4,9.505018037730181e-4,0.0010369017526207377,0.0012041531233920372,0.0013932956738894288,0.0016147537036973472,0.0018460162767493838,0.0019893237785736538,0.0021411286789244297,1565.7786342799288,1.0013239322431542,0.00146499291990396,0.00144261447289761
"1,3,1",hispanic,10,lost_none_to_lost_mom,0.0013695661192903393,3.3087465523920387e-6,1.693554589629475e-4,0.0010644769736995736,0.0011074309735901696,0.0011588511768199478,0.0012522212022604649,0.0013596763780733619,0.001477177170968981,0.0015914380352073719,0.0016681618892029012,0.0017336535605605669,2619.8196588862656,1.0010624978783311,0.00105631647125102,1.8467376762335e-4
"1,3,2",hispanic,10,lost_none_to_lost_dad,0.0031260909240696214,5.404756864633635e-6,3.8038981304567876e-4,0.002438551291656455,0.0025375275287278422,0.0026632460712725753,0.0028651490876730012,0.003105027303660835,0.0033606550022657004,0.003610002904532801,0.0037905129000718146,0.003947582790260515,4953.423180308573,0.9997317051267,0.00267253923036154,3.2088128799528e-4
"1,3,3",hispanic,10,lost_none_to_lost_both,5.469649067200515e-5,4.826707813791707e-7,1.79111320845718e-5,2.5826350320505043e-5,2.918524833580289e-5,3.3475860308662905e-5,4.1770173132247845e-5,5.233004147055649e-5,6.58645976975211e-5,7.805195347911237e-5,8.654757171220394e-5,9.446190332308189e-5,1377.0320683080454,1.0010638691780778,5.05579427686967e-5,3.48451181520581e-5
"1,3,4",hispanic,10,lost_mom_to_lost_both,0.00741871942589468,4.2560786681525693e-5,0.0015994415466967856,0.00468558262477418,0.005038034339123817,0.005500694007270933,0.006263489034764912,0.007293019559305571,0.00842343283911128,0.009548415082287648,0.010214092909226107,0.010856757845715591,1412.2690851721034,1.0043639095217916,0.00578497029347447,0.00420017680923542
"1,3,5",hispanic,10,lost_dad_to_lost_both,0.002060867376059305,1.0368376084209546e-5,4.184475496561346e-4,0.0013365337361047152,0.00144520045600464,0.0015621119783630875,0.0017687896179831878,0.002024143328943006,0.0023141355794058555,0.002612985717078303,0.002808664102499931,0.002983430780562707,1628.7730501464089,1.0006715138953823,0.00237137266273746,0.00188744446688377
"1,4,1",hispanic,15,lost_none_to_lost_mom,0.0019051006456007047,3.874642124357111e-6,2.2465918895682305e-4,0.001508721508086051,0.0015569049533265477,0.001627196111381298,0.0017475169021674624,0.001891767720091048,0.0020459591844716055,0.002203880906064377,0.002292833236686084,0.002373743246596782,3361.9030251495974,0.9996797404886454,0.00176881136077382,2.9924830299243e-4
"1,4,2",hispanic,15,lost_none_to_lost_dad,0.004285338172790392,6.91056235404348e-6,4.971065985088335e-4,0.00339008666799957,0.0035333138423562617,0.0036824531843388138,0.003943264592861939,0.0042504765041356495,0.0045878464025207516,0.004945299587352376,0.005174585381213963,0.0053551917810979715,5174.546284629325,0.9997181955085407,0.00424143852673889,4.1456916978228e-4
"1,4,3",hispanic,15,lost_none_to_lost_both,8.184779197977781e-5,5.676558538900061e-7,2.265078270284281e-5,4.375646719780304e-5,4.8512613900970144e-5,5.444774217861233e-5,6.5861378355765e-5,7.968761532930609e-5,9.557157332628598e-5,1.1151261331103847e-4,1.2206428313303106e-4,1.3187443066345588e-4,1592.194743670868,1.001154528842098,9.05793912142708e-5,5.46507539703508e-5
"1,4,4",hispanic,15,lost_mom_to_lost_both,0.009825484288906472,4.943173740845528e-5,0.0019105137262523917,0.006524290499034008,0.006974384209160588,0.007498928565153538,0.008459332133133228,0.009679508597062559,0.011059805074938712,0.012289601250380791,0.013176253785758827,0.01405909784385043,1493.7866513765077,1.0046510329099083,0.0257796157637491,0.00654448613053584
"1,4,5",hispanic,15,lost_dad_to_lost_both,0.002983262959225533,1.3543786390148704e-5,5.57307100236155e-4,0.002024067943371018,0.0021483399407060235,0.002297180191067413,0.0025872529806236144,0.002934934630762322,0.0033365370493304994,0.003712444954162798,0.003967541601820866,0.004199776073591081,1693.202734293415,1.0010217874956064,0.00299281310836733,0.00127859034121938
"1,5,1",hispanic,20,lost_none_to_lost_mom,0.002645334882691118,4.98148319371948e-6,3.042888968714034e-4,0.0021047853803690896,0.0021887343667823106,0.0022766618037511482,0.0024294641200941964,0.0026218496796137454,0.002834791925231212,0.0030357444191439595,0.003174693795259528,0.003316529505574294,3731.2545033726296,1.0001674270799161,0.00236336800491093,3.3560775319507e-4
"1,5,2",hispanic,20,lost_none_to_lost_dad,0.0058438548451306424,8.621911183087096e-6,6.578330403368388e-4,0.0046630424706224855,0.004840153914964632,0.005046851556746707,0.005399445931459141,0.0058006162991613725,0.006241178668964793,0.006698133690390235,0.006984172846247882,0.007290841450417838,5821.357563890265,0.9994292190806707,0.0055992738136378,6.2023205385724e-4
"1,5,3",hispanic,20,lost_none_to_lost_both,1.232141606480651e-4,6.596951657044787e-7,2.9094171117104142e-5,7.299971790642109e-5,7.931098723552918e-5,8.753959233787548e-5,1.0240476805099336e-4,1.2112982607185176e-4,0.00014160450838856931,1.6227030840360179e-4,1.7437347675086626e-4,1.8529744537583e-4,1945.02583612983,1.0009322651472512,1.2042929845581e-4,6.56981255293212e-5
"1,5,4",hispanic,20,lost_mom_to_lost_both,0.013033706770057435,5.669279685457432e-5,0.0023246862472443754,0.008942194016881809,0.009476865365619482,0.010157353085054697,0.011401579449396217,0.012902677359220864,0.014479615886888439,0.016061009119551852,0.016986868263916582,0.017922623410277123,1681.4072942021924,1.0042871202478307,0.0201658510115193,0.00693897942155484
"1,5,5",hispanic,20,lost_dad_to_lost_both,0.0043093340543032405,1.6870220916231237e-5,7.14843185971223e-4,0.00302593142361531,0.0031987572773231675,0.003418874856301578,0.0038141312299373367,0.004273852968723252,0.0047489696746891435,0.005227185500388383,0.005558543513533247,0.005862115909901702,1795.4777352282229,1.0002871161126001,0.00405529531605283,0.0014123938783316
"1,6,1",hispanic,25,lost_none_to_lost_mom,0.003661415993915645,6.3352551455295755e-6,4.134129693483186e-4,0.0029315443346112123,0.003028256151737886,0.003156305928335281,0.003375673198726638,0.0036338246505245816,0.003919185913076925,0.004204799261499164,0.004375000075333026,0.004532523508590534,4258.336462781305,1.0008498152816037,0.00450815099673431,5.8170539358703e-4
"1,6,2",hispanic,25,lost_none_to_lost_dad,0.008008970837505076,1.15448882396715e-5,8.893500326733019e-4,0.006402418989619448,0.00663978809893137,0.006919299478528044,0.007391440144410137,0.007948298349661594,0.008574336928680728,0.009170107659809574,0.009538150812838061,0.009889300059209002,5934.25199603671,0.9997184521285398,0.00703874200588988,6.5504137382265e-4
"1,6,3",hispanic,25,lost_none_to_lost_both,1.86067814235981e-4,8.05322301815651e-7,3.847962798610305e-5,1.1660703714603872e-4,1.260111780845514e-4,1.378142923727703e-4,1.5943115266172958e-4,1.8420370616248707e-4,2.1078506411912826e-4,2.358580301959786e-4,2.524550617816313e-4,2.6648868451259326e-4,2283.086032051573,1.0001462228166846,NA,NA
"1,6,4",hispanic,25,lost_mom_to_lost_both,0.017325166554643525,6.539082042382741e-5,0.00272697799636744,0.012500285750034994,0.01310870953302344,0.013987391953833596,0.015432976860484452,0.01714926979328364,0.019062167649659283,0.02091248088058602,0.022033747103778367,0.023041509988239492,1739.1205819560016,1.0044572182916436,0.0130146196687978,0.00381254925714079
"1,6,5",hispanic,25,lost_dad_to_lost_both,0.006252918517177926,2.2265027469568793e-5,9.578582798524963e-4,0.004566959365780927,0.004821856896300383,0.005098773727811203,0.005581378725968745,0.006172227334745947,0.006838599801564871,0.007507417570952849,0.00793926152962556,0.008350807178383995,1850.785314458408,1.0005626379785182,0.00890700012405194,0.00184052798110887
"1,7,1",hispanic,30,lost_none_to_lost_mom,0.005076739425077841,8.404753064331067e-6,5.693658176338371e-4,0.004062930223027708,0.004209982460007115,0.004389269564541973,0.004681663683051233,0.005037967105771382,0.005426405089488404,0.0058205687789676126,0.006068671240275923,0.006319700899776249,4589.156457975469,1.000914826364755,0.00538191492078173,7.2606492027594e-4
"1,7,2",hispanic,30,lost_none_to_lost_dad,0.010932725574536981,1.634033730831274e-5,0.0011903382541314223,0.008785542341996517,0.00913493114976439,0.009504529350571373,0.010113029491820982,0.010857776442892533,0.011685329780751447,0.012526040089195164,0.01294638053011429,0.0134076208320071,5306.629256886667,0.9999048597377117,0.00914144887244414,9.0574094472026e-4
"1,7,3",hispanic,30,lost_none_to_lost_both,2.8293845411202234e-4,1.262088493697728e-6,5.7099023150168045e-5,1.7497024850075718e-4,1.935315744086808e-4,2.1385794288823127e-4,2.4542800703713775e-4,2.8011461089111583e-4,3.1863252060958e-4,3.559575920677989e-4,3.8019876189689545e-4,4.004152663223064e-4,2046.8109991140184,1.000929257773582,2.2706381099106e-4,1.3957357057709e-4
"1,7,4",hispanic,30,lost_mom_to_lost_both,0.02302433920385845,7.468639019375194e-5,0.003341166252361352,0.017058466068655066,0.017920213941362492,0.018887115662722487,0.020689681387815455,0.02285030615848809,0.025150655444266718,0.027403352807820393,0.028827260925495563,0.030302203419068516,2001.304785112095,1.0026892010264405,0.0273776151535369,0.00598716502644275
"1,7,5",hispanic,30,lost_dad_to_lost_both,0.009029289638313804,2.5184675066582242e-5,0.0012378523633113567,0.006816819872567082,0.007108513073431092,0.0074897932077819486,0.008161502594760577,0.00895673654541342,0.009828951461208886,0.010650711499003221,0.011185283442201124,0.011646998253975499,2415.8223588397705,1.000633040392414,0.00872346556158397,0.00230163504516388
"1,8,1",hispanic,35,lost_none_to_lost_mom,0.0070480375853697345,1.1131415391564103e-5,8.100251193961088e-4,0.0056404311514384005,0.0058125918756374365,0.006060603685382614,0.0064834750617667756,0.006989823319921424,0.007548116267588727,0.008106192652064094,0.00849712085929562,0.008835017282266029,5295.368582024986,0.9997664959204183,0.00639591725673568,7.7247289577665e-4
"1,8,2",hispanic,35,lost_none_to_lost_dad,0.014941195054027094,2.0996977258833146e-5,0.0016394686667099785,0.011978844547853019,0.012405458654932497,0.012944961814950941,0.013821567457632645,0.014856491321701772,0.01597693289936283,0.01703625365091958,0.01771477520401715,0.018390471414993097,6096.669970388546,0.9999648557456482,0.0162091658863335,0.00131550644654523
"1,8,3",hispanic,35,lost_none_to_lost_both,4.333489280665029e-4,2.3180367721339816e-6,9.57954768040037e-5,2.520558961481061e-4,2.831337826982884e-4,3.1542747345640425e-4,3.692611841613074e-4,4.311026147684915e-4,4.937881846354258e-4,5.565311577673287e-4,5.938854460863113e-4,6.27516845812901e-4,1707.8485862716332,1.001324026276541,4.3451093409004e-4,1.9056044208673e-4
"1,8,4",hispanic,35,lost_mom_to_lost_both,0.030578594379737714,8.136760701104707e-5,0.0040223300192745405,0.023300266388386448,0.024454502367303888,0.02556886684293881,0.027810161488013043,0.03038374118102103,0.033057884149476,0.035726796181707154,0.03747358697728642,0.03937644629965702,2443.7248934567615,1.0033231090526133,0.0324378152520625,0.00590749737320352
"1,8,5",hispanic,35,lost_dad_to_lost_both,0.01310540629616824,3.062955404814303e-5,0.001672108344504236,0.010120494232507007,0.0105122699636212,0.011055183269988314,0.011928710128604228,0.013024357576958207,0.0141646691260103,0.01523316664796989,0.016009138486385924,0.01664579358947285,2980.2142084162,1.00033254452532,0.0136853636231021,0.0022734392995378
"1,9,1",hispanic,40,lost_none_to_lost_mom,0.00978938962939473,1.619278218164965e-5,0.0011393025909161127,0.007624262974809817,0.007979059678419494,0.008386274606788167,0.009003174580896466,0.00973706577809036,0.010522990629182534,0.011278867416785321,0.011733670422883164,0.012127284385889465,4950.342209670551,1.0001238325240502,0.00972157452406793,0.0011367558694523
"1,9,2",hispanic,40,lost_none_to_lost_dad,0.02046363527441046,3.130171943923131e-5,0.002272641593265622,0.0162983422740096,0.016937539856500424,0.017670642777489646,0.018913662306158794,0.020317418415813193,0.021916613053276975,0.023418020105187995,0.0244100015085118,0.02524650282337322,5271.394419993929,1.000183655617267,0.0194351227827002,0.00193868853311334
"1,9,3",hispanic,40,lost_none_to_lost_both,6.648351666054829e-4,4.287471525048957e-6,1.6699905738924714e-4,3.5295154911148155e-4,4.0122368128620814e-4,4.5587330055442665e-4,5.522770401112703e-4,6.612999612595037e-4,7.694218330556104e-4,8.787620420304972e-4,9.478860479788302e-4,0.0010066430573270721,1517.1395924756728,1.0003112676880694,3.532910404979e-4,1.9277722761e-4
"1,9,4",hispanic,40,lost_mom_to_lost_both,0.04047805691341611,8.392757604545339e-5,0.004999775847493238,0.031450639527909906,0.03281751092609166,0.03432595365228846,0.03699261570084997,0.040258698782482644,0.043610960121671774,0.046850916347365636,0.04896745124538457,0.05104907303240021,3548.883215532213,1.0011517610642688,0.0436346567405824,0.00638453735937805
"1,9,5",hispanic,40,lost_dad_to_lost_both,0.019029453591195084,3.6520184033831756e-5,0.0022821884931293122,0.014817754835827769,0.015524917408344533,0.016231334521598282,0.017447040062440085,0.018900140535011663,0.020471693189602014,0.021926866569277274,0.022990797870618192,0.023948616279620517,3905.144494447202,0.9999599585680939,0.018133034045414,0.00302138559666892
"1,10,1",hispanic,45,lost_none_to_lost_mom,0.013589659621163756,2.411179766630793e-5,0.001663478885939546,0.010550584202097054,0.010976390602924862,0.011524133783937306,0.012417864056441219,0.01351832962335827,0.014678511539537774,0.015743591035087,0.016404434887091986,0.017034006828891803,4759.654234494697,0.9999467519664004,0.0121911970807254,0.00190608944124259
"1,10,2",hispanic,45,lost_none_to_lost_dad,0.028009824987750023,4.2083260295194534e-5,0.0031808192041127875,0.022089069863705013,0.022951165728019057,0.024067693792910728,0.025884168678946815,0.027935879818137846,0.029976179539566314,0.03200769972284956,0.033412785152076636,0.034667900195631415,5712.934079969876,0.9994894691754252,0.028568236955079,0.00267296605549888
"1,10,3",hispanic,45,lost_none_to_lost_both,0.0010246116958724676,8.562999187370894e-6,3.044722446266577e-4,4.66099489817703e-4,5.46045345806784e-4,6.453478759211877e-4,8.167519192517037e-4,0.0010084219898099538,0.0012179800177604405,0.0014187162099724372,0.0015496295912317951,0.001656696729885008,1264.2810028750505,1.0012722003005385,9.0042808113073e-4,4.9076410599247e-4
"1,10,4",hispanic,45,lost_mom_to_lost_both,0.05403207619521833,9.774757730033141e-5,0.006587973719561785,0.04214867711275207,0.04389390185674048,0.04603161437127236,0.04954060661229953,0.05358602384887576,0.058147969682204446,0.06258639009555077,0.06544896514022791,0.06845868819398065,4542.466277603308,0.9999480706833694,0.0459095464873852,0.00750463251083503
"1,10,5",hispanic,45,lost_dad_to_lost_both,0.027558809322714515,4.560084031047669e-5,0.0032303479119717335,0.021814764129360304,0.022584110174268472,0.02353952366383786,0.025376179266181045,0.02738148150314672,0.029587191156083728,0.03173871018086517,0.033027159118600345,0.03432787432302738,5018.257082998468,0.9998398188057579,0.0238158143028442,0.00319796957301999
"1,11,1",hispanic,50,lost_none_to_lost_mom,0.018893356346631765,4.1555162634986266e-5,0.002373319278656993,0.01455827949324204,0.015267488455114327,0.016015061426321676,0.01727018940012367,0.01873921437668482,0.020387431159735236,0.021964357449762453,0.022999829237080393,0.023796773223683638,3261.837801016916,1.0003858679980442,0.0209485653218021,0.00316508793797861
"1,11,2",hispanic,50,lost_none_to_lost_dad,0.038415237914217956,6.308917382497687e-5,0.004655814739540617,0.03008262779238028,0.0311892023710235,0.032598150542920853,0.03523984163021465,0.038181038855327656,0.041396410553355655,0.044392368987738996,0.0463463618949109,0.04823682591937548,5446.050966848487,0.999727129663954,0.0430498892538216,0.00479975019079709
"1,11,3",hispanic,50,lost_none_to_lost_both,0.0015867771685927137,1.6172423341862054e-5,5.577910728526103e-4,6.256128069147019e-4,7.5803327465342e-4,9.148635570269065e-4,0.0011880933178027885,0.0015332723594725498,0.0019346402089125653,0.002325190187785775,0.002591416785821589,0.0028133916182133947,1189.577979255194,1.0011173676765905,0.00518646356634536,0.00154156895584384
"1,11,4",hispanic,50,lost_mom_to_lost_both,0.07175935554918028,1.1982965775396957e-4,0.008883560415662276,0.055433381831956084,0.05814213266192826,0.06076461533894356,0.06561004109976018,0.07130268306812695,0.07737071066791593,0.08324193223227065,0.08719890945871013,0.09131534708614747,5495.984290177223,0.9996012614605664,0.0742052341672441,0.00971492707608797
"1,11,5",hispanic,50,lost_dad_to_lost_both,0.04019049495225238,6.254992855367415e-5,0.0047222674284883885,0.031683407150913466,0.03299701926587974,0.03447180443475268,0.03691041848454417,0.03990037605816474,0.04327088581913506,0.0463166179652315,0.04840751083867296,0.049990358418268446,5699.6412421866235,1.000046638779201,0.0458431968596668,0.00445208147024467
"1,12,1",hispanic,55,lost_none_to_lost_mom,0.026236090644339252,6.910996040171282e-5,0.003569843106639746,0.019846524272933926,0.020782342659988417,0.021862865366606792,0.023783625416062163,0.026009824823466494,0.028438201810412324,0.030948911647450405,0.032447649259312074,0.03378891173582242,2668.1913421708427,1.0007670284304706,0.0258308993995112,0.00472341067431464
"1,12,2",hispanic,55,lost_none_to_lost_dad,0.052386754219736494,9.196884445829448e-5,0.0065802068470547075,0.040449970789998624,0.04225912236672284,0.044233061979454695,0.04781583652555946,0.05207399417176116,0.05657618290579392,0.06080434892768337,0.06370390022659747,0.06627649448812288,5119.147366013446,0.9994765850961821,0.0585067751479439,0.00638197058890899
"1,12,3",hispanic,55,lost_none_to_lost_both,0.0024677493077817133,2.9646080085732476e-5,0.0010046188735957624,8.322182414389703e-4,0.0010493702451609445,0.0012868611076755352,0.001740633924384709,0.0023420154865598473,0.0030687322670177953,0.0038298488947325297,0.004293440880254598,0.004723905893277983,1148.3337018001089,1.001286208440883,0.00488253077418776,0.00225939005155538
"1,12,4",hispanic,55,lost_mom_to_lost_both,0.09571577474967877,1.833521711092101e-4,0.012372484244931294,0.07335982672381795,0.0765741450221126,0.08025180715106596,0.08722208764488844,0.09508322766894653,0.10354823239267646,0.11168333153100465,0.11703160063059809,0.12135681166152518,4553.461879555882,0.9999550159921258,0.0858823881948834,0.0133205056354924
"1,12,5",hispanic,55,lost_dad_to_lost_both,0.05833322448983922,9.372316577807048e-5,0.007121740020406114,0.04549506534009029,0.04732663820172963,0.04950581134324429,0.05334843160087187,0.058050024472306574,0.06283809340673897,0.06761809553661997,0.07047537428228627,0.07314411025994838,5774.020638023499,1.0004274614472801,0.0426192106964963,0.00499983589076292
"1,13,1",hispanic,60,lost_none_to_lost_mom,0.03648298324774554,1.0388543341225721e-4,0.005305281118454286,0.02691998666513134,0.028387360334405438,0.02998723280264435,0.0328397877319806,0.03617738537256345,0.03978340831117999,0.04349960765274734,0.04552625787226986,0.04771336526577299,2607.9994221715033,1.0000336273877144,0.0449526658375229,0.00859413759565445
"1,13,2",hispanic,60,lost_none_to_lost_dad,0.07191952228355418,1.3388298662561608e-4,0.009409585358916513,0.05472870637167653,0.05723984186403208,0.0602572631167147,0.06549285247770778,0.0715098623039962,0.0778291846935338,0.08382451969447902,0.08823088813024658,0.09191844464324847,4939.581879475851,0.9998871160923813,0.0710783007839316,0.0111631609664906
"1,13,3",hispanic,60,lost_none_to_lost_both,0.003852617123453141,5.355979044630957e-5,0.0018259096574520341,0.0011196251003691175,0.0014176832168862363,0.001786362515375724,0.0025280071985580434,0.0035649939262515718,0.0048486884252010665,0.006281781050679276,0.007300365330874577,0.008137510652115857,1162.1998980579287,1.0008005895381107,0.0185874443924038,0.00523046657783044
"1,13,4",hispanic,60,lost_mom_to_lost_both,0.12766167339451684,2.995175262504059e-4,0.0182524660741264,0.094757567169876,0.0995670928444982,0.10517522261406174,0.11509656227511547,0.1266232253166339,0.1390822559487739,0.15125250198453769,0.15939841960398776,0.1664644867281063,3713.629896549229,1.0010643049069166,0.140114787236431,0.015353268868035
"1,13,5",hispanic,60,lost_dad_to_lost_both,0.08471562212697265,1.6521429470638937e-4,0.01116462894821273,0.06409785982892993,0.06731599064002033,0.07098262444537193,0.07720253140547212,0.08413875271755927,0.09157273449045775,0.09908306218426158,0.10389611957460144,0.10829224360265409,4566.603935951835,0.9997369950280983,0.102225368211316,0.00742615496677981
"2,1,1",non-hispanic black,0,lost_none_to_lost_mom,0.0010178248513953595,3.0163017741141433e-6,1.623548450879415e-4,7.313593224571996e-4,7.71835707446893e-4,8.170846798474514e-4,9.011343373747239e-4,0.0010092889791215609,0.0011208471105513878,0.0012275626750000183,0.0013031412404031484,0.0013656581015124142,2897.2163550076034,1.0001004502863793,9.0038929284007e-4,2.1072068106273e-4
"2,1,2",non-hispanic black,0,lost_none_to_lost_dad,0.0025942368163702424,5.075179889649201e-6,3.5315261115830335e-4,0.0019830309754225966,0.0020687548351859186,0.002164689732471068,0.0023477716517985078,0.002567476269099587,0.002816341399003621,0.003062897900967058,0.003216803151198061,0.003344179772286728,4841.968531457946,0.9999577785016054,0.0029507050556982,4.1036179822219e-4
"2,1,3",non-hispanic black,0,lost_none_to_lost_both,3.4743439481011935e-5,3.948592523276964e-7,1.554824993111531e-5,1.0985862137193712e-5,1.3425163141892937e-5,1.6514632906060685e-5,2.3296224323661943e-5,3.246428980812652e-5,4.40298186848509e-5,5.585970128028353e-5,6.353128558275127e-5,7.09425125781971e-5,1550.5236273155017,1.0001715772153743,1.3726180239741e-4,7.49427927709066e-5
"2,1,4",non-hispanic black,0,lost_mom_to_lost_both,0.005531664870412868,2.5445033613238015e-5,0.001297091122112264,0.003350713816673143,0.003647888004312451,0.003983172981271492,0.0046273692927120864,0.005399976367093148,0.006319537882657884,0.007236623169598735,0.007846583317278964,0.008407802066858634,2598.572964986025,1.0006945219511214,NA,NA
"2,1,5",non-hispanic black,0,lost_dad_to_lost_both,0.0011876088746258335,7.657479423122874e-6,3.40377527523892e-4,6.374445455867223e-4,7.110903268962299e-4,7.928391449555295e-4,9.406713110015742e-4,0.001146507070623767,0.001388859415518789,0.0016299075041568897,0.0017947597744200348,0.0019605768440140335,1975.832303792157,1.002085873626129,NA,NA
"2,2,1",non-hispanic black,5,lost_none_to_lost_mom,0.0013796354127897298,3.8871018643549e-6,2.0672842293424033e-4,0.0010220362296681756,0.0010644997101416783,0.0011236402207898792,0.0012309676417971353,0.001365817362442482,0.0015106914909898364,0.001650109723748366,0.0017350833951851365,0.0018184936283177611,2828.4502190879857,1.0001184601653217,0.00186140161524659,3.2183186698646e-4
"2,2,2",non-hispanic black,5,lost_none_to_lost_dad,0.003469942468281944,6.079358812357606e-6,4.437093381883748e-4,0.0026675976538304068,0.00278136974897815,0.002925779647483495,0.0031699334269190624,0.00343919855643705,0.003742775603327304,0.004049935526567273,0.0042482921323229745,0.004414973657942198,5326.986351795613,1.0007353437979212,0.00370614619461187,5.7317599569043e-4
"2,2,3",non-hispanic black,5,lost_none_to_lost_both,5.3697860106601424e-5,5.44490732352549e-7,2.135792394384061e-5,1.933761057068112e-5,2.296529256231558e-5,2.8127380248135273e-5,3.824375202615281e-5,5.1240053699807897e-5,6.675472410094567e-5,8.225183899756067e-5,9.262892617537058e-5,1.017012414535287e-4,1538.6402424318371,1.000446752783083,3.49902363826899e-5,3.40218506123591e-5
"2,2,4",non-hispanic black,5,lost_mom_to_lost_both,0.00721137077835817,3.0282298254213877e-5,0.0015427953311413902,0.004599566943630076,0.0048875213424938125,0.005300688062625421,0.006124056282748017,0.007091572059584008,0.008184068228345349,0.009250493228976977,0.009880914342815402,0.010548983696178113,2595.607179282474,1.0009611572713863,0.00384083176490656,0.00396440748475662
"2,2,5",non-hispanic black,5,lost_dad_to_lost_both,0.0017021031442100497,9.654494941353543e-6,4.3709274673195555e-4,9.784030254814935e-4,0.001069123883847132,0.0011867446383526314,0.0013925421175452765,0.0016549081001741984,0.0019623055538680635,0.0022677278833857333,0.0024836500500835025,0.0026776989163128694,2049.6895209308136,1.0015545575075773,0.00653448821170364,0.00266166633659642
"2,3,1",non-hispanic black,10,lost_none_to_lost_mom,0.0018814895627471847,4.70625824166874e-6,2.630281940622076e-4,0.0014078928659596037,0.001477678911468914,0.0015591168206214269,0.0016986765338860726,0.0018646474011172272,0.0020475016956712526,0.002229862409833593,0.0023388553414266404,0.002433775384226325,3123.583341966354,1.0000909720390192,0.00259538336810863,5.946037581528e-4
"2,3,2",non-hispanic black,10,lost_none_to_lost_dad,0.004648751114203277,7.805885121193743e-6,5.672171139294857e-4,0.003633736297081299,0.0037885385486076946,0.0039607373487681365,0.004246279567865618,0.004609618756381635,0.005002628284895003,0.005393777115761056,0.005647497933024768,0.0058645676392288905,5280.248241320503,0.9998643027016182,0.00459695086119142,6.4482872592974e-4
"2,3,3",non-hispanic black,10,lost_none_to_lost_both,8.316918004749516e-5,7.323603372681275e-7,2.9228668631077695e-5,3.4279523747522635e-5,4.0114535747557675e-5,4.704778531466506e-5,6.172467240748637e-5,8.096776657195022e-5,1.0178353067984004e-4,1.2220861110245313e-4,1.352610594377444e-4,1.4744044536327665e-4,1592.826363594397,1.000420560130871,9.64612091615832e-5,7.18541733321626e-5
"2,3,4",non-hispanic black,10,lost_mom_to_lost_both,0.009384056517140933,3.6536523280276976e-5,0.0018540882842629156,0.0061506676579310155,0.006608496930775608,0.007123555001524214,0.008063643694058544,0.009253451659054727,0.01054608539787261,0.011824642305251858,0.012601339423822544,0.01339982147336538,2575.1728326311604,1.000890115089233,0.010422946363196,0.007065170624486
"2,3,5",non-hispanic black,10,lost_dad_to_lost_both,0.0024460818078110226,1.2908405011767299e-5,5.789780256194056e-4,0.0014765791806502174,0.00160277027326966,0.0017544868932184389,0.002038508028672034,0.0023862321148466524,0.002789629321575272,0.0032088807138064756,0.003487571637963262,0.0037282907000411344,2011.7730931779886,1.0025593625133478,0.00465880401486075,0.0024444474657621
"2,4,1",non-hispanic black,15,lost_none_to_lost_mom,0.0025558175666822763,5.703753955817223e-6,3.2780887978297826e-4,0.0019690628721801585,0.0020550834115301508,0.002150666717599689,0.0023276843075461674,0.002535863329506339,0.002761617347501655,0.002980256832745257,0.003123713966393643,0.0032571557929957137,3303.0858491788204,1.0006900435821642,0.00279023549427436,5.0830109713488e-4
"2,4,2",non-hispanic black,15,lost_none_to_lost_dad,0.006195403813511233,1.002598194886661e-5,7.345193021505442e-4,0.004865790585295078,0.005053762710953729,0.005289127185553661,0.0056857354024046165,0.006164898627670929,0.006647934031387184,0.007139742307521193,0.00744644311789876,0.007728559591835404,5367.259447900292,1.0002768671333675,0.00702134653701415,7.2009854969822e-4
"2,4,3",non-hispanic black,15,lost_none_to_lost_both,1.296319355418164e-4,1.0497688983514443e-6,4.011468056731033e-5,5.960156775583269e-5,6.804555497044956e-5,7.999616733804166e-5,1.0104395824644807e-4,1.2661178893204732e-4,1.5571265810672454e-4,1.8204443765875821e-4,2.0001157481538132e-4,2.1553847958219677e-4,1460.223297100536,1.0005779398274077,2.1979948261813e-4,1.3928553874201e-4
"2,4,4",non-hispanic black,15,lost_mom_to_lost_both,0.012238923169035697,4.105700450304675e-5,0.0021921064336365946,0.00838618408457833,0.008894862313729589,0.009564613536209195,0.010685998956564111,0.012094019005661852,0.013595052851336553,0.01512099168290998,0.01605081155851786,0.016919600935234622,2850.681864018975,1.000575235847505,0.0212098211464386,0.00779820791155541
"2,4,5",non-hispanic black,15,lost_dad_to_lost_both,0.0035082496632076314,1.6233102095368738e-5,7.480367274382912e-4,0.0022126963675676422,0.0024052891147344053,0.0026045688410481892,0.002995838221905884,0.003429966328923959,0.003961478504304759,0.004493452187591448,0.004832382345331777,0.005130400894990002,2123.4537339630733,1.000887883709519,0.00538100009959069,0.00304799769261966
"2,5,1",non-hispanic black,20,lost_none_to_lost_mom,0.003477005360737719,6.49195737675866e-6,4.2003042625573525e-4,0.002690934938398027,0.0028100628480051994,0.0029675270415102607,0.00319231625280011,0.003455720740679736,0.0037439926962847584,0.004023272101533135,0.004202386809115151,0.004374972027737442,4186.105626571404,1.0006528902016618,0.00451429774598811,6.2500578410236e-4
"2,5,2",non-hispanic black,20,lost_none_to_lost_dad,0.008318341199940276,1.2996149179374315e-5,9.41129541486188e-4,0.006628427133919258,0.006883733422715217,0.0071644362994028755,0.007674197699272661,0.008265775659256434,0.008911641356536175,0.009545967358546213,0.009948041195138915,0.010329760484451585,5244.081541691807,0.9997670965208603,0.00709512405250305,0.00102653521678889
"2,5,3",non-hispanic black,20,lost_none_to_lost_both,2.019852399282876e-4,1.3808161002395493e-6,5.404773673072896e-5,1.0482995413934714e-4,1.1731672234138964e-4,1.3361434415264066e-4,1.6347396766608395e-4,1.996634310750604e-4,2.3655025748610083e-4,2.7317277211186416e-4,2.960614496740363e-4,3.1740483698659133e-4,1532.086692438722,1.0003510660346795,4.6580923129657e-4,3.4748379352956e-4
"2,5,4",non-hispanic black,20,lost_mom_to_lost_both,0.015944307095169082,4.808121894990994e-5,0.002576096718675434,0.011373940002992073,0.011983996853693377,0.012770551083075872,0.01413680656828698,0.01577782829335974,0.01754849835262493,0.01935268312214558,0.02031616549696083,0.021466415881193544,2870.6046910193827,1.0009966508838934,0.0161897127725237,0.0052406143751677
"2,5,5",non-hispanic black,20,lost_dad_to_lost_both,0.005054586179639902,2.0130441645133295e-5,9.57782505930551e-4,0.003379937033862444,0.0035985192626351095,0.0038837918715551516,0.004375156118177962,0.004986183725088083,0.005641623035132158,0.0063003591525041145,0.0067408991039889735,0.007104645176077145,2263.7433864050377,1.0014593014543303,0.0123118955252042,0.00324425425529773
"2,6,1",non-hispanic black,25,lost_none_to_lost_mom,0.004729473828102568,8.174540207708993e-6,5.598514873691203e-4,0.0037167369263795616,0.00386310799113717,0.0040418675567144595,0.004348283057745137,0.00469414062598978,0.005077545548604343,0.005443465492799972,0.005700171435092947,0.005934378196659393,4690.498528602813,0.9998613081998512,0.00347299839234189,6.3260709059091e-4
"2,6,2",non-hispanic black,25,lost_none_to_lost_dad,0.011115418215086598,1.6722932507140218e-5,0.001219370646084872,0.008917730177176297,0.009226968860589149,0.009611015073405092,0.010291454659105475,0.011033243394649034,0.011879541626050325,0.01269919838354,0.013209897101694627,0.013697126595912134,5316.754387347602,0.9996181646307354,0.00949219341928088,9.6117830539926e-4
"2,6,3",non-hispanic black,25,lost_none_to_lost_both,3.170401443995424e-4,1.8875349325029284e-6,7.591152024928208e-5,1.80572339529109e-4,2.0167077971518796e-4,2.2161631665141088e-4,2.637346599621393e-4,3.130295945113211e-4,3.660155716914464e-4,0.00041655045061267534,4.480990988252151e-4,4.7350522823586504e-4,1617.4295832844246,1.0002879136118736,4.4737862796885e-4,2.2908288599253e-4
"2,6,4",non-hispanic black,25,lost_mom_to_lost_both,0.02085929266307908,5.416979232394692e-5,0.0030362431994320604,0.015392140190082115,0.016211399293542286,0.017149337066615332,0.018701984170388142,0.020688001424491502,0.022798451646594303,0.02483883244014235,0.026168848612575346,0.02740554665252098,3141.657008061225,1.0012151756082337,0.0169124284096129,0.00443321912793997
"2,6,5",non-hispanic black,25,lost_dad_to_lost_both,0.007284878431678341,2.5010978547474793e-5,0.0012169938259660917,0.005154940572758953,0.005437905503970228,0.005798389776701038,0.006422849405986232,0.007201262226909795,0.008051366182097912,0.008891960878874582,0.009438755437647614,0.009907867881375904,2367.638440832598,1.0009934074922173,0.00886862643706178,0.00234850145867733
"2,7,1",non-hispanic black,30,lost_none_to_lost_mom,0.006431960250422366,1.1226963118742945e-5,7.437732030215145e-4,0.005102335180438103,0.005309025268282569,0.0055294601804933945,0.005925165972895323,0.006374732197341915,0.00690461627549955,0.007380952269012479,0.0077213430394030245,0.008064558521871441,4388.907853453781,1.0002925086490435,0.00542372059198534,8.4170123607236e-4
"2,7,2",non-hispanic black,30,lost_none_to_lost_dad,0.014869517865701724,2.1884125779752505e-5,0.0016552093911116196,0.01187665295760454,0.012288015353424334,0.012820432510499033,0.013713092335643598,0.014781531635178386,0.015892729916317423,0.01701758785239483,0.017755676546465333,0.01843188587278259,5720.677679142622,0.9999974552395581,0.0148782417672841,0.00166706476783653
"2,7,3",non-hispanic black,30,lost_none_to_lost_both,4.968139064179724e-4,2.464807695213563e-6,1.07168359105659e-4,3.06576736461752e-4,3.323459127483913e-4,3.6331015536550566e-4,4.2071358727435737e-4,4.892519885537911e-4,5.6789529625116e-4,6.397237808902941e-4,6.842615227572704e-4,7.210171097685858e-4,1890.4582032762407,0.9998265433102654,5.0307215609114e-4,3.2240226749218e-4
"2,7,4",non-hispanic black,30,lost_mom_to_lost_both,0.027147609278945765,6.087441116745743e-5,0.0036402822765330637,0.02059038835140711,0.021530155059731628,0.02259551562145577,0.024657182452138597,0.026909008288393238,0.029499981069834248,0.031871779663926444,0.03344919051981497,0.0348459876268784,3576.0252425961835,1.0004930925257356,0.0388038793235103,0.00675649344665821
"2,7,5",non-hispanic black,30,lost_dad_to_lost_both,0.010469045548812225,2.8726333235509112e-5,0.0015734727168523505,0.00770499773903243,0.008037942026289104,0.008540324982313422,0.00936011124959062,0.01036543146851323,0.011457320869293481,0.012531469897535886,0.013227173103781988,0.013875780027817856,3000.2541524983735,1.0008624182232977,0.00982445384276778,0.0019665668825964
"2,8,1",non-hispanic black,35,lost_none_to_lost_mom,0.008770478889865853,1.5797357743012176e-5,0.0010281968716401334,0.006930508871865466,0.007213678421115777,0.0075325741889887875,0.008061802771633323,0.008698892968580476,0.009410068308336385,0.010100020193998754,0.010564615813141049,0.010985827621248579,4236.270173097686,1.0005680272294377,0.00843531972873164,0.00116259011665403
"2,8,2",non-hispanic black,35,lost_none_to_lost_dad,0.019863050733915817,2.8062348422901828e-5,0.00215683061922995,0.016003767692900347,0.016532940875291374,0.01720938384745933,0.018382765472870686,0.019740404479963176,0.021209314491650554,0.022653228022364767,0.023578318362269236,0.024427143244539835,5907.232379904457,1.0005136189441621,0.022263322191726,0.0019348413618635
"2,8,3",non-hispanic black,35,lost_none_to_lost_both,7.829508182604337e-4,3.527574573829796e-6,1.58786238086547e-4,5.050024970731386e-4,5.446450822892533e-4,5.841587736793014e-4,6.719348997854142e-4,7.719094304521151e-4,8.836293884589486e-4,9.965972063083158e-4,0.0010581379677265111,0.0011153819925435564,2026.1580159500845,1.0004529446243322,7.0689235817481e-4,2.7923564974612e-4
"2,8,4",non-hispanic black,35,lost_mom_to_lost_both,0.0355630980802417,6.940245102138667e-5,0.004445933260090367,0.02769079763657688,0.028677218571701888,0.030059286806079673,0.0324728185364322,0.035299256505262964,0.03840263647612311,0.04130938498304057,0.043124027326977725,0.04507013430965621,4103.706209754851,1.000417800030445,0.0364136024488764,0.00666168248587545
"2,8,5",non-hispanic black,35,lost_dad_to_lost_both,0.015081747168756505,3.40936555445383e-5,0.0020305368342563523,0.011466884145916989,0.012028374620873904,0.012674690438247073,0.01366331543736118,0.014943962590096393,0.016347789428187896,0.017778885459596803,0.01864802531885357,0.019395608303422317,3547.109586214819,1.0006221484895161,0.0121752745246726,0.00197800411006111
"2,9,1",non-hispanic black,40,lost_none_to_lost_mom,0.011969285517890676,2.2317693158614166e-5,0.0014594698410737767,0.009362228781879894,0.009742811082332015,0.0101719726219096,0.010955129365908138,0.011882797813861489,0.012874583110472845,0.013880574334817977,0.014465947916817766,0.01511608662271489,4276.531206860555,1.000408055391565,0.0110531233754768,0.00163320072354109
"2,9,2",non-hispanic black,40,lost_none_to_lost_dad,0.02661453156637132,3.8842659901614864e-5,0.002956588352845055,0.02129855963679302,0.022056428849726504,0.02296675408835083,0.02458807376409519,0.026442673629267846,0.02842562990109977,0.03052468135873836,0.031786663098677295,0.03298451037948659,5793.803995517192,0.9996606130279052,0.0244399145421476,0.00242490854673402
"2,9,3",non-hispanic black,40,lost_none_to_lost_both,0.0012362853358086456,5.293832032088308e-6,2.5577815230273386e-4,7.792230003627988e-4,8.428537539279075e-4,9.212764837328583e-4,0.0010533324881250475,0.0012237030411444798,0.0013998033296038802,0.0015706551752750343,0.00167102835599159,0.0017796122076340363,2334.460751193457,0.9998749467700533,0.00157664278951453,8.0469425212965e-4
"2,9,4",non-hispanic black,40,lost_mom_to_lost_both,0.04648622358623166,8.425323304762457e-5,0.005620673620096554,0.03620143535786181,0.03787251360404045,0.039618161859581204,0.042603274624822274,0.04621927421017094,0.04991410334791747,0.05380315491323791,0.05614840327292122,0.05871984443470758,4450.446503388001,0.9998194476416178,0.0401213596259097,0.00659263195906547
"2,9,5",non-hispanic black,40,lost_dad_to_lost_both,0.02178404876152789,4.142895264724609e-5,0.002695271287914249,0.01702598274957926,0.017679130315956144,0.018480981057493878,0.019921005003883566,0.021610735188163817,0.023462380297458056,0.025266020324867165,0.026437529741285062,0.027701261385984992,4232.500922509864,1.000056711267933,0.0216682498833447,0.00275756973641921
"2,10,1",non-hispanic black,45,lost_none_to_lost_mom,0.016328220040730188,3.173265590819138e-5,0.002044843288564787,0.012586341868472765,0.013127132503676728,0.01385506768824313,0.014940203479759221,0.016208259309586318,0.0175769036883102,0.019017779750347706,0.019875778079215794,0.02065146007190044,4152.476810991286,1.0002435195686799,0.0159694479578551,0.00258884525894029
"2,10,2",non-hispanic black,45,lost_none_to_lost_dad,0.03554236911396073,5.6518444986532787e-5,0.004160354514266106,0.02800315983604626,0.029097425843994586,0.030456008485655526,0.032689314295275065,0.035269685877339946,0.03812031418974575,0.04101847015449568,0.042826772533599525,0.04441093239888604,5418.5148781779735,0.9997376058676277,0.0308329721046911,0.00305158575576437
"2,10,3",non-hispanic black,45,lost_none_to_lost_both,0.0019572786323840906,8.567735829648411e-6,4.2885105614843237e-4,0.001180194904341766,0.001275538775213355,0.0014110903787700846,0.001662681660480466,0.0019357276533208709,0.0022397512833750993,0.0025223876982079633,0.0026929283817746373,0.002848897776379554,2505.4216919023206,1.0000078690371368,0.00144700275525941,5.9263897902815e-4
"2,10,4",non-hispanic black,45,lost_mom_to_lost_both,0.06081496138090139,1.0521827052534753e-4,0.007430825076269986,0.04754326257816935,0.04956228870451822,0.051721955661262545,0.0556330550497814,0.06043572595298779,0.06538037868357915,0.07038099131258951,0.07370395480426593,0.07636095246390427,4987.601627657295,1.0001451174330276,0.0606699548073837,0.00885192726580664
"2,10,5",non-hispanic black,45,lost_dad_to_lost_both,0.03137922785246086,5.1190811237344224e-5,0.003681673558800005,0.0247045198588152,0.02567730601678138,0.026825948932832012,0.028829258963724822,0.031180539690912685,0.033688151909902986,0.03619482194653661,0.03781539869041333,0.03904256345583274,5172.5718617361445,1.0007148357914624,0.0253976378372967,0.00329356725437563
"2,11,1",non-hispanic black,50,lost_none_to_lost_mom,0.02225185572383255,4.838332585984446e-5,0.003046672082185032,0.016784625562000548,0.017534361117265928,0.018512576577573946,0.020125035708426612,0.02208935955511174,0.024111054605638296,0.026179871562190125,0.027619031123690622,0.028883650909447084,3965.1533606654184,0.9996767567460769,0.0178226603474288,0.00358654807457576
"2,11,2",non-hispanic black,50,lost_none_to_lost_dad,0.047732476778799666,7.645903403635644e-5,0.005722831884950607,0.037511733045078384,0.0389954734483882,0.04065790344469421,0.0437581620239976,0.04740030217756812,0.051236094980379204,0.05517974830723091,0.05771636030301907,0.05987200874788737,5602.274214801119,1.000013666063774,0.0536038170122395,0.00561181573960023
"2,11,3",non-hispanic black,50,lost_none_to_lost_both,0.003115473408265676,1.572365864453188e-5,7.798287773050832e-4,0.0017254380731292738,0.0019329365582310275,0.0021650586605714284,0.0025604391062462833,0.0030722031486704014,0.0035989759807190827,0.004152971740794124,0.004475295102917508,0.004754723654930148,2459.751880796613,1.000075063320223,0.00429822519209332,0.00184146016913564
"2,11,4",non-hispanic black,50,lost_mom_to_lost_both,0.07938753880863363,1.3779927118723784e-4,0.009927573841249421,0.061939403984137616,0.06423463515067337,0.06731497163521609,0.07243283839308723,0.07885292988962195,0.08566377398042231,0.09220495425635077,0.0963844662185088,0.09993484669724147,5190.299402089791,0.9995589322831928,0.0946199292300822,0.013484066508081
"2,11,5",non-hispanic black,50,lost_dad_to_lost_both,0.045390993479618516,6.916889743353964e-5,0.005287944723904817,0.03592680608314654,0.03707931095084076,0.038840510410354724,0.04165674899285674,0.04522430009272635,0.04865291682639952,0.05224269464987214,0.05423884388884294,0.056402017761448965,5844.563849172079,0.9996336991946615,0.0522547165772509,0.00547458371091173
"2,12,1",non-hispanic black,55,lost_none_to_lost_mom,0.03030208516482481,7.131735767191872e-5,0.0044189441891597315,0.022540619266707078,0.023742800847822484,0.024993079338588502,0.02721718738944478,0.029944154867328307,0.032956429703278126,0.036116020940884855,0.038029364439288546,0.04000595180072573,3839.2513429898604,0.9994099651407911,0.0358934303143147,0.00793269567925208
"2,12,2",non-hispanic black,55,lost_none_to_lost_dad,0.063986817779283,1.1403058116073652e-4,0.008187827337697807,0.04948500465245553,0.05162512568521588,0.05405895467357648,0.058263170500346385,0.06336972162677607,0.06907258522014581,0.07459528763750381,0.07836943695016559,0.08186842111915373,5155.783546128469,0.999753786790292,0.081470881047018,0.0113486887120586
"2,12,3",non-hispanic black,55,lost_none_to_lost_both,0.004967740304047579,2.955114792521801e-5,0.0014157349803524827,0.0025199491223971706,0.002833941592719101,0.0032219509993043184,0.003956980978831368,0.004851144449029731,0.0058570073173469656,0.006866139525003108,0.007471122750763618,0.008032617610785284,2295.171877824032,0.9999383489055735,0.00994700689608684,0.0050600234942954
"2,12,4",non-hispanic black,55,lost_mom_to_lost_both,0.10413025779170673,1.8368563960935132e-4,0.013971816100380573,0.07939576872388507,0.08268057177108436,0.08714942157354895,0.09448750905119371,0.10340078183596793,0.11238420407174793,0.12229311268151802,0.1282968071042578,0.1340431147515264,5785.692018872592,0.9994843938828861,0.0918285259156437,0.0139567105867757
"2,12,5",non-hispanic black,55,lost_dad_to_lost_both,0.06544774662818686,1.0592216792162819e-4,0.008139332743844716,0.050429567128046006,0.052744258491961106,0.055322418054762394,0.05985064534391668,0.06512361798125585,0.07053422035459472,0.07595863532753255,0.07934147704050507,0.08246358320844431,5904.782219384541,1.0003929998685501,0.0580199422689563,0.00595419818664769
"2,13,1",non-hispanic black,60,lost_none_to_lost_mom,0.0413801955786681,1.1494697562045643e-4,0.006436174516560767,0.03034386626627055,0.031880467110020815,0.03366293410195756,0.036788892778669084,0.040820219664326376,0.04537377049553343,0.04979009730178846,0.05268980503007414,0.05554833301459036,3135.165886184804,0.9998572544265079,0.0691287327332148,0.0106913535346652
"2,13,2",non-hispanic black,60,lost_none_to_lost_dad,0.08537967499441652,1.5548032713275025e-4,0.0114513697751185,0.06505715864506534,0.06762005175942674,0.07151912056096561,0.07741799060455942,0.08466793084275666,0.09225690041095339,0.1006222165898587,0.1055136281331707,0.10968840689255896,5424.553363353971,0.9998671024052281,0.0837021080415335,0.0142442987022215
"2,13,3",non-hispanic black,60,lost_none_to_lost_both,0.007949565833754186,5.760618394885263e-5,0.0026069568109135352,0.0035961385310639606,0.004141224647040397,0.004803709865700761,0.006079327763461387,0.0076897844720475676,0.009528326329972022,0.011479910842685709,0.01257117257985587,0.013640171940142715,2047.9976733485232,1.0005387015083091,0.00960466492042069,0.00446749602501474
"2,13,4",non-hispanic black,60,lost_mom_to_lost_both,0.1362189276624153,2.7917237519600795e-4,0.019432049681926057,0.10215176526417358,0.10697416126406752,0.11254682867765035,0.12247285377954294,0.134665935490415,0.14860407587282756,0.16155207615481273,0.17110387806714716,0.17819674724660473,4844.983933403196,0.9997760111947306,0.141747840300838,0.0165226310927463
"2,13,5",non-hispanic black,60,lost_dad_to_lost_both,0.09462713656947208,1.8639698983168796e-4,0.0129695847760466,0.07086886884809797,0.07449919129528575,0.07901270692362436,0.08557641492522233,0.09407992999065219,0.10256456344606438,0.11123028853922907,0.11686713420274744,0.12213799308450725,4841.437786541582,0.9996779914616981,0.108983999135605,0.00694960083834126
"3,1,1",non-hispanic white,0,lost_none_to_lost_mom,5.375236744197147e-4,9.423168647184889e-7,6.718720332556986e-5,4.1782002007671954e-4,4.367144464775506e-4,4.569493557567388e-4,4.910982257081469e-4,5.326494669124369e-4,5.790754225930928e-4,6.268933513562613e-4,6.535500420533307e-4,6.794488823418909e-4,5083.691645120633,1.0001539293202013,7.2079301085577e-4,8.6406072332184e-5
"3,1,2",non-hispanic white,0,lost_none_to_lost_dad,0.0013919832749776796,2.1131655190571064e-6,1.6432061756550985e-4,0.0011011808077523186,0.0011463004635272839,0.001193197546453027,0.0012772648005270938,0.001381042702478628,0.001495824102417017,0.0016005067830190168,0.0016786765859376919,0.0017565690204170011,6046.681393230942,0.9995896492893622,0.00155839765903404,1.1621986238992e-4
"3,1,3",non-hispanic white,0,lost_none_to_lost_both,4.337356678665483e-6,3.220003936791413e-8,1.2899304093232905e-6,2.322087418400466e-6,2.5305470187625734e-6,2.807447731082132e-6,3.407882353212782e-6,4.17938941776971e-6,5.0911561024400885e-6,6.0273099780049774e-6,6.711016492806555e-6,7.270785306668092e-6,1604.7957180143892,1.0007318447602773,9.35883689160799e-5,3.84997686535203e-5
"3,1,4",non-hispanic white,0,lost_mom_to_lost_both,0.003320603282302375,1.0857835266341474e-5,6.04058652230985e-4,0.002294481445895326,0.0024381857135441854,0.002592273302406557,0.0028884274247387076,0.0032693491037268604,0.003708876696539718,0.00412546305499015,0.004380065950229987,0.004630366008386884,3095.0788818754854,1.0013389148221845,0.00362843189222552,0.00334073052026246
"3,1,5",non-hispanic white,0,lost_dad_to_lost_both,0.001056381157676691,3.3678722920756924e-6,1.8351570799752967e-4,7.452412383358511e-4,7.860001911743956e-4,8.35182137362194e-4,9.274355241817965e-4,0.001039936627915259,0.0011658926194992396,0.001297682012000038,0.001379991395525477,0.0014646313608474488,2969.1713220861816,1.0008092058034754,0.00171921042431964,0.00165682561995349
"3,2,1",non-hispanic white,5,lost_none_to_lost_mom,7.829667942507992e-4,1.2511127432274677e-6,9.360352989775654e-5,6.155976979970008e-4,6.368958735785376e-4,6.69224405440208e-4,7.177253199864348e-4,7.764959841966785e-4,8.415134677185362e-4,9.061358226516937e-4,9.463315572201349e-4,9.792445459673282e-4,5597.467212301885,0.9997842117457583,8.1129473037621e-4,8.26757609331347e-5
"3,2,2",non-hispanic white,5,lost_none_to_lost_dad,0.001984865146631178,2.858891677823062e-6,2.2527287544072257e-4,0.0015743155090748367,0.0016370849694722126,0.0017082540609217908,0.0018300861460778782,0.0019706037976124154,0.002123616021656968,0.002274978027585244,0.0023652133662520848,0.002458901861749217,6209.010641582834,1.0002894026018496,0.00187307006012324,1.2563802237656e-4
"3,2,3",non-hispanic white,5,lost_none_to_lost_both,8.390814493379517e-6,5.6082552350275536e-8,2.2509767642039246e-6,4.7284320481407274e-6,5.181847800491637e-6,5.718963365042943e-6,6.758332792375293e-6,8.167030077731699e-6,9.71876709885342e-6,1.1433474029808476e-5,1.2379787677105072e-5,1.3379481202316753e-5,1610.9664028685731,1.0006713364293425,1.22499609910843e-5,7.43213836106008e-6
"3,2,4",non-hispanic white,5,lost_mom_to_lost_both,0.004563808142852673,1.4185803912120321e-5,7.686617921219827e-4,0.0032163479135704923,0.003413983457669085,0.003633179467780867,0.004026393555840111,0.0045068997823816456,0.0050381768860791,0.005567695478797145,0.005909313246342507,0.006270670145345394,2936.0448369626383,1.0013482210065605,0.00877908659405192,0.00331340557543961
"3,2,5",non-hispanic white,5,lost_dad_to_lost_both,0.0015547534186381765,4.284442080447037e-6,2.5076948651688794e-4,0.0011305220968709296,0.0011831022235179553,0.0012506333455657743,0.0013810243809521418,0.0015306972135083554,0.001704503254214232,0.0018830726207460424,0.0019962256245244646,0.0021141484290022948,3425.790723468813,1.0004490993738573,0.00347729327026235,0.00137491685986676
"3,3,1",non-hispanic white,10,lost_none_to_lost_mom,0.001134382593511299,1.7432365311431756e-6,1.3074307433194856e-4,8.945981425965288e-4,9.318811142954355e-4,9.758264892838134e-4,0.001047636219369857,0.0011265984978133922,0.0012139853735395666,0.0013052289909487509,0.0013629589876037404,0.0014166271950538324,5625.028782379699,0.999783930892211,0.00101960228900099,9.91800204799427e-5
"3,3,2",non-hispanic white,10,lost_none_to_lost_dad,0.0028320719655319207,4.1878761223753615e-6,3.1703574303956614e-4,0.002272749456746009,0.0023509121918282657,0.0024525143604649754,0.0026135841300406987,0.0028124991813367316,0.003027158515599796,0.003248737704125136,0.003390212263187276,0.0035032794143049547,5730.978805962775,0.9996368609638964,0.00304104134607263,1.5716549974674e-4
"3,3,3",non-hispanic white,10,lost_none_to_lost_both,1.621123088158557e-5,9.987254057032973e-8,3.994276770159365e-6,9.579957796920156e-6,1.0427846374950059e-5,1.135114840844751e-5,1.333471982476369e-5,1.5848469128580002e-5,1.8688550055625293e-5,2.1447188065863792e-5,2.3387118975963008e-5,2.4999842089467112e-5,1599.4995190607033,1.0011765773110755,3.35782456591341e-5,1.83884271843588e-5
"3,3,4",non-hispanic white,10,lost_mom_to_lost_both,0.006262385131579221,1.7565456383317448e-5,9.774304748788147e-4,0.004554494105352786,0.004777255722387909,0.005070875128686421,0.005579557804062277,0.006183607309193826,0.006852266035044413,0.00754922708218599,0.008002607394667712,0.008405565611012184,3096.3701712879774,1.0022447997151667,0.00520686204817655,0.00175522106315146
"3,3,5",non-hispanic white,10,lost_dad_to_lost_both,0.002287958653948178,6.009674765933068e-6,3.439469271618391e-4,0.0016921057963431862,0.0017777585324114456,0.0018731580830310907,0.00204546015012048,0.002256600892073382,0.002502614751066458,0.002737068599884346,0.0028983446483638584,0.0030397557677051576,3275.525079165242,1.0008067110139724,0.00246773746867569,0.00104742040252369
"3,4,1",non-hispanic white,15,lost_none_to_lost_mom,0.0016500548508019564,2.3960071264010483e-6,1.857561734095276e-4,0.0013159575427093505,0.0013691477123244017,0.0014259456383034497,0.001521654036258405,0.0016373499354679832,0.0017638794312489102,0.0018911560940662192,0.0019764433727122747,0.0020480917473111432,6010.49584287883,0.9996035343342364,0.00188354086647827,1.3500633668231e-4
"3,4,2",non-hispanic white,15,lost_none_to_lost_dad,0.004050368750018029,5.5914592125181915e-6,4.4317640357201087e-4,0.0032486152856221304,0.003357509520325116,0.003506683342240976,0.003747827967479106,0.0040285159092647215,0.004315877450521565,0.00460801911597237,0.004806338581398481,0.005006003611055215,6282.0723693084055,0.9998520027789024,0.00433854709126191,2.0368726760802e-4
"3,4,3",non-hispanic white,15,lost_none_to_lost_both,3.123387008089895e-5,1.641537307200546e-7,6.740434729035521e-6,1.9614895674006285e-5,2.0991315523252006e-5,2.290320511438018e-5,2.647312217165852e-5,3.074382777627636e-5,3.551979002675793e-5,4.0145671839383784e-5,4.312324009877207e-5,4.603001994624242e-5,1686.0649500421227,1.0011182555689329,4.04529551917192e-5,1.84028610976657e-5
"3,4,4",non-hispanic white,15,lost_mom_to_lost_both,0.008636186551819804,2.098637068945958e-5,0.0012430916210739108,0.0064440725028436134,0.006750904684444007,0.007121595995577958,0.007759817499654773,0.008542966863092402,0.009425180657643585,0.010286223835327611,0.010830245107119404,0.011304975222485306,3508.5817409093047,1.0008429291171674,0.0153751075328258,0.00336094569422799
"3,4,5",non-hispanic white,15,lost_dad_to_lost_both,0.003358231306951112,7.746500293271247e-6,4.7268380551908015e-4,0.0025368922300756896,0.002653678497748637,0.0027934044718337632,0.0030230916123819614,0.0033178197560222522,0.003650922056793866,0.003975882539909863,0.004207365711995564,0.004401858653827787,3723.3200013641626,0.9999334587400189,0.00347118002669509,9.1085447643109e-4
"3,5,1",non-hispanic white,20,lost_none_to_lost_mom,0.0023914145120794887,3.457115876466828e-6,2.5990967539867417e-4,0.0019239395963950067,0.0019924877833802372,0.002072505497822174,0.00221388917114791,0.002378561870240511,0.0025523995784124762,0.0027229164005345393,0.0028432889767661318,0.0029489809788457665,5652.193490412595,1.0013176307453118,0.00225821672505332,1.5719671541494e-4
"3,5,2",non-hispanic white,20,lost_none_to_lost_dad,0.005774715453311006,7.960478685644056e-6,6.228820824192234e-4,0.004653601713345214,0.004810083563062554,0.0050126227929473645,0.005351065923745494,0.005738988457535288,0.006159374198020869,0.006581563678276589,0.0068572287653314865,0.007099176292297186,6122.5636525189675,1.000180413740189,0.00613313393328152,2.4988644459765e-4
"3,5,3",non-hispanic white,20,lost_none_to_lost_both,6.07574415342555e-5,2.814180091076881e-7,1.1912209072057508e-5,4.027267975211177e-5,4.276102807416711e-5,4.627205240775323e-5,5.218084989309419e-5,5.9884603974160396e-5,6.812376667770557e-5,7.638071364489671e-5,8.208250806001744e-5,8.689815522952289e-5,1791.7641451029642,1.000411822980058,9.41396740829795e-5,3.34741232370409e-5
"3,5,4",non-hispanic white,20,lost_mom_to_lost_both,0.011847448843097994,2.5915503037823014e-5,0.0015830354659957038,0.009002885083188517,0.009419328932105835,0.009905323796532953,0.010748742930227383,0.011748666474303246,0.012827713062151067,0.013909591926891849,0.01460656547823222,0.01524387509428375,3731.315766333876,1.0014969728818286,0.0158760667608746,0.00276618531707548
"3,5,5",non-hispanic white,20,lost_dad_to_lost_both,0.004933266857725799,1.020635296234924e-5,6.517581515770042e-4,0.003765942241238903,0.003944890276839542,0.0041225812290720115,0.004487373824871903,0.00489722552153325,0.005343636253932516,0.005790032657721619,0.006051338663239857,0.006308131801103582,4077.854976912537,1.0001200683091334,0.00603203700693683,9.3469281215543e-4
"3,6,1",non-hispanic white,25,lost_none_to_lost_mom,0.003486906892532488,4.807564070324474e-6,3.6917530257629254e-4,0.0028232429508426595,0.002919111154013525,0.0030328555240462115,0.003233074267332217,0.0034618605934991723,0.003721154368318433,0.003970386606957434,0.004129737352748551,0.004275688573191602,5896.782610016256,0.9999424005813768,0.00320422759229824,2.0782395232504e-4
"3,6,2",non-hispanic white,25,lost_none_to_lost_dad,0.008236597923592399,1.1252281717221542e-5,8.7468486715282e-4,0.006629379626884839,0.006867409242493077,0.0071694407376242586,0.007635352998353001,0.008192032515597466,0.008784887778227888,0.009354109239561018,0.009765718161836771,0.010066982497886087,6042.574758021649,0.9996866361208147,0.00730363930095834,2.7462868235541e-4
"3,6,3",non-hispanic white,25,lost_none_to_lost_both,1.177274502641775e-4,4.733414260033426e-7,2.0002542139657534e-5,8.262118696769472e-5,8.693973839391069e-5,9.28771194611092e-5,1.0356585227122949e-4,1.1637116598562232e-4,1.304127998100488e-4,1.4413823838544033e-4,1.529362523889923e-4,1.6013086352345188e-4,1785.7528766771845,1.0015835427184716,1.2944478650609e-4,3.87769524622125e-5
"3,6,4",non-hispanic white,25,lost_mom_to_lost_both,0.01639524650754182,3.4365398356696554e-5,0.0020744671092229965,0.012764178537455505,0.013313008918608185,0.01393793168919228,0.014966423065444327,0.016222846652911925,0.01766818041314214,0.01913818346168744,0.020080019827757326,0.02095363496695433,3643.932653839422,1.000444633661084,0.0159099971369438,0.00208569011872846
"3,6,5",non-hispanic white,25,lost_dad_to_lost_both,0.0072552469073081495,1.3045215795879558e-5,8.738004741299276e-4,0.005675399032402982,0.005887736076125804,0.0061752799413284,0.006658112256764739,0.007205509815294655,0.007808388712125593,0.00838463641740581,0.00874485178861671,0.009086756730925181,4486.648190486828,1.0003195004984806,0.00675817816096941,7.9504668787244e-4
"3,7,1",non-hispanic white,30,lost_none_to_lost_mom,0.005048536000302784,6.8401630312029775e-6,5.284070289243131e-4,0.004076322136112734,0.004241522931165075,0.0044063175915440315,0.004689519396432492,0.005017677985695577,0.005376837038650009,0.005740937242581374,0.005969067702063715,0.00616848419480861,5967.66266923457,0.9997521864917135,0.00504103573863648,2.7967859413948e-4
"3,7,2",non-hispanic white,30,lost_none_to_lost_dad,0.011763297926911345,1.6289266760354182e-5,0.001248221733721681,0.009490645991161306,0.00984007840471812,0.010226452801630091,0.010917093686916766,0.011702881853569897,0.012563461337188856,0.013359286566066764,0.013923839123404945,0.014388955772985258,5871.923773629785,1.0002192516855168,0.0106271145135021,3.522441330245e-4
"3,7,3",non-hispanic white,30,lost_none_to_lost_both,2.2850909551071997e-4,7.604436654133594e-7,3.4931077812963566e-5,1.657876187377733e-4,1.730695086730399e-4,1.8509950123000353e-4,2.0415571524113493e-4,2.26773111623627e-4,2.510405797195457e-4,2.7378288489316414e-4,2.8864655908621525e-4,3.013894641214063e-4,2110.036069598156,1.0015406666922173,1.9811740597256e-4,4.8062300766148e-5
"3,7,4",non-hispanic white,30,lost_mom_to_lost_both,0.022527490298738517,4.087446705258723e-5,0.0026785492713487635,0.01779002539378162,0.018417093319145303,0.019246724353081245,0.02065848870391196,0.02238273845489936,0.02421019034298448,0.025998499453289692,0.027289763473547116,0.02846644232080779,4294.326617464402,1.0008317626142063,0.0236249821575748,0.00241579096346067
"3,7,5",non-hispanic white,30,lost_dad_to_lost_both,0.010700067798057468,1.7318625149559153e-5,0.0012403966673785341,0.008501353754019938,0.008802826485297571,0.00921162773124826,0.009837761002483212,0.010605384421010425,0.011463825603354998,0.012303296063854318,0.01287721558041471,0.013332491106394308,5129.728227813532,1.0011556729402056,0.0121897189823499,0.00101017492472988
"3,8,1",non-hispanic white,35,lost_none_to_lost_mom,0.007325425165438552,9.767172033034738e-6,7.706253822904673e-4,0.005907870298494605,0.006123190514496662,0.006371648672022681,0.00680460077697422,0.007293300977175975,0.007802518758874633,0.008326014262277838,0.0086434516194741,0.008942909174333618,6225.137441020479,0.9997316392097839,0.00661222063340466,3.7506700781617e-4
"3,8,2",non-hispanic white,35,lost_none_to_lost_dad,0.016775388905833143,2.3120986996727392e-5,0.001771827007064749,0.013501661580875872,0.01404746010829771,0.014606425187674299,0.015556713636076315,0.016698295462323855,0.01787425212405145,0.019042123066349104,0.01981835915753706,0.02054025971409963,5872.592894993129,0.99975833714507,0.0150197353901836,5.3240725523779e-4
"3,8,3",non-hispanic white,35,lost_none_to_lost_both,4.416447207199792e-4,1.1929571991664393e-6,6.0622108094246224e-5,3.3235424824336595e-4,3.4885404998661343e-4,3.668797919409251e-4,3.9980471311420475e-4,4.3815057093837784e-4,4.797425400103084e-4,5.196490768601142e-4,5.466218702359703e-4,5.70988635285317e-4,2582.333590375207,1.0005731228012857,4.5487674881881e-4,1.0400729908242e-4
"3,8,4",non-hispanic white,35,lost_mom_to_lost_both,0.031000704528091522,4.9455858459551004e-5,0.0035017441708294216,0.02467539048468494,0.025643438523697364,0.026760490404747997,0.028600806214986157,0.03075763969335255,0.033209580196619876,0.03548747954232004,0.03706516291815478,0.0386603965296307,5013.411341569557,0.9999243552988379,0.0268752786260357,0.00208292380314671
"3,8,5",non-hispanic white,35,lost_dad_to_lost_both,0.015715282951619274,2.371069487889364e-5,0.001752599911123429,0.012469770024603009,0.012992759517330244,0.013587905752101559,0.014538012093412538,0.015615474584550107,0.0168150839442648,0.01791654196553181,0.018713552535906626,0.019444095220141996,5463.576230984535,1.0003656809953563,0.0138073244344771,9.552218822855e-4
"3,9,1",non-hispanic white,40,lost_none_to_lost_mom,0.01064936773359283,1.4561624130571234e-5,0.0011182597786146388,0.00865453876753981,0.008894215255669413,0.00926232307812843,0.009884799458835261,0.010599507353053143,0.01135308756979168,0.012102808399769283,0.012575502253861767,0.012964310513055348,5897.470479856852,0.9995994015061418,0.0108090624355952,5.8823462470831e-4
"3,9,2",non-hispanic white,40,lost_none_to_lost_dad,0.02394650053406309,3.271261500945335e-5,0.0025581762239724297,0.019313189747276253,0.020033609852557043,0.020799095831081874,0.02220551195411446,0.023828155131750108,0.025528586600483426,0.027268962666188196,0.02834067266585745,0.029487930269733623,6115.477764057305,1.0001115252478063,0.0231850689737914,7.543390257608e-4
"3,9,3",non-hispanic white,40,lost_none_to_lost_both,8.59905032359018e-4,1.7912567049327128e-6,1.0743402785932857e-4,6.680095843109779e-4,6.931703345730293e-4,7.277597209489518e-4,7.849373942844074e-4,8.538654219507646e-4,9.272103258444816e-4,0.0010019086290457785,0.0010477604081625901,0.0010883246097543298,3597.2287742365775,0.9998054196921098,6.73245883222e-4,1.1802827001433e-4
"3,9,4",non-hispanic white,40,lost_mom_to_lost_both,0.04274508181654902,6.696346912697188e-5,0.004683678616267526,0.03432669143762404,0.03550383760015577,0.03699590459510043,0.03958543126430613,0.04247592418784113,0.045642735353593346,0.048812311435350426,0.0509720465609413,0.0529553176292512,4892.133329183745,1.0004131533022722,0.0387058507514885,0.00250348266350151
"3,9,5",non-hispanic white,40,lost_dad_to_lost_both,0.023124130044825403,3.376969556789129e-5,0.0025194857290126525,0.01857336263524992,0.019252342401222918,0.020041785932164668,0.02138871135789774,0.02298184388218171,0.024691964303791798,0.026441049490401734,0.0274165080778411,0.02862101156045509,5566.33723589125,1.0001146574665667,0.023118812184942,0.00132219444583176
"3,10,1",non-hispanic white,45,lost_none_to_lost_mom,0.015473783717200318,2.2049226685981836e-5,0.00165335728644158,0.01248335617552352,0.012940430588421089,0.013493383382148005,0.014344831282037132,0.015372304922630807,0.016514712335673396,0.017602077553726087,0.018359860475006765,0.019059772657937797,5622.723177747582,0.9997430584799066,0.013171552801309,6.8060025706639e-4
"3,10,2",non-hispanic white,45,lost_none_to_lost_dad,0.03422715202997164,4.748329470779639e-5,0.003666750143409454,0.027687920097627227,0.028597098566413903,0.029746074455492655,0.03165429111551844,0.03408222032395875,0.03649425863586253,0.03893819379813428,0.04059496284802175,0.041878184663815175,5963.221539764811,1.0000946585817039,0.0315161574682825,9.9777740031151e-4
"3,10,3",non-hispanic white,45,lost_none_to_lost_both,0.0016745798992355192,2.902649839799833e-6,2.0128020908329042e-4,0.0013118655461514005,0.0013663777469485998,0.001430463745595862,0.001536989543158708,0.001661466804009133,0.0017995093194865686,0.0019311763003755482,0.0020262907401056907,0.002114934024763152,4808.535799930074,1.0006510488523352,0.0015544537102193,2.2115018241866e-4
"3,10,4",non-hispanic white,45,lost_mom_to_lost_both,0.05879875480648236,8.36507729107122e-5,0.006454364287051703,0.04737745676587176,0.04904318749244709,0.0510358937529204,0.05437659830563253,0.058390934571555586,0.06274506398679469,0.06735064748254878,0.07009927061475794,0.07260754432093798,5953.426974518043,1.0006213354248328,0.0560839920964723,0.00285038544789363
"3,10,5",non-hispanic white,45,lost_dad_to_lost_both,0.034093426476069326,4.827316972141631e-5,0.0036534051840100114,0.027459698386166173,0.02842678225358988,0.029629618488609476,0.03160345455367977,0.03388620149926792,0.03636687700141521,0.0387629313079169,0.04038589253330498,0.04162352244091688,5727.749926374725,0.9999977831216084,0.0316227970542388,0.0013132334372498
"3,11,1",non-hispanic white,50,lost_none_to_lost_mom,0.022480744573637204,3.156696500182263e-5,0.0024836676409225565,0.01798141691849335,0.018661530583664234,0.019450204337327748,0.020781611164829083,0.02233149173570998,0.0240240660299147,0.025716135748849817,0.02680774106393192,0.027814351586072063,6190.436891712042,0.9995768595176515,0.0216930769587984,9.6561542843174e-4
"3,11,2",non-hispanic white,50,lost_none_to_lost_dad,0.04886285013800811,6.639131210329985e-5,0.005241694236045591,0.038963265608388566,0.04075752618996872,0.04243332580361992,0.045259198891161825,0.04861695178337527,0.052298427286259726,0.055574076368666465,0.057664820004215744,0.059609098175880434,6233.340680620949,1.0003051232201343,0.0493752050022361,0.00156277082957106
"3,11,3",non-hispanic white,50,lost_none_to_lost_both,0.0032626572842976006,5.2073084600858e-6,3.9886530049016816e-4,0.002553701849729405,0.002649372159007854,0.002768514495199129,0.0029849209121071306,0.0032321518326734328,0.003526855545753334,0.003783711545445326,0.003935152696979935,0.004086217882269625,5867.132604443192,0.9998604934087262,0.00357400647443804,4.289197735296e-4
"3,11,4",non-hispanic white,50,lost_mom_to_lost_both,0.0811721201939735,1.1436336704637451e-4,0.008947271064900768,0.06470326660597144,0.06746911574585791,0.07033405944913192,0.07494123577933644,0.0806867847914201,0.08686642114418429,0.09296710356114353,0.09642776274764174,0.10010623771501428,6120.787799145243,1.0005335987197685,0.0802085659498072,0.00390992539629642
"3,11,5",non-hispanic white,50,lost_dad_to_lost_both,0.05014082947999831,7.200484709370972e-5,0.005533913497167814,0.04011468725696667,0.041539604109120956,0.04326203216005655,0.04638339198262967,0.04985926517896186,0.05361394896358848,0.05731389071608238,0.05944746393809865,0.061791264372988174,5906.6504094685315,0.9997421284788296,0.0480035711596501,0.00147121552317243
"3,12,1",non-hispanic white,55,lost_none_to_lost_mom,0.03267271577011112,4.723466638128445e-5,0.0036854427838889075,0.026091974633728147,0.02703574891883053,0.02818989679816859,0.03010536138797664,0.03242008818026956,0.03501147400179104,0.03748868823082261,0.039005256055509877,0.04042954524821663,6087.761669741884,0.9998632379085262,0.0349436824970975,0.00181152315315494
"3,12,2",non-hispanic white,55,lost_none_to_lost_dad,0.06978298871459677,9.804692345034479e-5,0.007883915699179596,0.05538920998817328,0.0576962800460424,0.06009001579184704,0.06431470418083991,0.06928401032528336,0.07479278640667968,0.08008107870426846,0.08342193268373707,0.08625241961047599,6465.7067299925575,0.9996510407507151,0.072154787729521,0.002461776635714
"3,12,3",non-hispanic white,55,lost_none_to_lost_both,0.006332941706956913,1.1853889758001175e-5,8.300234160055104e-4,0.004844053859539784,0.005056963250453781,0.005308663406692761,0.005753083686926181,0.006289385224181029,0.006852810773215906,0.007431973152270699,0.007777499448426569,0.008084603404968489,4902.966446753338,1.0000709189156356,0.00476528107213651,7.0761009280733e-4
"3,12,4",non-hispanic white,55,lost_mom_to_lost_both,0.11186831711729867,1.624466326943387e-4,0.012723123457923065,0.08868102432211031,0.09190644579611394,0.0963078573301603,0.10325012872498601,0.11138014002796015,0.11959444181210559,0.12799454983146102,0.13350682689331742,0.13877069304272666,6134.314751468572,0.999809800867941,0.108731785450958,0.00410090604463068
"3,12,5",non-hispanic white,55,lost_dad_to_lost_both,0.07374580982716997,1.0946348174274988e-4,0.008290495377454637,0.05864359137767578,0.06079175092769254,0.06353513399335504,0.06816638350934331,0.07328869848313438,0.0788658042419685,0.0845912296050508,0.08801823835277396,0.0916324320208112,5736.175726925703,1.0003064200657568,0.0666679986335295,0.00191834331259485
"3,13,1",non-hispanic white,60,lost_none_to_lost_mom,0.0474243483670536,7.147362187092678e-5,0.005589069484996461,0.03739671629895667,0.0388246012526361,0.04056810072832427,0.04354673964379768,0.04717428651924452,0.050860951377964314,0.054561742935988304,0.05693549099487137,0.059373659452780295,6114.872941886686,0.9996071949506616,0.0556148706602526,0.00274000416769947
"3,13,2",non-hispanic white,60,lost_none_to_lost_dad,0.0996588914938148,1.4552275310462638e-4,0.011457342824395485,0.07924320302782342,0.0819379335534563,0.08548374694680391,0.0917069566988485,0.09888786155640407,0.1068402509829369,0.1143851611395215,0.1193463803525774,0.12404079930238324,6198.776978686664,0.9998138915241781,0.114515796362242,0.00423584511269665
"3,13,3",non-hispanic white,60,lost_none_to_lost_both,0.01239905746123139,2.8735035824482305e-5,0.0018307367771181677,0.00915731118772126,0.009617611955728102,0.010171550973237945,0.01111493913814257,0.012264841442371622,0.013541000058436933,0.014787206693506338,0.015568977799474491,0.01631691124321721,4059.0866862198013,1.0001757198956946,0.0171365654063525,0.00167099331481369
"3,13,4",non-hispanic white,60,lost_mom_to_lost_both,0.15446623758034156,2.5373824361221904e-4,0.018959178447163973,0.11939250872417186,0.1249487193108978,0.13085652777373452,0.1412369378210287,0.15363294236672553,0.16655957395036086,0.17880751390758476,0.18711148033722363,0.19417100549735997,5582.994111934368,0.9997057340622532,0.174879821878197,0.00478542000262849
"3,13,5",non-hispanic white,60,lost_dad_to_lost_both,0.10853734581313555,1.8126209314856532e-4,0.012944568827088712,0.08547637553749673,0.08828485013704347,0.09249998090321557,0.09981507592429649,0.10782091495185551,0.11664384870944369,0.12482557699949348,0.1311304419263869,0.1362006362798296,5099.894552268396,1.0007541401663835,0.128119275176162,0.00212203187234752
