"race","sex","x","lx","dx","Lx"
"all","all","[0,1)",1e+05,539.411193847656,99530.171875
"all","all","[1,2)",99460.5859375,31.6455631256104,99444.765625
"all","all","[2,3)",99428.9375,20.938325881958,99418.46875
"all","all","[3,4)",99408,17.3219966888428,99399.34375
"all","all","[4,5)",99390.6796875,13.3327264785767,99384.015625
"all","all","[5,6)",99377.34375,12.6892776489258,99371
"all","all","[6,7)",99364.65625,11.6396427154541,99358.8359375
"all","all","[7,8)",99353.015625,10.7955808639526,99347.6171875
"all","all","[8,9)",99342.21875,9.93586921691895,99337.25
"all","all","[9,10)",99332.28125,9.1861162185669,99327.6875
"all","all","[10,11)",99323.09375,9.0298433303833,99318.578125
"all","all","[11,12)",99314.0625,10.2425756454468,99308.9375
"all","all","[12,13)",99303.8203125,13.7150468826294,99296.9609375
"all","all","[13,14)",99290.1015625,19.9806632995605,99280.109375
"all","all","[14,15)",99270.1171875,28.4849014282227,99255.875
"all","all","[15,16)",99241.6328125,37.9572486877441,99222.65625
"all","all","[16,17)",99203.671875,47.6145553588867,99179.859375
"all","all","[17,18)",99156.0546875,57.7626266479492,99127.171875
"all","all","[18,19)",99098.2890625,68.1194229125977,99064.234375
"all","all","[19,20)",99030.171875,78.4964752197266,98990.921875
"all","all","[20,21)",98951.671875,89.3234100341797,98907.015625
"all","all","[21,22)",98862.3515625,100.033096313477,98812.3359375
"all","all","[22,23)",98762.3203125,109.269912719727,98707.6875
"all","all","[23,24)",98653.046875,116.368148803711,98594.859375
"all","all","[24,25)",98536.6796875,121.835105895996,98475.765625
"all","all","[25,26)",98414.84375,126.569839477539,98351.5625
"all","all","[26,27)",98288.2734375,131.523223876953,98222.515625
"all","all","[27,28)",98156.75,137.019241333008,98088.2421875
"all","all","[28,29)",98019.734375,143.585205078125,97947.9375
"all","all","[29,30)",97876.1484375,151.056060791016,97800.625
"all","all","[30,31)",97725.09375,158.916244506836,97645.640625
"all","all","[31,32)",97566.1796875,166.621185302734,97482.8671875
"all","all","[32,33)",97399.5546875,174.174255371094,97312.46875
"all","all","[33,34)",97225.3828125,181.352447509766,97134.703125
"all","all","[34,35)",97044.03125,188.341506958008,96949.859375
"all","all","[35,36)",96855.6875,195.964401245117,96757.703125
"all","all","[36,37)",96659.7265625,204.23991394043,96557.609375
"all","all","[37,38)",96455.484375,212.440093994141,96349.265625
"all","all","[38,39)",96243.046875,220.489685058594,96132.796875
"all","all","[39,40)",96022.5546875,228.89778137207,95908.109375
"all","all","[40,41)",95793.65625,238.589660644531,95674.359375
"all","all","[41,42)",95555.0703125,250.039703369141,95430.046875
"all","all","[42,43)",95305.03125,262.997192382812,95173.53125
"all","all","[43,44)",95042.03125,277.474212646484,94903.296875
"all","all","[44,45)",94764.5546875,293.628295898438,94617.7421875
"all","all","[45,46)",94470.9296875,312.106109619141,94314.875
"all","all","[46,47)",94158.8203125,333.038391113281,93992.296875
"all","all","[47,48)",93825.78125,355.9755859375,93647.796875
"all","all","[48,49)",93469.8046875,380.942993164062,93279.328125
"all","all","[49,50)",93088.859375,408.384918212891,92884.671875
"all","all","[50,51)",92680.4765625,437.483520507812,92461.734375
"all","all","[51,52)",92242.9921875,469.842163085938,92008.0703125
"all","all","[52,53)",91773.1484375,507.743865966797,91519.28125
"all","all","[53,54)",91265.40625,551.488586425781,90989.65625
"all","all","[54,55)",90713.9140625,598.970703125,90414.4296875
"all","all","[55,56)",90114.9453125,646.019897460938,89791.9375
"all","all","[56,57)",89468.921875,692.839172363281,89122.5
"all","all","[57,58)",88776.0859375,743.242919921875,88404.46875
"all","all","[58,59)",88032.84375,798.811706542969,87633.4375
"all","all","[59,60)",87234.03125,858.514770507812,86804.7734375
"all","all","[60,Inf)",86375.515625,86375.5059814453,1918323.68896484
"all","female","[0,1)",1e+05,491.829223632812,99571.6171875
"all","female","[1,2)",99508.171875,30.8817100524902,99492.734375
"all","female","[2,3)",99477.2890625,19.8159275054932,99467.3828125
"all","female","[3,4)",99457.4765625,16.0471439361572,99449.453125
"all","female","[4,5)",99441.4296875,12.2363700866699,99435.3125
"all","female","[5,6)",99429.1953125,11.4292068481445,99423.484375
"all","female","[6,7)",99417.765625,10.2057466506958,99412.6640625
"all","female","[7,8)",99407.5625,9.38550567626953,99402.875
"all","female","[8,9)",99398.1796875,8.86471843719482,99393.75
"all","female","[9,10)",99389.3125,8.65493202209473,99384.984375
"all","female","[10,11)",99380.65625,8.88577175140381,99376.21875
"all","female","[11,12)",99371.7734375,9.78758716583252,99366.875
"all","female","[12,13)",99361.984375,11.6340789794922,99356.171875
"all","female","[13,14)",99350.3515625,14.579098701477,99343.0625
"all","female","[14,15)",99335.7734375,18.41530418396,99326.5625
"all","female","[15,16)",99317.359375,22.8096561431885,99305.953125
"all","female","[16,17)",99294.546875,27.422492980957,99280.8359375
"all","female","[17,18)",99267.125,32.1505889892578,99251.046875
"all","female","[18,19)",99234.9765625,36.8211708068848,99216.5625
"all","female","[19,20)",99198.15625,41.4698028564453,99177.421875
"all","female","[20,21)",99156.6875,46.3595695495605,99133.5078125
"all","female","[21,22)",99110.328125,51.4797897338867,99084.59375
"all","female","[22,23)",99058.8515625,56.4567604064941,99030.625
"all","female","[23,24)",99002.3984375,61.1102561950684,98971.84375
"all","female","[24,25)",98941.2890625,65.496940612793,98908.5390625
"all","female","[25,26)",98875.7890625,69.7302780151367,98840.921875
"all","female","[26,27)",98806.0625,74.0889129638672,98769.015625
"all","female","[27,28)",98731.9765625,78.8122177124023,98692.5703125
"all","female","[28,29)",98653.1640625,84.1464996337891,98611.09375
"all","female","[29,30)",98569.015625,90.0492706298828,98523.9921875
"all","female","[30,31)",98478.96875,96.3281173706055,98430.8046875
"all","female","[31,32)",98382.640625,102.710403442383,98331.28125
"all","female","[32,33)",98279.9296875,109.143241882324,98225.359375
"all","female","[33,34)",98170.7890625,115.490791320801,98113.046875
"all","female","[34,35)",98055.296875,121.853294372559,97994.375
"all","female","[35,36)",97933.4453125,128.795211791992,97869.046875
"all","female","[36,37)",97804.6484375,136.258987426758,97736.515625
"all","female","[37,38)",97668.390625,143.677841186523,97596.546875
"all","female","[38,39)",97524.7109375,150.982315063477,97449.21875
"all","female","[39,40)",97373.7265625,158.587738037109,97294.4375
"all","female","[40,41)",97215.140625,167.207946777344,97131.53125
"all","female","[41,42)",97047.9296875,177.234817504883,96959.3125
"all","female","[42,43)",96870.6953125,188.494506835938,96776.453125
"all","female","[43,44)",96682.203125,200.980194091797,96581.71875
"all","female","[44,45)",96481.2265625,214.747909545898,96373.8515625
"all","female","[45,46)",96266.4765625,230.322647094727,96151.3125
"all","female","[46,47)",96036.15625,247.681030273438,95912.3125
"all","female","[47,48)",95788.4765625,266.303680419922,95655.328125
"all","female","[48,49)",95522.171875,286.166198730469,95379.09375
"all","female","[49,50)",95236.0078125,307.740539550781,95082.140625
"all","female","[50,51)",94928.265625,330.760498046875,94762.890625
"all","female","[51,52)",94597.5078125,356.429321289062,94419.296875
"all","female","[52,53)",94241.078125,386.131774902344,94048.015625
"all","female","[53,54)",93854.9453125,419.956909179688,93644.96875
"all","female","[54,55)",93434.9921875,456.460144042969,93206.765625
"all","female","[55,56)",92978.53125,492.820159912109,92732.125
"all","female","[56,57)",92485.7109375,529.481018066406,92220.96875
"all","female","[57,58)",91956.2265625,569.368408203125,91671.546875
"all","female","[58,59)",91386.859375,613.858276367188,91079.9296875
"all","female","[59,60)",90773,662.256958007812,90441.875
"all","female","[60,Inf)",90110.7421875,90110.7440795898,2142949.53076172
"all","male","[0,1)",1e+05,584.863464355469,99490.578125
"all","male","[1,2)",99415.1328125,40.0772361755371,99395.09375
"all","male","[2,3)",99375.0546875,25.7292709350586,99362.1875
"all","male","[3,4)",99349.328125,20.6363735198975,99339.015625
"all","male","[4,5)",99328.6953125,15.3626165390015,99321.015625
"all","male","[5,6)",99313.3359375,14.3484239578247,99306.15625
"all","male","[6,7)",99298.984375,13.1023721694946,99292.4375
"all","male","[7,8)",99285.8828125,12.0371255874634,99279.859375
"all","male","[8,9)",99273.84375,10.78493309021,99268.453125
"all","male","[9,10)",99263.0625,9.53950309753418,99258.296875
"all","male","[10,11)",99253.5234375,9.07473278045654,99248.984375
"all","male","[11,12)",99244.4453125,10.6589212417603,99239.1171875
"all","male","[12,13)",99233.7890625,15.7652816772461,99225.90625
"all","male","[13,14)",99218.0234375,25.2566013336182,99205.390625
"all","male","[14,15)",99192.765625,38.1969337463379,99173.671875
"all","male","[15,16)",99154.5703125,52.4690628051758,99128.3359375
"all","male","[16,17)",99102.1015625,66.9576568603516,99068.625
"all","male","[17,18)",99035.140625,82.2858200073242,98994
"all","male","[18,19)",98952.8515625,98.0575637817383,98903.828125
"all","male","[19,20)",98854.796875,113.865478515625,98797.859375
"all","male","[20,21)",98740.9296875,130.308792114258,98675.7734375
"all","male","[21,22)",98610.6171875,146.288513183594,98537.46875
"all","male","[22,23)",98464.328125,159.496704101562,98384.578125
"all","male","[23,24)",98304.828125,168.807632446289,98220.421875
"all","male","[24,25)",98136.0234375,175.180969238281,98048.4375
"all","male","[25,26)",97960.84375,180.266937255859,97870.7109375
"all","male","[26,27)",97780.578125,185.688934326172,97687.734375
"all","male","[27,28)",97594.890625,191.894027709961,97498.9453125
"all","male","[28,29)",97403,199.700378417969,97303.1484375
"all","male","[29,30)",97203.296875,208.812530517578,97098.890625
"all","male","[30,31)",96994.484375,218.364242553711,96885.296875
"all","male","[31,32)",96776.1171875,227.519943237305,96662.359375
"all","male","[32,33)",96548.59375,236.349166870117,96430.421875
"all","male","[33,34)",96312.2421875,244.531509399414,96189.9765625
"all","male","[34,35)",96067.7109375,252.328643798828,95941.546875
"all","male","[35,36)",95815.3828125,260.836578369141,95684.96875
"all","male","[36,37)",95554.546875,270.130493164062,95419.484375
"all","male","[37,38)",95284.4140625,279.273986816406,95144.78125
"all","male","[38,39)",95005.140625,288.161071777344,94861.0625
"all","male","[39,40)",94716.9765625,297.408508300781,94568.2734375
"all","male","[40,41)",94419.5703125,308.176910400391,94265.484375
"all","male","[41,42)",94111.390625,321.056976318359,93950.859375
"all","male","[42,43)",93790.3359375,335.734100341797,93622.46875
"all","male","[43,44)",93454.6015625,352.25634765625,93278.46875
"all","male","[44,45)",93102.34375,370.866424560547,92916.90625
"all","male","[45,46)",92731.4765625,392.333679199219,92535.3125
"all","male","[46,47)",92339.140625,416.891326904297,92130.6953125
"all","male","[47,48)",91922.25,444.088317871094,91700.203125
"all","male","[48,49)",91478.1640625,473.946258544922,91241.1875
"all","male","[49,50)",91004.21875,506.908386230469,90750.765625
"all","male","[50,51)",90497.3125,541.640075683594,90226.4921875
"all","male","[51,52)",89955.671875,580.252746582031,89665.546875
"all","male","[52,53)",89375.421875,626.029724121094,89062.40625
"all","male","[53,54)",88749.390625,679.585571289062,88409.59375
"all","male","[54,55)",88069.8046875,738.128173828125,87700.7421875
"all","male","[55,56)",87331.6796875,796.030700683594,86933.6640625
"all","male","[56,57)",86535.6484375,853.118347167969,86109.09375
"all","male","[57,58)",85682.53125,914.072204589844,85225.5
"all","male","[58,59)",84768.4609375,980.614013671875,84278.15625
"all","male","[59,60)",83787.84375,1051.39990234375,83262.140625
"all","male","[60,Inf)",82736.4453125,82736.4432373047,1700138.04309082
"hispanic","all","[0,1)",1e+05,467.539520263672,99588.1015625
"hispanic","all","[1,2)",99532.4609375,28.4974384307861,99518.2109375
"hispanic","all","[2,3)",99503.9609375,18.349681854248,99494.78125
"hispanic","all","[3,4)",99485.609375,14.6119546890259,99478.3046875
"hispanic","all","[4,5)",99471,11.4418592453003,99465.28125
"hispanic","all","[5,6)",99459.5546875,10.3009510040283,99454.40625
"hispanic","all","[6,7)",99449.25,9.48751735687256,99444.5078125
"hispanic","all","[7,8)",99439.765625,8.89720630645752,99435.3125
"hispanic","all","[8,9)",99430.8671875,8.26188278198242,99426.734375
"hispanic","all","[9,10)",99422.6015625,7.66594552993774,99418.765625
"hispanic","all","[10,11)",99414.9375,7.54618453979492,99411.1640625
"hispanic","all","[11,12)",99407.390625,8.62666320800781,99403.078125
"hispanic","all","[12,13)",99398.765625,11.7649564743042,99392.8828125
"hispanic","all","[13,14)",99387,17.5234088897705,99378.234375
"hispanic","all","[14,15)",99369.4765625,25.4383869171143,99356.7578125
"hispanic","all","[15,16)",99344.0390625,34.4568824768066,99326.8125
"hispanic","all","[16,17)",99309.5859375,43.6686706542969,99287.75
"hispanic","all","[17,18)",99265.9140625,53.0722770690918,99239.375
"hispanic","all","[18,19)",99212.84375,62.1862640380859,99181.75
"hispanic","all","[19,20)",99150.65625,70.9459991455078,99115.1875
"hispanic","all","[20,21)",99079.7109375,80.0558090209961,99039.6875
"hispanic","all","[21,22)",98999.65625,89.2608108520508,98955.03125
"hispanic","all","[22,23)",98910.3984375,97.2276611328125,98861.78125
"hispanic","all","[23,24)",98813.171875,103.340141296387,98761.5
"hispanic","all","[24,25)",98709.828125,107.932594299316,98655.859375
"hispanic","all","[25,26)",98601.8984375,111.955947875977,98545.921875
"hispanic","all","[26,27)",98489.9453125,115.984077453613,98431.953125
"hispanic","all","[27,28)",98373.9609375,119.83324432373,98314.046875
"hispanic","all","[28,29)",98254.125,123.792526245117,98192.234375
"hispanic","all","[29,30)",98130.3359375,127.993431091309,98066.34375
"hispanic","all","[30,31)",98002.34375,132.289794921875,97936.203125
"hispanic","all","[31,32)",97870.0546875,136.749816894531,97801.6796875
"hispanic","all","[32,33)",97733.3046875,141.720062255859,97662.4453125
"hispanic","all","[33,34)",97591.5859375,147.263259887695,97517.953125
"hispanic","all","[34,35)",97444.3203125,153.292526245117,97367.671875
"hispanic","all","[35,36)",97291.03125,159.92138671875,97211.0703125
"hispanic","all","[36,37)",97131.109375,167.020538330078,97047.59375
"hispanic","all","[37,38)",96964.0859375,174.342727661133,96876.9140625
"hispanic","all","[38,39)",96789.7421875,181.881164550781,96698.796875
"hispanic","all","[39,40)",96607.859375,189.996765136719,96512.859375
"hispanic","all","[40,41)",96417.859375,198.870391845703,96318.421875
"hispanic","all","[41,42)",96218.9921875,209.148056030273,96114.421875
"hispanic","all","[42,43)",96009.84375,221.595001220703,95899.046875
"hispanic","all","[43,44)",95788.25,236.72314453125,95669.890625
"hispanic","all","[44,45)",95551.5234375,254.342132568359,95424.3515625
"hispanic","all","[45,46)",95297.1796875,273.976013183594,95160.1875
"hispanic","all","[46,47)",95023.203125,295.249176025391,94875.578125
"hispanic","all","[47,48)",94727.953125,318.365631103516,94568.765625
"hispanic","all","[48,49)",94409.5859375,343.403625488281,94237.8828125
"hispanic","all","[49,50)",94066.1796875,370.748046875,93880.8046875
"hispanic","all","[50,51)",93695.4296875,400.0556640625,93495.40625
"hispanic","all","[51,52)",93295.375,432.337585449219,93079.203125
"hispanic","all","[52,53)",92863.0390625,469.209991455078,92628.4375
"hispanic","all","[53,54)",92393.828125,511.257873535156,92138.203125
"hispanic","all","[54,55)",91882.5703125,557.469421386719,91603.8359375
"hispanic","all","[55,56)",91325.1015625,605.980041503906,91022.109375
"hispanic","all","[56,57)",90719.125,655.989685058594,90391.125
"hispanic","all","[57,58)",90063.1328125,708.463439941406,89708.90625
"hispanic","all","[58,59)",89354.671875,763.954956054688,88972.6953125
"hispanic","all","[59,60)",88590.71875,822.731323242188,88179.3515625
"hispanic","all","[60,Inf)",87767.984375,87767.9923095703,1983347.1159668
"hispanic","female","[0,1)",1e+05,426.921722412109,99623.03125
"hispanic","female","[1,2)",99573.078125,25.9514274597168,99560.1015625
"hispanic","female","[2,3)",99547.125,16.5628776550293,99538.84375
"hispanic","female","[3,4)",99530.5625,11.0287914276123,99525.046875
"hispanic","female","[4,5)",99519.53125,11.9748277664185,99513.546875
"hispanic","female","[5,6)",99507.5546875,9.28628826141357,99502.90625
"hispanic","female","[6,7)",99498.265625,8.51340007781982,99494.0078125
"hispanic","female","[7,8)",99489.75,8.14500713348389,99485.671875
"hispanic","female","[8,9)",99481.6015625,8.03670406341553,99477.578125
"hispanic","female","[9,10)",99473.5625,8.16872501373291,99469.4765625
"hispanic","female","[10,11)",99465.390625,8.64943695068359,99461.0625
"hispanic","female","[11,12)",99456.7421875,9.69849681854248,99451.890625
"hispanic","female","[12,13)",99447.046875,11.596510887146,99441.25
"hispanic","female","[13,14)",99435.453125,14.5269937515259,99428.1875
"hispanic","female","[14,15)",99420.9296875,18.2948570251465,99411.78125
"hispanic","female","[15,16)",99402.6328125,22.6078853607178,99391.328125
"hispanic","female","[16,17)",99380.0234375,26.985258102417,99366.53125
"hispanic","female","[17,18)",99353.0390625,31.1389331817627,99337.46875
"hispanic","female","[18,19)",99321.8984375,34.7470550537109,99304.5234375
"hispanic","female","[19,20)",99287.1484375,37.900016784668,99268.203125
"hispanic","female","[20,21)",99249.25,41.1950302124023,99228.65625
"hispanic","female","[21,22)",99208.0546875,44.6540756225586,99185.7265625
"hispanic","female","[22,23)",99163.3984375,47.595531463623,99139.6015625
"hispanic","female","[23,24)",99115.8046875,49.7978744506836,99090.90625
"hispanic","female","[24,25)",99066.0078125,51.4802436828613,99040.265625
"hispanic","female","[25,26)",99014.53125,52.8256225585938,98988.1171875
"hispanic","female","[26,27)",98961.703125,54.3978462219238,98934.5
"hispanic","female","[27,28)",98907.3046875,56.7249069213867,98878.9375
"hispanic","female","[28,29)",98850.578125,60.2209548950195,98820.46875
"hispanic","female","[29,30)",98790.359375,64.6930770874023,98758.015625
"hispanic","female","[30,31)",98725.6640625,69.8633193969727,98690.734375
"hispanic","female","[31,32)",98655.796875,74.9973449707031,98618.296875
"hispanic","female","[32,33)",98580.796875,79.5125274658203,98541.0390625
"hispanic","female","[33,34)",98501.28125,82.8475723266602,98459.859375
"hispanic","female","[34,35)",98418.4375,85.3680953979492,98375.75
"hispanic","female","[35,36)",98333.0703125,88.0990600585938,98289.015625
"hispanic","female","[36,37)",98244.96875,91.6170959472656,98199.15625
"hispanic","female","[37,38)",98153.3515625,95.6330032348633,98105.53125
"hispanic","female","[38,39)",98057.71875,100.37873840332,98007.53125
"hispanic","female","[39,40)",97957.34375,106.057716369629,97904.3125
"hispanic","female","[40,41)",97851.2890625,112.173782348633,97795.203125
"hispanic","female","[41,42)",97739.1171875,119.376266479492,97679.4296875
"hispanic","female","[42,43)",97619.7421875,129.099670410156,97555.1875
"hispanic","female","[43,44)",97490.640625,141.987686157227,97419.6484375
"hispanic","female","[44,45)",97348.65625,157.486618041992,97269.9140625
"hispanic","female","[45,46)",97191.171875,174.786071777344,97103.78125
"hispanic","female","[46,47)",97016.3828125,192.852127075195,96919.953125
"hispanic","female","[47,48)",96823.53125,211.391021728516,96717.8359375
"hispanic","female","[48,49)",96612.140625,230.147994995117,96497.0625
"hispanic","female","[49,50)",96381.9921875,249.737579345703,96257.125
"hispanic","female","[50,51)",96132.2578125,271.211029052734,95996.65625
"hispanic","female","[51,52)",95861.046875,295.173736572266,95713.4609375
"hispanic","female","[52,53)",95565.875,321.259368896484,95405.25
"hispanic","female","[53,54)",95244.6171875,349.235382080078,95070
"hispanic","female","[54,55)",94895.3828125,378.964447021484,94705.90625
"hispanic","female","[55,56)",94516.421875,409.167510986328,94311.84375
"hispanic","female","[56,57)",94107.2578125,441.515747070312,93886.5
"hispanic","female","[57,58)",93665.7421875,479.383270263672,93426.046875
"hispanic","female","[58,59)",93186.359375,525.01025390625,92923.859375
"hispanic","female","[59,60)",92661.3515625,577.518798828125,92372.59375
"hispanic","female","[60,Inf)",92083.8359375,92083.8380737305,2256648.69384766
"hispanic","male","[0,1)",1e+05,506.647644042969,99554.65625
"hispanic","male","[1,2)",99493.3515625,30.4120197296143,99478.140625
"hispanic","male","[2,3)",99462.9375,19.7188625335693,99453.078125
"hispanic","male","[3,4)",99443.21875,17.7106761932373,99434.359375
"hispanic","male","[4,5)",99425.5078125,10.7641878128052,99420.125
"hispanic","male","[5,6)",99414.7421875,11.0848731994629,99409.203125
"hispanic","male","[6,7)",99403.65625,10.282862663269,99398.515625
"hispanic","male","[7,8)",99393.375,9.50133323669434,99388.625
"hispanic","male","[8,9)",99383.875,8.34039783477783,99379.703125
"hispanic","male","[9,10)",99375.53125,6.98879289627075,99372.03125
"hispanic","male","[10,11)",99368.5390625,6.21909809112549,99365.4296875
"hispanic","male","[11,12)",99362.3203125,7.27095460891724,99358.6875
"hispanic","male","[12,13)",99355.046875,11.5900506973267,99349.25
"hispanic","male","[13,14)",99343.453125,20.1226978302002,99333.390625
"hispanic","male","[14,15)",99323.328125,32.1242294311523,99307.265625
"hispanic","male","[15,16)",99291.203125,45.8218879699707,99268.296875
"hispanic","male","[16,17)",99245.3828125,59.8000831604004,99215.484375
"hispanic","male","[17,18)",99185.5859375,74.2079620361328,99148.484375
"hispanic","male","[18,19)",99111.375,88.3327941894531,99067.203125
"hispanic","male","[19,20)",99023.0390625,102.021942138672,98972.03125
"hispanic","male","[20,21)",98921.015625,116.132621765137,98862.953125
"hispanic","male","[21,22)",98804.8828125,130.309799194336,98739.7265625
"hispanic","male","[22,23)",98674.5703125,142.75163269043,98603.1953125
"hispanic","male","[23,24)",98531.8203125,152.57536315918,98455.53125
"hispanic","male","[24,25)",98379.2421875,160.12467956543,98299.1796875
"hispanic","male","[25,26)",98219.1171875,166.98779296875,98135.625
"hispanic","male","[26,27)",98052.1328125,173.522994995117,97965.375
"hispanic","male","[27,28)",97878.609375,178.703369140625,97789.2578125
"hispanic","male","[28,29)",97699.90625,182.591583251953,97608.609375
"hispanic","male","[29,30)",97517.3125,185.77067565918,97424.421875
"hispanic","male","[30,31)",97331.5390625,188.370819091797,97237.359375
"hispanic","male","[31,32)",97143.171875,191.50048828125,97047.421875
"hispanic","male","[32,33)",96951.671875,196.55549621582,96853.390625
"hispanic","male","[33,34)",96755.1171875,204.32568359375,96652.953125
"hispanic","male","[34,35)",96550.7890625,214.189453125,96443.6953125
"hispanic","male","[35,36)",96336.6015625,225.161331176758,96224.015625
"hispanic","male","[36,37)",96111.4375,236.233291625977,95993.3203125
"hispanic","male","[37,38)",95875.203125,247.202865600586,95751.6015625
"hispanic","male","[38,39)",95628,257.734466552734,95499.1328125
"hispanic","male","[39,40)",95370.265625,268.354461669922,95236.09375
"hispanic","male","[40,41)",95101.9140625,280.044708251953,94961.890625
"hispanic","male","[41,42)",94821.8671875,293.460083007812,94675.140625
"hispanic","male","[42,43)",94528.40625,308.560089111328,94374.125
"hispanic","male","[43,44)",94219.84375,325.687713623047,94057
"hispanic","male","[44,45)",93894.15625,345.040557861328,93721.640625
"hispanic","male","[45,46)",93549.1171875,366.611175537109,93365.8125
"hispanic","male","[46,47)",93182.5078125,390.683532714844,92987.171875
"hispanic","male","[47,48)",92791.828125,417.802764892578,92582.921875
"hispanic","male","[48,49)",92374.0234375,448.274536132812,92149.890625
"hispanic","male","[49,50)",91925.75,482.241271972656,91684.625
"hispanic","male","[50,51)",91443.5078125,517.952514648438,91184.53125
"hispanic","male","[51,52)",90925.5546875,557.078002929688,90647.015625
"hispanic","male","[52,53)",90368.4765625,603.499267578125,90066.7265625
"hispanic","male","[53,54)",89764.9765625,658.946594238281,89435.5
"hispanic","male","[54,55)",89106.03125,721.59130859375,88745.234375
"hispanic","male","[55,56)",88384.4375,788.76708984375,87990.0546875
"hispanic","male","[56,57)",87595.671875,856.844970703125,87167.25
"hispanic","male","[57,58)",86738.828125,924.346069335938,86276.65625
"hispanic","male","[58,59)",85814.484375,989.90966796875,85319.53125
"hispanic","male","[59,60)",84824.578125,1055.03869628906,84297.0625
"hispanic","male","[60,Inf)",83769.5390625,83769.5413208008,1711780.61706543
"non-hispanic asian","all","[0,1)",1e+05,311.440521240234,99720.015625
"non-hispanic asian","all","[1,2)",99688.5625,20.1058921813965,99678.5078125
"non-hispanic asian","all","[2,3)",99668.453125,14.6187000274658,99661.140625
"non-hispanic asian","all","[3,4)",99653.8359375,8.95025157928467,99649.359375
"non-hispanic asian","all","[4,5)",99644.8828125,7.04257440567017,99641.359375
"non-hispanic asian","all","[5,6)",99637.84375,7.34933233261108,99634.171875
"non-hispanic asian","all","[6,7)",99630.4921875,6.75637102127075,99627.109375
"non-hispanic asian","all","[7,8)",99623.734375,6.29369926452637,99620.5859375
"non-hispanic asian","all","[8,9)",99617.4375,5.80917739868164,99614.53125
"non-hispanic asian","all","[9,10)",99611.625,5.34517765045166,99608.953125
"non-hispanic asian","all","[10,11)",99606.28125,5.17173624038696,99603.6953125
"non-hispanic asian","all","[11,12)",99601.109375,5.78914070129395,99598.21875
"non-hispanic asian","all","[12,13)",99595.3203125,7.80578231811523,99591.421875
"non-hispanic asian","all","[13,14)",99587.515625,11.5242433547974,99581.75
"non-hispanic asian","all","[14,15)",99575.9921875,16.4446563720703,99567.765625
"non-hispanic asian","all","[15,16)",99559.546875,21.5661964416504,99548.765625
"non-hispanic asian","all","[16,17)",99537.984375,26.5493984222412,99524.7109375
"non-hispanic asian","all","[17,18)",99511.4375,31.7703018188477,99495.546875
"non-hispanic asian","all","[18,19)",99479.6640625,37.1760749816895,99461.078125
"non-hispanic asian","all","[19,20)",99442.484375,42.4852142333984,99421.2421875
"non-hispanic asian","all","[20,21)",99400,48.054615020752,99375.96875
"non-hispanic asian","all","[21,22)",99351.9453125,52.9038848876953,99325.4921875
"non-hispanic asian","all","[22,23)",99299.0390625,55.4592552185059,99271.3125
"non-hispanic asian","all","[23,24)",99243.578125,55.1592216491699,99216
"non-hispanic asian","all","[24,25)",99188.421875,53.0984306335449,99161.875
"non-hispanic asian","all","[25,26)",99135.3203125,50.6465721130371,99110
"non-hispanic asian","all","[26,27)",99084.671875,48.9300155639648,99060.203125
"non-hispanic asian","all","[27,28)",99035.7421875,48.1410484313965,99011.671875
"non-hispanic asian","all","[28,29)",98987.6015625,48.6181373596191,98963.296875
"non-hispanic asian","all","[29,30)",98938.984375,50.0179748535156,98913.9765625
"non-hispanic asian","all","[30,31)",98888.96875,51.6377830505371,98863.1484375
"non-hispanic asian","all","[31,32)",98837.328125,53.1725387573242,98810.7421875
"non-hispanic asian","all","[32,33)",98784.15625,54.9793510437012,98756.671875
"non-hispanic asian","all","[33,34)",98729.1796875,57.0756225585938,98700.640625
"non-hispanic asian","all","[34,35)",98672.1015625,59.5062713623047,98642.34375
"non-hispanic asian","all","[35,36)",98612.59375,62.5622444152832,98581.3125
"non-hispanic asian","all","[36,37)",98550.03125,66.0793838500977,98516.9921875
"non-hispanic asian","all","[37,38)",98483.953125,69.6541290283203,98449.125
"non-hispanic asian","all","[38,39)",98414.296875,73.1798629760742,98377.703125
"non-hispanic asian","all","[39,40)",98341.1171875,76.9984893798828,98302.6171875
"non-hispanic asian","all","[40,41)",98264.1171875,81.3466796875,98223.4453125
"non-hispanic asian","all","[41,42)",98182.7734375,86.9587707519531,98139.296875
"non-hispanic asian","all","[42,43)",98095.8125,94.465087890625,98048.578125
"non-hispanic asian","all","[43,44)",98001.34375,104.065238952637,97949.3125
"non-hispanic asian","all","[44,45)",97897.28125,115.161598205566,97839.703125
"non-hispanic asian","all","[45,46)",97782.1171875,126.928901672363,97718.65625
"non-hispanic asian","all","[46,47)",97655.1875,139.165283203125,97585.609375
"non-hispanic asian","all","[47,48)",97516.0234375,152.451614379883,97439.796875
"non-hispanic asian","all","[48,49)",97363.5703125,167.375274658203,97279.8828125
"non-hispanic asian","all","[49,50)",97196.1953125,184.315505981445,97104.0390625
"non-hispanic asian","all","[50,51)",97011.8828125,204.033218383789,96909.8671875
"non-hispanic asian","all","[51,52)",96807.8515625,225.464340209961,96695.125
"non-hispanic asian","all","[52,53)",96582.390625,246.721420288086,96459.03125
"non-hispanic asian","all","[53,54)",96335.671875,266.274932861328,96202.53125
"non-hispanic asian","all","[54,55)",96069.3984375,284.837310791016,95926.984375
"non-hispanic asian","all","[55,56)",95784.5625,304.013793945312,95632.5546875
"non-hispanic asian","all","[56,57)",95480.546875,326.394744873047,95317.34375
"non-hispanic asian","all","[57,58)",95154.1484375,353.213745117188,94977.546875
"non-hispanic asian","all","[58,59)",94800.9375,385.871459960938,94608
"non-hispanic asian","all","[59,60)",94415.0625,423.664306640625,94203.234375
"non-hispanic asian","all","[60,Inf)",93991.3984375,93991.4031677246,2460948.30761719
"non-hispanic asian","female","[0,1)",1e+05,292.298187255859,99736.9296875
"non-hispanic asian","female","[1,2)",99707.703125,17.3426933288574,99699.03125
"non-hispanic asian","female","[2,3)",99690.359375,17.9316692352295,99681.390625
"non-hispanic asian","female","[3,4)",99672.4296875,8.32827758789062,99668.265625
"non-hispanic asian","female","[4,5)",99664.1015625,7.27943086624146,99660.4609375
"non-hispanic asian","female","[5,6)",99656.8203125,8.19143867492676,99652.71875
"non-hispanic asian","female","[6,7)",99648.625,7.54730606079102,99644.8515625
"non-hispanic asian","female","[7,8)",99641.078125,7.03747940063477,99637.5625
"non-hispanic asian","female","[8,9)",99634.0390625,6.497230052948,99630.7890625
"non-hispanic asian","female","[9,10)",99627.5390625,5.92504358291626,99624.578125
"non-hispanic asian","female","[10,11)",99621.6171875,5.50907468795776,99618.859375
"non-hispanic asian","female","[11,12)",99616.109375,5.63058376312256,99613.296875
"non-hispanic asian","female","[12,13)",99610.4765625,6.76497173309326,99607.09375
"non-hispanic asian","female","[13,14)",99603.7109375,9.13582897186279,99599.140625
"non-hispanic asian","female","[14,15)",99594.578125,12.2950105667114,99588.4296875
"non-hispanic asian","female","[15,16)",99582.28125,15.7402181625366,99574.40625
"non-hispanic asian","female","[16,17)",99566.5390625,18.8712997436523,99557.1015625
"non-hispanic asian","female","[17,18)",99547.6640625,21.3757381439209,99536.9765625
"non-hispanic asian","female","[18,19)",99526.2890625,23.0232677459717,99514.78125
"non-hispanic asian","female","[19,20)",99503.265625,24.022180557251,99491.25
"non-hispanic asian","female","[20,21)",99479.2421875,24.966682434082,99466.7578125
"non-hispanic asian","female","[21,22)",99454.2734375,25.9174747467041,99441.3125
"non-hispanic asian","female","[22,23)",99428.359375,26.3760299682617,99415.171875
"non-hispanic asian","female","[23,24)",99401.984375,26.2823619842529,99388.84375
"non-hispanic asian","female","[24,25)",99375.703125,25.8796062469482,99362.765625
"non-hispanic asian","female","[25,26)",99349.8203125,25.4263248443604,99337.109375
"non-hispanic asian","female","[26,27)",99324.390625,25.1798114776611,99311.796875
"non-hispanic asian","female","[27,28)",99299.2109375,25.2450199127197,99286.59375
"non-hispanic asian","female","[28,29)",99273.96875,25.7162704467773,99261.109375
"non-hispanic asian","female","[29,30)",99248.25,26.5186634063721,99234.9921875
"non-hispanic asian","female","[30,31)",99221.734375,27.4625244140625,99208
"non-hispanic asian","female","[31,32)",99194.2734375,28.5053691864014,99180.015625
"non-hispanic asian","female","[32,33)",99165.765625,29.8026313781738,99150.859375
"non-hispanic asian","female","[33,34)",99135.9609375,31.4040927886963,99120.2578125
"non-hispanic asian","female","[34,35)",99104.5546875,33.3230476379395,99087.890625
"non-hispanic asian","female","[35,36)",99071.234375,35.6558799743652,99053.40625
"non-hispanic asian","female","[36,37)",99035.578125,38.2997894287109,99016.4296875
"non-hispanic asian","female","[37,38)",98997.28125,41.1037406921387,98976.734375
"non-hispanic asian","female","[38,39)",98956.1796875,44.0384979248047,98934.15625
"non-hispanic asian","female","[39,40)",98912.140625,47.2923889160156,98888.5
"non-hispanic asian","female","[40,41)",98864.8515625,50.9723358154297,98839.3671875
"non-hispanic asian","female","[41,42)",98813.8828125,55.4598121643066,98786.15625
"non-hispanic asian","female","[42,43)",98758.421875,61.0826568603516,98727.875
"non-hispanic asian","female","[43,44)",98697.3359375,67.9043121337891,98663.3828125
"non-hispanic asian","female","[44,45)",98629.4296875,75.5898056030273,98591.640625
"non-hispanic asian","female","[45,46)",98553.84375,83.6802825927734,98512
"non-hispanic asian","female","[46,47)",98470.1640625,92.1206512451172,98424.109375
"non-hispanic asian","female","[47,48)",98378.046875,101.306785583496,98327.390625
"non-hispanic asian","female","[48,49)",98276.7421875,111.633644104004,98220.921875
"non-hispanic asian","female","[49,50)",98165.109375,123.293159484863,98103.4609375
"non-hispanic asian","female","[50,51)",98041.8125,136.842712402344,97973.390625
"non-hispanic asian","female","[51,52)",97904.96875,151.425643920898,97829.2578125
"non-hispanic asian","female","[52,53)",97753.546875,165.514694213867,97670.7890625
"non-hispanic asian","female","[53,54)",97588.03125,177.967575073242,97499.046875
"non-hispanic asian","female","[54,55)",97410.0625,189.410980224609,97315.359375
"non-hispanic asian","female","[55,56)",97220.6484375,201.836608886719,97119.734375
"non-hispanic asian","female","[56,57)",97018.8125,216.671951293945,96910.4765625
"non-hispanic asian","female","[57,58)",96802.140625,233.513565063477,96685.3828125
"non-hispanic asian","female","[58,59)",96568.625,252.875015258789,96442.1875
"non-hispanic asian","female","[59,60)",96315.75,275.050628662109,96178.2265625
"non-hispanic asian","female","[60,Inf)",96040.703125,96040.7018432617,2660347.90576172
"non-hispanic asian","male","[0,1)",1e+05,328.567077636719,99704.9453125
"non-hispanic asian","male","[1,2)",99671.4296875,22.711462020874,99660.078125
"non-hispanic asian","male","[2,3)",99648.71875,11.5106372833252,99642.96875
"non-hispanic asian","male","[3,4)",99637.2109375,9.53280925750732,99632.4453125
"non-hispanic asian","male","[4,5)",99627.6796875,6.82069969177246,99624.265625
"non-hispanic asian","male","[5,6)",99620.859375,6.41032123565674,99617.65625
"non-hispanic asian","male","[6,7)",99614.4453125,5.68351650238037,99611.609375
"non-hispanic asian","male","[7,8)",99608.765625,5.29563283920288,99606.1171875
"non-hispanic asian","male","[8,9)",99603.46875,5.22793388366699,99600.859375
"non-hispanic asian","male","[9,10)",99598.2421875,5.52481508255005,99595.484375
"non-hispanic asian","male","[10,11)",99592.71875,6.29926156997681,99589.5703125
"non-hispanic asian","male","[11,12)",99586.421875,7.71926736831665,99582.5625
"non-hispanic asian","male","[12,13)",99578.703125,9.95196723937988,99573.7265625
"non-hispanic asian","male","[13,14)",99568.75,13.0465574264526,99562.2265625
"non-hispanic asian","male","[14,15)",99555.703125,16.8520393371582,99547.28125
"non-hispanic asian","male","[15,16)",99538.8515625,20.7837944030762,99528.4609375
"non-hispanic asian","male","[16,17)",99518.0703125,25.0589866638184,99505.5390625
"non-hispanic asian","male","[17,18)",99493.0078125,30.3414077758789,99477.8359375
"non-hispanic asian","male","[18,19)",99462.6640625,36.7791404724121,99444.2734375
"non-hispanic asian","male","[19,20)",99425.8828125,43.8109321594238,99403.9765625
"non-hispanic asian","male","[20,21)",99382.0703125,51.109691619873,99356.515625
"non-hispanic asian","male","[21,22)",99330.9609375,57.604133605957,99302.15625
"non-hispanic asian","male","[22,23)",99273.359375,62.1665382385254,99242.28125
"non-hispanic asian","male","[23,24)",99211.1953125,64.2061614990234,99179.09375
"non-hispanic asian","male","[24,25)",99146.9921875,64.528205871582,99114.7265625
"non-hispanic asian","male","[25,26)",99082.4609375,64.5647430419922,99050.1796875
"non-hispanic asian","male","[26,27)",99017.8984375,64.9904708862305,98985.40625
"non-hispanic asian","male","[27,28)",98952.90625,65.4430770874023,98920.1875
"non-hispanic asian","male","[28,29)",98887.4609375,66.1086044311523,98854.40625
"non-hispanic asian","male","[29,30)",98821.3515625,67.0845947265625,98787.8125
"non-hispanic asian","male","[30,31)",98754.265625,67.9404830932617,98720.296875
"non-hispanic asian","male","[31,32)",98686.328125,69.1310958862305,98651.765625
"non-hispanic asian","male","[32,33)",98617.1953125,71.6726531982422,98581.359375
"non-hispanic asian","male","[33,34)",98545.5234375,76.013053894043,98507.515625
"non-hispanic asian","male","[34,35)",98469.5078125,81.790283203125,98428.609375
"non-hispanic asian","male","[35,36)",98387.71875,88.8637237548828,98343.28125
"non-hispanic asian","male","[36,37)",98298.8515625,96.1401443481445,98250.78125
"non-hispanic asian","male","[37,38)",98202.7109375,102.573684692383,98151.421875
"non-hispanic asian","male","[38,39)",98100.140625,107.51392364502,98046.3828125
"non-hispanic asian","male","[39,40)",97992.625,111.74723815918,97936.75
"non-hispanic asian","male","[40,41)",97880.875,116.328216552734,97822.7109375
"non-hispanic asian","male","[41,42)",97764.546875,122.929565429688,97703.078125
"non-hispanic asian","male","[42,43)",97641.6171875,132.44580078125,97575.390625
"non-hispanic asian","male","[43,44)",97509.171875,145.413711547852,97436.46875
"non-hispanic asian","male","[44,45)",97363.7578125,160.799179077148,97283.359375
"non-hispanic asian","male","[45,46)",97202.9609375,177.09407043457,97114.4140625
"non-hispanic asian","male","[46,47)",97025.8671875,193.799697875977,96928.96875
"non-hispanic asian","male","[47,48)",96832.0703125,211.814453125,96726.1640625
"non-hispanic asian","male","[48,49)",96620.2578125,231.975616455078,96504.265625
"non-hispanic asian","male","[49,50)",96388.28125,254.945999145508,96260.8125
"non-hispanic asian","male","[50,51)",96133.3359375,281.704681396484,95992.484375
"non-hispanic asian","male","[51,52)",95851.6328125,311.037994384766,95696.109375
"non-hispanic asian","male","[52,53)",95540.59375,340.818237304688,95370.1875
"non-hispanic asian","male","[53,54)",95199.7734375,369.133056640625,95015.203125
"non-hispanic asian","male","[54,55)",94830.640625,396.700225830078,94632.2890625
"non-hispanic asian","male","[55,56)",94433.9375,424.416259765625,94221.734375
"non-hispanic asian","male","[56,57)",94009.5234375,456.232421875,93781.40625
"non-hispanic asian","male","[57,58)",93553.2890625,495.541290283203,93305.515625
"non-hispanic asian","male","[58,59)",93057.75,544.902404785156,92785.296875
"non-hispanic asian","male","[59,60)",92512.84375,602.392333984375,92211.6484375
"non-hispanic asian","male","[60,Inf)",91910.453125,91910.4517822266,2233547.14404297
"non-hispanic black","all","[0,1)",1e+05,1033.34704589844,99114.421875
"non-hispanic black","all","[1,2)",98966.65625,73.6023101806641,98929.859375
"non-hispanic black","all","[2,3)",98893.0546875,44.0825653076172,98871.015625
"non-hispanic black","all","[3,4)",98848.96875,32.0885429382324,98832.921875
"non-hispanic black","all","[4,5)",98816.8828125,23.3563423156738,98805.203125
"non-hispanic black","all","[5,6)",98793.5234375,24.9796524047852,98781.03125
"non-hispanic black","all","[6,7)",98768.546875,23.2498188018799,98756.921875
"non-hispanic black","all","[7,8)",98745.296875,21.4145526885986,98734.59375
"non-hispanic black","all","[8,9)",98723.8828125,18.8783168792725,98714.4453125
"non-hispanic black","all","[9,10)",98705.0078125,15.9810762405396,98697.015625
"non-hispanic black","all","[10,11)",98689.0234375,14.0100936889648,98682.015625
"non-hispanic black","all","[11,12)",98675.015625,15.0277194976807,98667.5
"non-hispanic black","all","[12,13)",98659.984375,21.4140148162842,98649.28125
"non-hispanic black","all","[13,14)",98638.5703125,34.6271858215332,98621.2578125
"non-hispanic black","all","[14,15)",98603.9453125,53.2673988342285,98577.3125
"non-hispanic black","all","[15,16)",98550.6796875,73.8354568481445,98513.765625
"non-hispanic black","all","[16,17)",98476.84375,94.4324951171875,98429.625
"non-hispanic black","all","[17,18)",98382.4140625,116.045562744141,98324.390625
"non-hispanic black","all","[18,19)",98266.3671875,137.763198852539,98197.484375
"non-hispanic black","all","[19,20)",98128.6015625,158.67155456543,98049.265625
"non-hispanic black","all","[20,21)",97969.9296875,180.343902587891,97879.7578125
"non-hispanic black","all","[21,22)",97789.5859375,200.528869628906,97689.3203125
"non-hispanic black","all","[22,23)",97589.0546875,214.227890014648,97481.9375
"non-hispanic black","all","[23,24)",97374.828125,219.461730957031,97265.09375
"non-hispanic black","all","[24,25)",97155.3671875,219.001419067383,97045.8671875
"non-hispanic black","all","[25,26)",96936.3671875,216.433715820312,96828.1484375
"non-hispanic black","all","[26,27)",96719.9296875,215.515548706055,96612.171875
"non-hispanic black","all","[27,28)",96504.4140625,217.56884765625,96395.625
"non-hispanic black","all","[28,29)",96286.84375,224.262130737305,96174.7109375
"non-hispanic black","all","[29,30)",96062.578125,234.770767211914,95945.1875
"non-hispanic black","all","[30,31)",95827.8046875,246.886413574219,95704.359375
"non-hispanic black","all","[31,32)",95580.921875,258.656799316406,95451.59375
"non-hispanic black","all","[32,33)",95322.265625,270.532348632812,95187
"non-hispanic black","all","[33,34)",95051.734375,281.779357910156,94910.84375
"non-hispanic black","all","[34,35)",94769.953125,292.81884765625,94623.546875
"non-hispanic black","all","[35,36)",94477.1328125,305.201599121094,94324.53125
"non-hispanic black","all","[36,37)",94171.9296875,319.595794677734,94012.1328125
"non-hispanic black","all","[37,38)",93852.3359375,334.929412841797,93684.875
"non-hispanic black","all","[38,39)",93517.40625,350.886505126953,93341.96875
"non-hispanic black","all","[39,40)",93166.5234375,367.564056396484,92982.7421875
"non-hispanic black","all","[40,41)",92798.9609375,385.906433105469,92606.0078125
"non-hispanic black","all","[41,42)",92413.0546875,406.062042236328,92210.0234375
"non-hispanic black","all","[42,43)",92006.9921875,427.169067382812,91793.40625
"non-hispanic black","all","[43,44)",91579.8203125,449.129577636719,91355.25
"non-hispanic black","all","[44,45)",91130.6875,472.506317138672,90894.4375
"non-hispanic black","all","[45,46)",90658.1796875,498.734680175781,90408.8125
"non-hispanic black","all","[46,47)",90159.4453125,527.961547851562,89895.46875
"non-hispanic black","all","[47,48)",89631.484375,559.225646972656,89351.875
"non-hispanic black","all","[48,49)",89072.2578125,592.49609375,88776.015625
"non-hispanic black","all","[49,50)",88479.765625,628.5947265625,88165.46875
"non-hispanic black","all","[50,51)",87851.171875,666.563232421875,87517.890625
"non-hispanic black","all","[51,52)",87184.609375,709.0927734375,86830.0625
"non-hispanic black","all","[52,53)",86475.515625,759.754760742188,86095.640625
"non-hispanic black","all","[53,54)",85715.7578125,819.192077636719,85306.15625
"non-hispanic black","all","[54,55)",84896.5625,884.231384277344,84454.4453125
"non-hispanic black","all","[55,56)",84012.328125,947.445251464844,83538.609375
"non-hispanic black","all","[56,57)",83064.8828125,1009.93511962891,82559.9140625
"non-hispanic black","all","[57,58)",82054.9453125,1079.31335449219,81515.2890625
"non-hispanic black","all","[58,59)",80975.6328125,1158.51184082031,80396.375
"non-hispanic black","all","[59,60)",79817.1171875,1244.84509277344,79194.6953125
"non-hispanic black","all","[60,Inf)",78572.2734375,78572.2804870606,1525187.41442871
"non-hispanic black","female","[0,1)",1e+05,947.937622070312,99186.671875
"non-hispanic black","female","[1,2)",99052.0625,59.233455657959,99022.4453125
"non-hispanic black","female","[2,3)",98992.828125,36.4569206237793,98974.6015625
"non-hispanic black","female","[3,4)",98956.375,30.2224998474121,98941.265625
"non-hispanic black","female","[4,5)",98926.15625,19.7817420959473,98916.265625
"non-hispanic black","female","[5,6)",98906.375,21.4880027770996,98895.6328125
"non-hispanic black","female","[6,7)",98884.890625,19.1703510284424,98875.3046875
"non-hispanic black","female","[7,8)",98865.71875,17.2211303710938,98857.109375
"non-hispanic black","female","[8,9)",98848.5,15.4790992736816,98840.765625
"non-hispanic black","female","[9,10)",98833.0234375,14.0481309890747,98826
"non-hispanic black","female","[10,11)",98818.9765625,13.2960119247437,98812.328125
"non-hispanic black","female","[11,12)",98805.6796875,13.8069124221802,98798.78125
"non-hispanic black","female","[12,13)",98791.875,16.2584266662598,98783.75
"non-hispanic black","female","[13,14)",98775.6171875,21.0778999328613,98765.078125
"non-hispanic black","female","[14,15)",98754.5390625,27.8898429870605,98740.59375
"non-hispanic black","female","[15,16)",98726.6484375,35.6090469360352,98708.84375
"non-hispanic black","female","[16,17)",98691.0390625,43.779426574707,98669.1484375
"non-hispanic black","female","[17,18)",98647.2578125,52.8647499084473,98620.828125
"non-hispanic black","female","[18,19)",98594.390625,62.6291961669922,98563.078125
"non-hispanic black","female","[19,20)",98531.7578125,72.6344680786133,98495.4375
"non-hispanic black","female","[20,21)",98459.125,83.2545776367188,98417.5
"non-hispanic black","female","[21,22)",98375.8671875,93.5706405639648,98329.078125
"non-hispanic black","female","[22,23)",98282.296875,101.752868652344,98231.421875
"non-hispanic black","female","[23,24)",98180.546875,106.94792175293,98127.078125
"non-hispanic black","female","[24,25)",98073.6015625,110.101676940918,98018.546875
"non-hispanic black","female","[25,26)",97963.5,112.465805053711,97907.265625
"non-hispanic black","female","[26,27)",97851.03125,115.586235046387,97793.234375
"non-hispanic black","female","[27,28)",97735.4453125,120.232376098633,97675.328125
"non-hispanic black","female","[28,29)",97615.2109375,127.29369354248,97551.5625
"non-hispanic black","female","[29,30)",97487.9140625,136.489471435547,97419.671875
"non-hispanic black","female","[30,31)",97351.421875,147.01953125,97277.9140625
"non-hispanic black","female","[31,32)",97204.40625,157.762619018555,97125.5234375
"non-hispanic black","female","[32,33)",97046.640625,168.542434692383,96962.375
"non-hispanic black","female","[33,34)",96878.1015625,178.833953857422,96788.6875
"non-hispanic black","female","[34,35)",96699.265625,189.075942993164,96604.7265625
"non-hispanic black","female","[35,36)",96510.1875,200.125137329102,96410.125
"non-hispanic black","female","[36,37)",96310.0625,212.929962158203,96203.59375
"non-hispanic black","female","[37,38)",96097.1328125,227.611511230469,95983.328125
"non-hispanic black","female","[38,39)",95869.5234375,244.364929199219,95747.34375
"non-hispanic black","female","[39,40)",95625.15625,262.75341796875,95493.78125
"non-hispanic black","female","[40,41)",95362.40625,283.091583251953,95220.859375
"non-hispanic black","female","[41,42)",95079.3125,304.298004150391,94927.1640625
"non-hispanic black","female","[42,43)",94775.015625,324.603698730469,94612.71875
"non-hispanic black","female","[43,44)",94450.4140625,343.180145263672,94278.828125
"non-hispanic black","female","[44,45)",94107.234375,361.108337402344,93926.6796875
"non-hispanic black","female","[45,46)",93746.125,380.733215332031,93555.7578125
"non-hispanic black","female","[46,47)",93365.390625,403.245483398438,93163.765625
"non-hispanic black","female","[47,48)",92962.1484375,428.015350341797,92748.140625
"non-hispanic black","female","[48,49)",92534.1328125,455.511505126953,92306.375
"non-hispanic black","female","[49,50)",92078.625,486.206237792969,91835.5234375
"non-hispanic black","female","[50,51)",91592.421875,518.713195800781,91333.0625
"non-hispanic black","female","[51,52)",91073.7109375,554.851867675781,90796.28125
"non-hispanic black","female","[52,53)",90518.859375,597.734924316406,90219.9921875
"non-hispanic black","female","[53,54)",89921.125,647.732971191406,89597.2578125
"non-hispanic black","female","[54,55)",89273.390625,702.261169433594,88922.265625
"non-hispanic black","female","[55,56)",88571.1328125,755.972412109375,88193.1484375
"non-hispanic black","female","[56,57)",87815.1640625,809.440856933594,87410.4453125
"non-hispanic black","female","[57,58)",87005.7265625,867.856628417969,86571.796875
"non-hispanic black","female","[58,59)",86137.8671875,933.388366699219,85671.171875
"non-hispanic black","female","[59,60)",85204.4765625,1004.51080322266,84702.21875
"non-hispanic black","female","[60,Inf)",84199.96875,84199.9673461914,1794711.82324219
"non-hispanic black","male","[0,1)",1e+05,1115.98547363281,99043.6015625
"non-hispanic black","male","[1,2)",98884.015625,78.6387710571289,98844.6953125
"non-hispanic black","male","[2,3)",98805.375,46.1989974975586,98782.28125
"non-hispanic black","male","[3,4)",98759.1796875,30.2649002075195,98744.046875
"non-hispanic black","male","[4,5)",98728.9140625,24.0501747131348,98716.890625
"non-hispanic black","male","[5,6)",98704.8671875,25.6624717712402,98692.03125
"non-hispanic black","male","[6,7)",98679.203125,24.9197216033936,98666.7421875
"non-hispanic black","male","[7,8)",98654.28125,23.3241634368896,98642.625
"non-hispanic black","male","[8,9)",98630.9609375,19.7893238067627,98621.0625
"non-hispanic black","male","[9,10)",98611.171875,14.9366254806519,98603.703125
"non-hispanic black","male","[10,11)",98596.234375,11.1219081878662,98590.671875
"non-hispanic black","male","[11,12)",98585.109375,12.1185750961304,98579.046875
"non-hispanic black","male","[12,13)",98572.9921875,22.2727832794189,98561.859375
"non-hispanic black","male","[13,14)",98550.71875,44.2292213439941,98528.609375
"non-hispanic black","male","[14,15)",98506.4921875,75.4046249389648,98468.7890625
"non-hispanic black","male","[15,16)",98431.0859375,109.654899597168,98376.2578125
"non-hispanic black","male","[16,17)",98321.4296875,143.324829101562,98249.765625
"non-hispanic black","male","[17,18)",98178.1015625,177.767761230469,98089.21875
"non-hispanic black","male","[18,19)",98000.3359375,211.239181518555,97894.71875
"non-hispanic black","male","[19,20)",97789.09375,242.475494384766,97667.859375
"non-hispanic black","male","[20,21)",97546.6171875,274.573883056641,97409.328125
"non-hispanic black","male","[21,22)",97272.046875,304.077941894531,97120.0078125
"non-hispanic black","male","[22,23)",96967.96875,322.661804199219,96806.640625
"non-hispanic black","male","[23,24)",96645.3046875,327.271118164062,96481.671875
"non-hispanic black","male","[24,25)",96318.03125,322.632720947266,96156.71875
"non-hispanic black","male","[25,26)",95995.3984375,314.615112304688,95838.09375
"non-hispanic black","male","[26,27)",95680.78125,309.327697753906,95526.1171875
"non-hispanic black","male","[27,28)",95371.453125,308.851715087891,95217.03125
"non-hispanic black","male","[28,29)",95062.6015625,315.710784912109,94904.75
"non-hispanic black","male","[29,30)",94746.890625,328.476135253906,94582.65625
"non-hispanic black","male","[30,31)",94418.4140625,343.370910644531,94246.734375
"non-hispanic black","male","[31,32)",94075.046875,357.394897460938,93896.34375
"non-hispanic black","male","[32,33)",93717.6484375,371.617584228516,93531.84375
"non-hispanic black","male","[33,34)",93346.03125,384.9638671875,93153.546875
"non-hispanic black","male","[34,35)",92961.0703125,397.836853027344,92762.15625
"non-hispanic black","male","[35,36)",92563.234375,412.712158203125,92356.875
"non-hispanic black","male","[36,37)",92150.5234375,429.982604980469,91935.53125
"non-hispanic black","male","[37,38)",91720.5390625,447.024749755859,91497.03125
"non-hispanic black","male","[38,39)",91273.515625,462.826141357422,91042.1015625
"non-hispanic black","male","[39,40)",90810.6875,478.079986572266,90571.6484375
"non-hispanic black","male","[40,41)",90332.609375,494.534973144531,90085.34375
"non-hispanic black","male","[41,42)",89838.078125,513.791442871094,89581.1875
"non-hispanic black","male","[42,43)",89324.2890625,535.976318359375,89056.296875
"non-hispanic black","male","[43,44)",88788.3125,561.840698242188,88507.390625
"non-hispanic black","male","[44,45)",88226.46875,591.363952636719,87930.78125
"non-hispanic black","male","[45,46)",87635.1015625,624.944641113281,87322.625
"non-hispanic black","male","[46,47)",87010.15625,661.495239257812,86679.40625
"non-hispanic black","male","[47,48)",86348.6640625,699.61083984375,85998.859375
"non-hispanic black","male","[48,49)",85649.0546875,738.626342773438,85279.7421875
"non-hispanic black","male","[49,50)",84910.4296875,779.77490234375,84520.546875
"non-hispanic black","male","[50,51)",84130.65625,822.66015625,83719.328125
"non-hispanic black","male","[51,52)",83308,871.014099121094,82872.4921875
"non-hispanic black","male","[52,53)",82436.984375,928.935729980469,81972.515625
"non-hispanic black","male","[53,54)",81508.046875,997.452941894531,81009.3203125
"non-hispanic black","male","[54,55)",80510.59375,1072.77746582031,79974.203125
"non-hispanic black","male","[55,56)",79437.8125,1145.21350097656,78865.203125
"non-hispanic black","male","[56,57)",78292.6015625,1216.34423828125,77684.4296875
"non-hispanic black","male","[57,58)",77076.2578125,1296.35876464844,76428.078125
"non-hispanic black","male","[58,59)",75779.8984375,1388.94750976562,75085.421875
"non-hispanic black","male","[59,60)",74390.953125,1490.20861816406,73645.84375
"non-hispanic black","male","[60,Inf)",72900.7421875,72900.7362976074,1256393.02734375
"non-hispanic white","all","[0,1)",1e+05,438.146484375,99616.1796875
"non-hispanic white","all","[1,2)",99561.8515625,30.6280975341797,99546.5390625
"non-hispanic white","all","[2,3)",99531.2265625,20.7426242828369,99520.859375
"non-hispanic white","all","[3,4)",99510.484375,17.6165924072266,99501.671875
"non-hispanic white","all","[4,5)",99492.8671875,12.803035736084,99486.46875
"non-hispanic white","all","[5,6)",99480.0625,11.7343740463257,99474.1953125
"non-hispanic white","all","[6,7)",99468.328125,10.4023456573486,99463.125
"non-hispanic white","all","[7,8)",99457.921875,9.47835731506348,99453.1875
"non-hispanic white","all","[8,9)",99448.4453125,8.81210422515869,99444.0390625
"non-hispanic white","all","[9,10)",99439.6328125,8.47713661193848,99435.390625
"non-hispanic white","all","[10,11)",99431.15625,8.77734375,99426.765625
"non-hispanic white","all","[11,12)",99422.375,10.2102870941162,99417.265625
"non-hispanic white","all","[12,13)",99412.1640625,13.3390254974365,99405.5
"non-hispanic white","all","[13,14)",99398.828125,18.4506416320801,99389.6015625
"non-hispanic white","all","[14,15)",99380.375,25.1135520935059,99367.8125
"non-hispanic white","all","[15,16)",99355.2578125,32.5190620422363,99339
"non-hispanic white","all","[16,17)",99322.7421875,40.2276611328125,99302.625
"non-hispanic white","all","[17,18)",99282.515625,48.4271278381348,99258.296875
"non-hispanic white","all","[18,19)",99234.0859375,57.0020217895508,99205.5859375
"non-hispanic white","all","[19,20)",99177.0859375,65.8728485107422,99144.1484375
"non-hispanic white","all","[20,21)",99111.2109375,75.1463775634766,99073.640625
"non-hispanic white","all","[21,22)",99036.0625,84.5689926147461,98993.78125
"non-hispanic white","all","[22,23)",98951.4921875,93.6011276245117,98904.6875
"non-hispanic white","all","[23,24)",98857.890625,101.906158447266,98806.9375
"non-hispanic white","all","[24,25)",98755.984375,109.59651184082,98701.1875
"non-hispanic white","all","[25,26)",98646.390625,116.898628234863,98587.9375
"non-hispanic white","all","[26,27)",98529.4921875,124.260643005371,98467.359375
"non-hispanic white","all","[27,28)",98405.234375,131.984146118164,98339.2421875
"non-hispanic white","all","[28,29)",98273.25,140.377975463867,98203.0625
"non-hispanic white","all","[29,30)",98132.875,149.295623779297,98058.2265625
"non-hispanic white","all","[30,31)",97983.578125,158.456527709961,97904.3515625
"non-hispanic white","all","[31,32)",97825.125,167.393615722656,97741.4296875
"non-hispanic white","all","[32,33)",97657.734375,175.910522460938,97569.78125
"non-hispanic white","all","[33,34)",97481.8203125,183.792175292969,97389.921875
"non-hispanic white","all","[34,35)",97298.03125,191.255065917969,97202.40625
"non-hispanic white","all","[35,36)",97106.7734375,199.296905517578,97007.125
"non-hispanic white","all","[36,37)",96907.4765625,207.778274536133,96803.5859375
"non-hispanic white","all","[37,38)",96699.6953125,215.682846069336,96591.859375
"non-hispanic white","all","[38,39)",96484.015625,222.85173034668,96372.59375
"non-hispanic white","all","[39,40)",96261.1640625,229.978210449219,96146.171875
"non-hispanic white","all","[40,41)",96031.1875,238.427780151367,95911.96875
"non-hispanic white","all","[41,42)",95792.7578125,248.786575317383,95668.359375
"non-hispanic white","all","[42,43)",95543.96875,260.518493652344,95413.7109375
"non-hispanic white","all","[43,44)",95283.453125,273.573638916016,95146.671875
"non-hispanic white","all","[44,45)",95009.8828125,288.216278076172,94865.7734375
"non-hispanic white","all","[45,46)",94721.6640625,305.440551757812,94568.9453125
"non-hispanic white","all","[46,47)",94416.2265625,325.395843505859,94253.53125
"non-hispanic white","all","[47,48)",94090.828125,347.239379882812,93917.203125
"non-hispanic white","all","[48,49)",93743.5859375,370.787353515625,93558.1875
"non-hispanic white","all","[49,50)",93372.796875,396.503082275391,93174.546875
"non-hispanic white","all","[50,51)",92976.296875,423.506561279297,92764.546875
"non-hispanic white","all","[51,52)",92552.7890625,453.786193847656,92325.890625
"non-hispanic white","all","[52,53)",92099,489.867614746094,91854.0625
"non-hispanic white","all","[53,54)",91609.1328125,532.041381835938,91343.109375
"non-hispanic white","all","[54,55)",91077.09375,577.847900390625,90788.171875
"non-hispanic white","all","[55,56)",90499.2421875,622.640930175781,90187.921875
"non-hispanic white","all","[56,57)",89876.6015625,666.6728515625,89543.265625
"non-hispanic white","all","[57,58)",89209.9296875,714.123901367188,88852.8671875
"non-hispanic white","all","[58,59)",88495.8046875,766.597412109375,88112.5078125
"non-hispanic white","all","[59,60)",87729.2109375,822.994506835938,87317.71875
"non-hispanic white","all","[60,Inf)",86906.21875,86906.2196655274,1945339.1348877
"non-hispanic white","female","[0,1)",1e+05,400.144592285156,99650.671875
"non-hispanic white","female","[1,2)",99599.8515625,24.4252967834473,99587.640625
"non-hispanic white","female","[2,3)",99575.4296875,14.8497123718262,99568
"non-hispanic white","female","[3,4)",99560.578125,13.4963703155518,99553.828125
"non-hispanic white","female","[4,5)",99547.078125,9.3988447189331,99542.375
"non-hispanic white","female","[5,6)",99537.6796875,8.97426605224609,99533.1875
"non-hispanic white","female","[6,7)",99528.703125,8.02685070037842,99524.6875
"non-hispanic white","female","[7,8)",99520.6796875,7.36012363433838,99517
"non-hispanic white","female","[8,9)",99513.3203125,6.88059711456299,99509.875
"non-hispanic white","female","[9,10)",99506.4375,6.62090921401978,99503.125
"non-hispanic white","female","[10,11)",99499.8203125,6.74312543869019,99496.453125
"non-hispanic white","female","[11,12)",99493.078125,7.51783657073975,99489.3203125
"non-hispanic white","female","[12,13)",99485.5625,9.25280952453613,99480.9375
"non-hispanic white","female","[13,14)",99476.3125,12.103102684021,99470.265625
"non-hispanic white","female","[14,15)",99464.2109375,15.8225708007812,99456.296875
"non-hispanic white","female","[15,16)",99448.390625,20.0821323394775,99438.34375
"non-hispanic white","female","[16,17)",99428.3046875,24.523494720459,99416.046875
"non-hispanic white","female","[17,18)",99403.78125,29.0148010253906,99389.2734375
"non-hispanic white","female","[18,19)",99374.765625,33.4110298156738,99358.0625
"non-hispanic white","female","[19,20)",99341.3515625,37.821403503418,99322.4375
"non-hispanic white","female","[20,21)",99303.53125,42.4181289672852,99282.3203125
"non-hispanic white","female","[21,22)",99261.109375,47.3647384643555,99237.421875
"non-hispanic white","female","[22,23)",99213.7421875,52.6275787353516,99187.4296875
"non-hispanic white","female","[23,24)",99161.1171875,58.1754150390625,99132.03125
"non-hispanic white","female","[24,25)",99102.9453125,63.8767242431641,99071.0078125
"non-hispanic white","female","[25,26)",99039.0703125,69.6211395263672,99004.2578125
"non-hispanic white","female","[26,27)",98969.4453125,75.3647155761719,98931.765625
"non-hispanic white","female","[27,28)",98894.078125,81.1482772827148,98853.5
"non-hispanic white","female","[28,29)",98812.9296875,87.029296875,98769.4140625
"non-hispanic white","female","[29,30)",98725.8984375,93.0692825317383,98679.359375
"non-hispanic white","female","[30,31)",98632.828125,99.2023620605469,98583.2265625
"non-hispanic white","female","[31,32)",98533.625,105.494621276855,98480.875
"non-hispanic white","female","[32,33)",98428.1328125,112.138694763184,98372.0625
"non-hispanic white","female","[33,34)",98315.9921875,119.211402893066,98256.390625
"non-hispanic white","female","[34,35)",98196.78125,126.63818359375,98133.4609375
"non-hispanic white","female","[35,36)",98070.140625,134.875244140625,98002.703125
"non-hispanic white","female","[36,37)",97935.265625,143.330612182617,97863.6015625
"non-hispanic white","female","[37,38)",97791.9375,150.98014831543,97716.453125
"non-hispanic white","female","[38,39)",97640.9609375,157.482666015625,97562.21875
"non-hispanic white","female","[39,40)",97483.4765625,163.582611083984,97401.6875
"non-hispanic white","female","[40,41)",97319.890625,170.561981201172,97234.609375
"non-hispanic white","female","[41,42)",97149.328125,179.331497192383,97059.6640625
"non-hispanic white","female","[42,43)",96970,189.782165527344,96875.109375
"non-hispanic white","female","[43,44)",96780.21875,202.08381652832,96679.171875
"non-hispanic white","female","[44,45)",96578.1328125,216.118545532227,96470.078125
"non-hispanic white","female","[45,46)",96362.015625,232.350830078125,96245.84375
"non-hispanic white","female","[46,47)",96129.6640625,250.331100463867,96004.5
"non-hispanic white","female","[47,48)",95879.3359375,268.982940673828,95744.84375
"non-hispanic white","female","[48,49)",95610.3515625,287.899597167969,95466.40625
"non-hispanic white","female","[49,50)",95322.453125,307.759399414062,95168.578125
"non-hispanic white","female","[50,51)",95014.6953125,328.557006835938,94850.421875
"non-hispanic white","female","[51,52)",94686.140625,352.097045898438,94510.09375
"non-hispanic white","female","[52,53)",94334.046875,380.029663085938,94144.03125
"non-hispanic white","female","[53,54)",93954.015625,412.577911376953,93747.7265625
"non-hispanic white","female","[54,55)",93541.4375,447.917358398438,93317.484375
"non-hispanic white","female","[55,56)",93093.5234375,482.741516113281,92852.15625
"non-hispanic white","female","[56,57)",92610.78125,517.273193359375,92352.140625
"non-hispanic white","female","[57,58)",92093.5078125,554.569763183594,91816.21875
"non-hispanic white","female","[58,59)",91538.9375,595.925170898438,91240.9765625
"non-hispanic white","female","[59,60)",90943.015625,640.737243652344,90622.6484375
"non-hispanic white","female","[60,Inf)",90302.28125,90302.2769775391,2157130.79467773
"non-hispanic white","male","[0,1)",1e+05,474.326904296875,99584.015625
"non-hispanic white","male","[1,2)",99525.671875,36.3119163513184,99507.515625
"non-hispanic white","male","[2,3)",99489.359375,26.5608329772949,99476.078125
"non-hispanic white","male","[3,4)",99462.796875,21.5248489379883,99452.03125
"non-hispanic white","male","[4,5)",99441.2734375,16.117977142334,99433.21875
"non-hispanic white","male","[5,6)",99425.15625,14.3101291656494,99418
"non-hispanic white","male","[6,7)",99410.84375,12.5786724090576,99404.5546875
"non-hispanic white","male","[7,8)",99398.265625,11.4197568893433,99392.5546875
"non-hispanic white","male","[8,9)",99386.84375,10.6364469528198,99381.53125
"non-hispanic white","male","[9,10)",99376.2109375,10.3332939147949,99371.046875
"non-hispanic white","male","[10,11)",99365.875,10.92542552948,99360.4140625
"non-hispanic white","male","[11,12)",99354.953125,13.0891189575195,99348.40625
"non-hispanic white","male","[12,13)",99341.8671875,17.5870914459229,99333.078125
"non-hispanic white","male","[13,14)",99324.28125,24.8050670623779,99311.875
"non-hispanic white","male","[14,15)",99299.4765625,34.1584434509277,99282.3984375
"non-hispanic white","male","[15,16)",99265.3203125,44.422435760498,99243.109375
"non-hispanic white","male","[16,17)",99220.8984375,55.1236534118652,99193.3359375
"non-hispanic white","male","[17,18)",99165.7734375,66.7631301879883,99132.390625
"non-hispanic white","male","[18,19)",99099.0078125,79.2711334228516,99059.375
"non-hispanic white","male","[19,20)",99019.734375,92.3750762939453,98973.546875
"non-hispanic white","male","[20,21)",98927.359375,106.096862792969,98874.3125
"non-hispanic white","male","[21,22)",98821.265625,119.763389587402,98761.3828125
"non-hispanic white","male","[22,23)",98701.5,132.346145629883,98635.328125
"non-hispanic white","male","[23,24)",98569.15625,143.206176757812,98497.5546875
"non-hispanic white","male","[24,25)",98425.953125,152.704071044922,98349.6015625
"non-hispanic white","male","[25,26)",98273.25,161.391937255859,98192.5546875
"non-hispanic white","male","[26,27)",98111.859375,170.223983764648,98026.75
"non-hispanic white","male","[27,28)",97941.6328125,179.795227050781,97851.734375
"non-hispanic white","male","[28,29)",97761.8359375,190.687042236328,97666.4921875
"non-hispanic white","male","[29,30)",97571.1484375,202.542907714844,97469.875
"non-hispanic white","male","[30,31)",97368.609375,214.836029052734,97261.1875
"non-hispanic white","male","[31,32)",97153.7734375,226.537475585938,97040.5
"non-hispanic white","male","[32,33)",96927.234375,237.05989074707,96808.703125
"non-hispanic white","male","[33,34)",96690.171875,245.868927001953,96567.234375
"non-hispanic white","male","[34,35)",96444.3046875,253.462860107422,96317.578125
"non-hispanic white","male","[35,36)",96190.84375,261.413940429688,96060.140625
"non-hispanic white","male","[36,37)",95929.4296875,270.01806640625,95794.421875
"non-hispanic white","male","[37,38)",95659.4140625,278.208312988281,95520.3125
"non-hispanic white","male","[38,39)",95381.203125,285.985504150391,95238.2109375
"non-hispanic white","male","[39,40)",95095.21875,294.010009765625,94948.21875
"non-hispanic white","male","[40,41)",94801.2109375,303.753570556641,94649.3359375
"non-hispanic white","male","[41,42)",94497.4609375,315.523956298828,94339.703125
"non-hispanic white","male","[42,43)",94181.9375,328.392669677734,94017.7421875
"non-hispanic white","male","[43,44)",93853.546875,342.123382568359,93682.484375
"non-hispanic white","male","[44,45)",93511.421875,357.340148925781,93332.75
"non-hispanic white","male","[45,46)",93154.078125,375.528930664062,92966.3125
"non-hispanic white","male","[46,47)",92778.546875,397.390930175781,92579.8515625
"non-hispanic white","male","[47,48)",92381.15625,422.297302246094,92170.0078125
"non-hispanic white","male","[48,49)",91958.859375,450.264404296875,91733.7265625
"non-hispanic white","male","[49,50)",91508.59375,481.559906005859,91267.8125
"non-hispanic white","male","[50,51)",91027.03125,514.451049804688,90769.8046875
"non-hispanic white","male","[51,52)",90512.578125,551.161254882812,90237
"non-hispanic white","male","[52,53)",89961.4140625,595.147216796875,89663.84375
"non-hispanic white","male","[53,54)",89366.265625,646.826354980469,89042.8515625
"non-hispanic white","male","[54,55)",88719.4375,703.09130859375,88367.890625
"non-hispanic white","male","[55,56)",88016.34375,757.918823242188,87637.3828125
"non-hispanic white","male","[56,57)",87258.421875,811.4814453125,86852.6796875
"non-hispanic white","male","[57,58)",86446.9375,869.005920410156,86012.4375
"non-hispanic white","male","[58,59)",85577.9296875,932.339965820312,85111.7578125
"non-hispanic white","male","[59,60)",84645.5859375,999.915283203125,84145.625
"non-hispanic white","male","[60,Inf)",83645.671875,83645.667388916,1741224.54382324
